region,razon_social,rut,contacto_y_direccion,telefonos,correos,categoria,resolucion
ARICA Y PARINACOTA,CONSULTORA Y ASESORÍAS TAURUS SPA,76.382.897-2,"PUPPY ROJAS NARANJO CALLE 7 DE JUNIO 176, OFC.402, EDIFICIO LAN ARICA",323195683,puppy.rojas@consultorataurus.cl / su-yinlay@hotmail.com,SEGUNDA,402 / 19-10-2017
ARICA Y PARINACOTA,ILUSTRE MUNICIPALIDAD DE ARICA,69.010.100-9,VALESKA JOFRE MORALES CALLE BELEN N° 1693 ARICA,432380205,vivienda@municipalidadarica.cl,ÚNICA,169 / 16-04-2018
ARICA Y PARINACOTA,SIAN SPA,76.601.806-8,"ALFREDO SALINAS CALLE ARTURO PRAT 391, PISO 9, OFICINA 91, EDIFICIO EMPRESARIAL ARICA",223583636,secretaria@empresassian.cl / asalinas@empresassian.cl,PRIMERA,258 / 28-06-2018
ARICA Y PARINACOTA,GESTORA MASHOGAR LTDA,76.360.076-9,INGRID VALDEBENITO DIEGO PORTALES N° 651 ARICA,(58)2293208 937200731 940545730,ingridvn@gestoramashogar.cl,PRIMERA,217 / 22-05-2018
ARICA Y PARINACOTA,SOCIEDAD INMOBILIARIA MODOHOGAR SPA,77.171.271-1,"EVELYN CORTES VELIZ SAN MARCOS N° 438, OF.22 ARICA",956796573,modohogar.arica@gmail.com / contacto@epmodohogar.cl,TERCERA,269 / 11-09-2020
ARICA Y PARINACOTA,ILUSTRE MUNICIPALIDAD DE PUTRE,69.250.800-9,"RUBEN UBILLO RAMIREZ JOSE MIGUEL CARRERA N° 350, PUTRE ARICA",58-2572515,ruben.ubillo@imputre.cl,ÚNICA,249 / 21-08-2020
ARICA Y PARINACOTA,MARA SPA,77.247.099-1,RENE HUARACHE ROMULO PEÑA N° 1456 ARICA,58-2297878,contacto@maraarquitectos.cl,TERCERA,286 / 24-08-2021
ARICA Y PARINACOTA,INMOBILIARIA SALFA AUSTRAL LTDA,96.610.790-1,"RODRIGO GARATE CANTO 21 DE MAYO N° 150, OFF.14 EDIFICIO EMPRESARIAL ARICA",969193513 973784818 934060784,rgarate@salfaustral.cl,PRIMERA,296 / 16-08-2022
ARICA Y PARINACOTA,CONSULTORA TERRA NORTE SPA,77.593.833-1,"VALENTINA SAN MARTIN CISTERNAS CALLE 7 DE JUNIO Nº 268, PISO 3 OFF. 340 EDIFICIO MIRABLAU ARICA",988616100,consultora.terranorte@gmail.com,TERCERA,402 / 14-10-2022
ARICA Y PARINACOTA,INMOBILIARIA VIVE HOGAR SPA,76.399.104-0,"FRANCISCO CABRERA YAÑEZ / VERONICA RIOS SANTIAGO ARATA GANDOLFO Nº 4551, LOCAL 8 ARICA",978575152 934579164 959066132,fcabrera@empresasarmas.cl / vrios@empresasarmas.cl,TERCERA,470 / 16-11-2023
ARICA Y PARINACOTA,B Y F SPA,77.173.422-7,PATRICIA FUENTES SALVATIERRA SOTOMAYOR 367 ARICA,995514104 965852952,inmobiliarianorteblancospa@gmail.com,TERCERA,479 / 23-11-2023
ARICA Y PARINACOTA,GESTION INMOBILIARIA M Y R SPA,77.771.628-K,ERNESTO MORALES ROJAS CALLE 18 DE SEPTIEMBRE Nº 1854 ARICA,944660912,edmorales_06@hotmail.com,TERCERA,88 / 15-03-2024
ARICA Y PARINACOTA,CONSULTORA SOCALL SPA,77.834.342-8,"ISABEL PALLERES CABEZAS CALLE 7 DE JUNIO N° 268, PISO 4 OFCC. 430 EDIFICIO MIRABLAU ARICA",953736971,consultorasocallspa@gmail.com,TERCERA,241 / 11-07-2024
TARAPACÁ,ARQUITECTO CECILIA MALDONADO SAUNERO E.I.R.L.,77.742.609-5,CECILIA MALDONADO LOS PROMESEROS N°1912-A IQUIQUE,937869096,ep.legados@gmail.com,TERCERA,5 / 05-01-2024
TARAPACÁ,ARQUITECTO MARIANA TOLEDO RIVERA E.I.R.L.,76.861.713-9,"MARIANA TOLEDO ORELLA N°2095, OFICNA 204, EDIFICIO ORELLA IQUIQUE",981446358 950497976,mariana.toledo@consultoracreativa.cl / toledo.mariana@gmail.com,PRIMERA,239 / 07-05-2019
TARAPACÁ,ASBRAL SPA,77.914.439-9,"MIRTHA NEIRA SOTOMAYOR N°575, OFICINA 306 IQUIQUE",940055052 947894528,epasbral@gmail.com,PRIMERA,347 / 10-06-2024
TARAPACÁ,CONSTRUCCIONES CON SENTIDO SPA,76.644.201-3,"ROBERTO OLGUIEN SOTOMAYOR Nº625, OFICINA 302 IQUIQUE (57)2720040",,contacto@construyeconsentido.cl / rolguin@icsnorte.cl / ereyes@icsnorte.cl,TERCERA,272 / 04-05-2018
TARAPACÁ,CONSTRUCTORA E INMOBILIARIA ALDEBARAN LIMITADA,76.730.491-9,"MARIEL FLORES SOTOMAYOR Nº625, OFICINA 102 IQUIQUE",(57)2269056 995397479,info@sociedadaldebaran.cl / arquitecto@sociedadaldebaran.cl,TERCERA,353 / 31-05-2018
TARAPACÁ,CONSTRUCTORA SPENCER LIMITADA.,76.399.096-6,GLADYS RIVERA PASAJE SIBAYA N°2145 IQUIQUE,(57) 2795832 945867975,spencerconstrucciones@gmail.com / social.epspencer@gmail.com,TERCERA,149 / 23-02-2019
TARAPACÁ,EBCO S.A.,96.844.950-8,AYLING LEYTON SANTIAGO POLANCO N°2075 IQUIQUE,975290612,ayling.leyton@ebco.cl,TERCERA,15 / 14-01-2020
TARAPACÁ,"EGIS, GESTIÓN INMOBILIARIA SANTA FRANCISCA LIMITADA",76.042.887-6,"CLAUDIO ALEGRIA PATRICIO LYNCH N°91, OFICINA 302 IQUIQUE",572414451,calegria@epsantafrancisca.cl / cdiaz@epsantafrancisca.cl,PRIMERA,1121 / 25-11-2016
TARAPACÁ,EMPRESA DE SERVICIOS Y ASESORIAS DE GESTION INMOBILIARIA SOCIAL DOÑA ADRIANA SPA,77.451.634-4,NICOLAS ARAYA MANUEL RODRIGUEZ N°540 OFICINA 143 IQUIQUE,990981376,epdona.adriana@gmail.com / epdona.adriana.ofi@gmail.com,TERCERA,88 / 02-03-2022
TARAPACÁ,ENTIDAD PATROCINANTE JESSICA SANDOVAL QUIROGA E.I.R.L.,77.017.799-9,JESSICA SANDOVAL CALLE EDMUNDO WALLIS N°1935 IQUIQUE (57)-2765260 (57),276561 982170170,jessicasandovalq@gmail.com,TERCERA,370 / 09-07-2019
TARAPACÁ,ENTIDAD PATROCINANTE JUNTOS SPA,77.666.992-K,"FRANCISCO BEFFERMANN SIMON BOLIVAR N°202, OFICINA 507 IQUIQUE",950016684 978567502,francisco.beffermann@isiete.cl / solange.lobos@isiete.cl,PRIMERA,654 / 28-09-2023
TARAPACÁ,ENTIDAD PATROCINANTE MANUEL MEDINA E.I.R.L.,77.104.631-2,"MANUEL MADINA SOTOMAYOR Nº625, OFICINA 904 IQUIQUE",973982126 954741952 958757196,m.medina.carrasco@gmail.com / entidadpatrocinante.mym.gerencia@gmail.com / secretaria.epmym@gmail.com,TERCERA,107 / 05-03-2020
TARAPACÁ,ENTIDAD PATROCINANTE MÁS FAMILIA SPA,77.949.391-1,"DENISSE LATRILLE SOTOMAYOR N°575, OFICINA 804 IQUIQUE",968348426,denisse.latrille@mfamilia.cl / andres.guasch@mfamilia.cl / ayling.leyton@mfamilia.cl,SEGUNDA,718 / 15-11-2024
TARAPACÁ,GESTORA MASHOGAR LIMITADA.,76.360.076-9,MARCELO GATTAVARA SALVADOR ALLENDENº1694 A IQUIQUE,940545730 229862184,mariangela@gestoramashogar.cl / teresa@gestoramashogar.cl,PRIMERA,685 / 02-10-2018
TARAPACÁ,ILUSTRE MUNICIPALIDAD DE ALTO HOSPICIO,69.265.100-6,ROBERTO ESTAY RAMÓN PEREZ OPAZO 3125 ALTO HOSPICIO (57)2523000,,restay@maho.cl,ÚNICA,143 / 16-03-2023
TARAPACÁ,ILUSTRE MUNICIPALIDAD DE POZO ALMONTE,83.017.500-8,FABIOLA CAUCOTO BALMACEDA 276 POZO ALMONTE,(57)2407220 992482262,fcaucoto@gmail.com,ÚNICA,681 / 14-10-2022
TARAPACÁ,ILUSTRE MUNICIPALIDAD HUARA,69.010.200-5,MICHELLE MIRANDA VICKUÑA MAQUENA S/N HUARA (57) 2463200,,ofvivienda.imhuara@gmail.com,ÚNICA,152 / 13-04-2020
TARAPACÁ,ILUSTRE MUNICIPALIDAD IQUIQUE,69.010.300-1,"HECTOR VARELA SERRANO Nº132, EDIFICIO CONSISTORIAL, 4ª PISO. IQUIQUE (57)2514833",,vivienda@municipioiquique.cl,ÚNICA,523 / 16-06-2017
TARAPACÁ,IMAGINA TU HOGAR LIMITADA,77.410.723-1,"CAROLINA PINILLA SERRANO N°145, OFICINA 904 IQUIQUE (57)2757330",,gprieto@ecimagina.cl,TERCERA,674 / 02-12-2021
TARAPACÁ,INGENIERIA Y CONSTRUCCION ZEGARRA LIMITADA,76.310.952-6,ERICK ZEGARRA LA PAMPA Nº3706 ALTO HOSPICIO (57)2730347,,ezegarra@grupo-z.cl,TERCERA,298 / 06-08-2020
TARAPACÁ,INMOBILIARIA D&M SPA.,76.055.515-0,"STEFANIA RIVERA SOTOMAYOR Nº625, PISO 10 IQUIQUE",(57)2473014 940412684,info@dyminversiones.cl / vescalona@dyminversiones.cl / dsalvo@dyminversiones.cl,PRIMERA,1009 / 07-12-2017
TARAPACÁ,JORGE MAURICIO MANCILLA PULGAR CONSULRORA E.I.R.L.,76.769.425-3,"JORGE MANCILLA SOTOMAYOR N°625, OFICINA 1103 IQUIQUE",979674900,jorge.mancilla.p@gmail.com,PRIMERA,464 / 31-07-2024
TARAPACÁ,"JUAN CARLOS GARCÍA SERVICIOS DE ASESORÍA PROFESIONAL, TUNUPA CONSULTORES EIRL.",76.707.002-0,"JUAN CARLOS GARCÍA ARTURO PRAT Nº1085, OFICINA D-46 IQUIQUE",(57)2410192 982248016,tunupa.consultores@gmail.com / juangarq@gmail.com,TERCERA,378 / 05-05-2017
TARAPACÁ,MAS INMOBILIARIA Y CONSULTORA LIMITADA.,77.127.027-1,"GLORIA PLATERO SIMÓN BOLIVAR N°352, OFICINA 407 IQUIQUE",(57)2414357 959554230,gplaterodiaz@gmail.com,TERCERA,343 / 09-09-2020
TARAPACÁ,NEXO NORTE SPA,77.539.761-6,PAULINA FREDES PATRICIO LYNCH N°548 OFICINA 322 IQUIQUE,959112466,pauly.fredes@gmail.com,TERCERA,229 / 14-04-2023
TARAPACÁ,SOCIEDAD CONSTRUCTORA CIMENTAR LIMITADA,76.643.095-3,RODRIGO ROA PATRICIO LYNCH N°91 OFICINA 804 IQUIQUE,959554230,gplatero.cimentar@gmail.com,PRIMERA,50 / 23-02-2017
TARAPACÁ,URBANO STUDIO SPA,78.021.719-7,EMANUEL BUSTO ALTO LOS AROMOSN°4520 ALTO HOSPICIO,961206491,ebusto@urbanostudio.cl,TERCERA,726 / 20-11-2024
TARAPACÁ,SOCIEDAD PATROCINADORA SANTA BERTA LIMITADA,76.924.017-9,JOSÉ PASTEN MANUEL BULNES N°1068 IQUIQUE (57)2311891,,gestion@bvcinmobiliaria.cl / denys.quezada@gmail.com,TERCERA,421 / 02-08-2019
ANTOFAGASTA,NAHUEN INGENIEROS CONSTRUCTORES ASOCIADOS SPA.,76.638.675-K,"JUAN CARLOS CONTRERAS QUEZADA SENDERO NORTINO N°10.848, CASA 33 ANTOFAGASTA +",52 2321536 / 56 9 79890550,nahuenconstructores@gmail.com,TERCERA,1926 / 14-11-2016
ANTOFAGASTA,ILUSTRE MUNICIPALIDAD DE SAN PEDRO DE ATACAMA,69.252.500-0,MAKARENA VALENZUELA GUSTAVO LE PAIGE N°328 SAN PEDRO DE ATACAMA (55) 2569204,,vivienda@munispa.cl,ÚNICA,163 / 14-02-2017
ANTOFAGASTA,CHRISTIAN MONTERO MARTÍNEZ,10.078.234-0,"CHRISTIAN MONTERO MARTÍNEZ BAQUEDANO 239, OFICINA 420. ANTOFAGASTA",9 73792191,arquitectura_byc@yahoo.com,TERCERA,538 / 16-05-2017
ANTOFAGASTA,ILUSTRE MUNICIPALIDAD DE TALTAL,69.020.500-9,EMILIA XIMENA GONZÁLEZ COLLAO AVENIDA ARTURO PRAT N°515 TALTAL,9 74125284,xestay@municipalidadtaltal.cl,ÚNICA,633 / 12-06-2017
ANTOFAGASTA,IKONO ARQUITECTURA Y SERVICIOS E.I.R.L.,76.740.540-5,"JOSÉ LUIS LAURY GAJARDO WASHINGTON N°2675. PISO 10, OFICINA 1005. ANTOFAGASTA (55) 2940288",,ep.ikono@gmail.com,SEGUNDA,773 / 13-07-2017
ANTOFAGASTA,ÁVALOS Y IBACACHE ARQUITECTOS SOCIALES LTDA.,76.308.849-9,MIGUEL ÁVALOS OLIVARES PATRIA NUEVA N° 3416. CASA 5 ANTOFAGASTA,9 99917936,tectonicarquitectos@gmail.com,PRIMERA,903 / 08-08-2017
ANTOFAGASTA,INVERSIONES E INMOBILIARIA DEL VALLE Y MALDONADO LTDA.,76.055.515-0,"ALEJANDRA DEL CARMEN SIEDE ARAYA CALLE TENIENTE LUIS URIBE N°636, PISO 9, OFICINA 15. ANTOFAGASTA (55) 2553244",,adelvalle@dyminversiones.cl / asiede@dyminversiones.cl,PRIMERA,1152 / 24-10-2017
ANTOFAGASTA,E.I.R.L.,76.048.286-2,ANDREA NAVARRO TORO CALLE ADAMSON N°3228 ANTOFAGASTA (55) 2252433,,egis.servan@gmail.com,PRIMERA,189 / 20-03-2018
ANTOFAGASTA,ILUSTRE MUNICIPALIDAD DE CALAMA,69.020.200-K,CONNIE ESTHER FABIAN BRITO VICUÑA MACKENNA 2001 CALAMA (55) 2768037,,cfabian@municipalidadcalama.cl,ÚNICA,334 / 17-05-2018
ANTOFAGASTA,GESTORA MÁS HOGAR LTDA.,76.360.076-9,MARCELO GLEYZ FUENTES GATTA ISAAC ARCE RAMÍREZ N°251 ANTOFAGASTA,9 79603962,antofagasta@gestoramashogar.cl,PRIMERA,485 / 11-07-2018
ANTOFAGASTA,SOCIEDAD BACH CONSULTARA SPA,76.847.415-K,"CHIRSTIAN MONETERO MARTÍNEZ BAQUEDANO 239, OFICINA 420. ANTOFAGASTA",9 73792191,arquitectura_byc@yahoo.com,TERCERA,613 / 29-08-2018
ANTOFAGASTA,EME.PE.ELE. CONSTRUCTORA LTDA.,76.002.363-9,SANDY MUÑOZ POBLETE ANÍBAL PINTO 1951. SEGUNDO PISO. CALAMA,9 66970908,eagisemepeelecalama@gmail.com,TERCERA,92 / 05-02-2019
ANTOFAGASTA,ACL INGENIERÍA Y CONSTRUCCIÓN LTDA.,76.204.260-6,"CLAUDIO DE ARGANDOÑA ARAYA CALLE ARTURO PRAT N°461, OFICINA N°1105 ANTOFAGASTA",9 96794806,cargandona@grupo-acl.cl,PRIMERA,678 / 06-11-2019
ANTOFAGASTA,EBCO S.A.,96.844.950-8,VANESSA ANDREA MUÑOZ GARCÍA EDUARDO ORCHARD N°1438 ANTOFAGASTA,9 96180225,denisse@urbanismosocial.cl / vanessa.munoz@ebco.cl / leo.montes@ebco.cl,PRIMERA,679 / 06-11-2019
ANTOFAGASTA,NUEVO HOGAR S.A.,99.572.900-8,OSVALDO JOSÉ ABDALA VALENZUELA JORGE WASHINGTON N°2513 ANTOFAGASTA,9 68200760,oabdala@n-hogar.cl,PRIMERA,740 / 21-11-2019
ANTOFAGASTA,INNOVA P Y C GESTIÓN Y CONSTRUCCIÓN SPA,77.054.917-5,CYNTHIA JOHANA NÚÑEZ MUÑOZ CALLE RÍO BLANCO N°8085 ANTOFAGASTA,9 84323795,innovagyc@gmail.com,TERCERA,789 / 13-12-2019
ANTOFAGASTA,CONSTRUCTORA E INMOBILIARIA ATACAMA LA GRANDE SPA,76.746.672-2,"ALEJANDRO VÉLIZ CALLE ARTURO PRAT N°214, OFICINA N°407 ANTOFAGASTA",9 5471116,alvelizveliz@gmail.com,TERCERA,95 / 05-02-2020
ANTOFAGASTA,DEISSY ANDREA VALENCIA TORO SERVICIOS DE CONSTRUCCIÓN Y REPARACIÓN DE VIVIENDAS E.I.R.L.,77.146.142-5,"DEISSY VALENCIA TORO SOCOMPA 546 BLOCK 17B, DEPTO. 502 TOCOPILLA",9 82891138,deissyvalencia@hotmail.com / procamltda.tocopilla@gmail.com,TERCERA,508 / 02-10-2020
ANTOFAGASTA,AYLLU VIVE SPA,77.335.214-3,AYLLU VIVE SPA AVDA. BALMACEDA Nº 2536. OFICINA 301 ANTOFAGASTA,9 98733240,ximenaarestizabal@gmail.com,TERCERA,485 / 25-08-2021
ANTOFAGASTA,ENTIDAD PATROCINANTE PROYECTA LTDA.,77.571.842-0,PROYECTA LTDA. LAS GARDENIAS N°1368 ANTOFAGASTA,9 79890550,mlahaye84@gmail.com,TERCERA,217 / 30-05-2023
ANTOFAGASTA,ENTIDAD PATROCINANTE MÁS FAMILIA SPA,77.949.391-1,MÁS FAMILIA SPA EDUARDO ORCHARD N°1440 ANTOFAGASTA,56 968348462,denisse@urbanismosocial.cl,TERCERA,14 / 13-01-2025
ANTOFAGASTA,ENTIDAD ATACAMA ENTIDAD PATROCINANTE SPA,78.094.576-1,INNOVA SPA CALLE RÍO BLANCO N°8085 ANTOFAGASTA,56 9 88834750,atacamaentidadpatrocinante@gmail.com,TERCERA,226 / 29-07-2025
ANTOFAGASTA,NATALIA MARINA MUÑOZ REQUENA,14.046.313-2,NATALIA MARINA MUÑOZ REQUENA BAQUEDANO N°50. OFICINA N°709 ANTOFAGASTA,56 956391837,natalia.munozrequena@gmail.com,TERCERA,281 / 04-09-2025
ATACAMA,ILUSTRE MUNICIPALIDAD DE COPIAPO,69.030.200-4,ALEX RUDENCINDO OJEDA BRUNA COLIPI N° 760 COPIAPO,522-357921 965198244,alexojedabruna@gmail.com,ÚNICA,312 / 25-04-2017
ATACAMA,ILUSTRE MUNICIPALIDAD DE DIEGO DE ALMAGRO,69.250.500-k,LILIANA GONZALEZ JUAN MARTÍNEZ N° 1903 DIEGO DE ALMAGRO,522485318,liliana.imda@gmail.com,ÚNICA,457 / 26-09-2016
ATACAMA,ILUSTRE MUNICIPALIDAD DE FREIRINA,69.030.600-k,"HILDA HORTENCIA TORRES BARRIOS CALLE TEMPLO SIN NUMERO EDIFICIO LOS PORTALES, FREIRINA",995336965 512401300,vivienda@munifreirina.cl,ÚNICA,819 / 29-12-2016
ATACAMA,ILUSTRE MUNICIPALIDAD DE VALLENAR,69.030.500-3,EDUARDO NESTOR PERALTA FLORES PLAZA N° 25 VALLENAR VALLENAR,961755640,eduardo.peralta@vallenar.cl,ÚNICA,458 / 26-09-2016
ATACAMA,ILUSTRE MUNICIPALIDAD DE CHAÑARAL,69.030.100-8,OSCAR LEONARDO NIETO ROJAS THELMA RIVERA PANIAGUA CALLE ATACAMA N°640 CHAÑARAL,961256523 942428965,entidad.patrocinante@munichanaral.cl / oscar.nieto@munichanaral.cl,ÚNICA,312 / 07-08-2019
ATACAMA,TICSA CONSULTORA LIMITADA,76.596.820-8,LORENA CASTILLO ARAYA RODRIGUEZ N° 390 DEPARTAMENTO 403 COPIAPO,522216531 989027347,lcastillo@ticsaconsultora.com / contacto@ticsaconsultora.com,SEGUNDA,311 / 24-04-2017
ATACAMA,"CONSULTORIA, INGENIERIA Y DESARROLLO LIMITADA O CID LTDA",76.250.528-2,JULIETA ROJAS MERCED N° 466 VALLENAR,993326111,j.rojas@cidconsultores.cl,PRIMERA,422 / 08-09-2016
ATACAMA,ARQUITECTOS CANTO Y HERMOSILLA LTDA,76.291.253-8,RODRIGO CANTO OHIGGINS N° 1243 COPIAPO,522363234 982139912,epcantohermosilla@gmail.com,SEGUNDA,92 / 07-02-2017
ATACAMA,GESTION INMOBILIARIA CUMBRES DEL NORTE LTDA,76.079.461-9,FRANCY JAVIER ROJAS DIAZ CATALINA ZEPEDA CORTEZ LOS CARRERA N° 599 OF. 8 COPIAPO,932937529,gestioncumbresdelnorte@gmail.com / atacamacumbres@gmail.com,PRIMERA,223 / 04-07-2018
ATACAMA,INMOBILIARIA TU CASA - TU NORTE S.A.,76.605.109-K,"ROCIO LAGOS SUSAETA MATIAS ROVANO BUSTOS COLIPI 484, LOCAL B106, COSMOCENTRO PLAZA REAL, COPIAPO COPIAPO",975873282 944704348,rlagoss@ecomac.cl,SEGUNDA,64 / 04-03-2019
ATACAMA,DOMUSTEK SPA,77.141.785-K,LILIAN CORDOVA HERNANDEZ CALLEJON JOSE JOAQUIN VALLEJOS N° 705 COPIAPO,982944470 931377416,contacto@domustek.cl / domustekcopiapo@gmail.com / lcordova@domustek.cl,TERCERA,220 / 30-07-2020
ATACAMA,D Y M SPA,76.055.515-0,KARLA ANDREA RAMIREZ MORALES COLIPI N° 434 OF 607 TORRE FLAMENCO COPIAPO,939294161 939294162,kramirez@dyminversiones.cl,PRIMERA,35 / 12-02-2021
ATACAMA,CONSULTORA AMBIENTE ESENCIAL SPA,77.264.266-0,JAIME HIDALGO ARANGUIZ FREIRINA N° 396 CALDERA,522428674 974780458,ambienteesencial@gmail.com,TERCERA,383 / 08-10-2021
ATACAMA,EGISA CONSULTORA LTDA,76.924.160-4,PILAR EUGENIA AGUIRRE BARRAZA LOS CARRERA N° 360 COPIAPO,967295100,pilaraguirrebarraza18@gmail.com,PRIMERA,111 / 18-03-2022
ATACAMA,NUEVA VIDA SPA,77.488.077-1,"AVEL LUVELLO ROMERO CALLE RODRIGUEZ N° 771, OF I , COPIAPO COPIAPO",961774144,epcopiaponuevavidaspa@gmail.com / abel.luvello@usach.cl,TERCERA,338 / 11-08-2022
ATACAMA,I. MUNICIPALIDAD DE ALTO DEL CARMEN,69.251.900-0,YARITZA NUÑEZ CORTES RICARDO GARCES CALLE PEDRO ALONSO GARCIA S/N ALTO DEL CARMEN,512400500 975222438,oficinavivienda.imac@gmail.com / ricardo.garces@munialtodelcarmen.cl,ÚNICA,344 / 18-08-2022
ATACAMA,I. MUNICIPALIDAD DE CALDERA,69.030.300-0,CARMEN PATRICIA VERGARA LECAROS CALLE OSSAS VARAS N° 501 CALDERA. CALDERA,989547824 978585958,epmunicipal@caldera.cl / cvergara@caldera.cl,ÚNICA,471 / 25-10-2022
ATACAMA,INMOBILIARIA SALFA AUSTRAL LTDA,96.610.790-1,"CRISTOBAL VICUÑA DIAZ CALLE COLIPI N° 570, OFICINA 502, COPIAPO COPIAPO",948024949 979797636,cvicuna@salfaustral.cl / vfritz@salfaustral.cl,PRIMERA,34 / 07-02-2023
ATACAMA,MUNICIPALIDAD DE HUASCO,96.610.790-2,DANIEL ORLANDO PIZARRO MIRANDA CRAING N° 530 HUASCO,512400200,vivienda.huasco@gmail.com,ÚNICA,89 / 24-03-2023
ATACAMA,MOVA SPA,77.243.655-6,EVA MORENO BARRAZA COLIPI N° 484 LOCAL G-203 COPIAPO,920712776,movaspaatacama@gmail.com,TERCERA,297 / 21-08-2023
ATACAMA,URBANHIKZA SPA,77.871.143-5,MARIA CEPEDA GOMEZ CALLE INFANTE N° 947 OF 3 COPIAPO,961576129,mcg.urbanhikza@gmail.com,TERCERA,86 / 05-03-2025
ATACAMA,OVAL ENTIDAD PATROCINANTE LTDA,76.094.195-6,YASNA ALEJANDRA MATURANA WILDE VALLEJOS N° 535 OF 406 COPIAPO COPIAPO,953606066 975160227,ymaturana@constructoraoval.cl,PRIMERA,78 / 10-02-2026
ATACAMA,PROFESIONALES DyM LTDA,78.017.895-7,KARLA RAMIRES MORALES COLIPI 484 OF 607 TORRE FLAMENCO COPIAPO COPIAPO,988292436,adelvalle@dyminversiones.cl,PRIMERA,97 / 17-02-2026
ATACAMA,INMOBILIARIA VIVE HOGAR SPA,76.399.104-0,FRANCISCO JAVIER CABRERA YAÑEZ AV. DIEGO DE ALMAGRO N° 233 LOCAL 3 COPIAPO,930501255,fcabrera@empresasarmas.cl,PRIMERA,109 / 04-03-2026
COQUIMBO,SERVICIOS PROFESIONALES E INMOBILIARIOS JOSE FRANCISCO ROJAS ZORRILLA E.I.R.L (SOLARIS),76.314.910-2,"JOSE FRANCISCO ROJAS ZORRILLA CALLE FRANCISCO ENCINA,N°635 LA SERENA",51-2433497 999704044,jfranciscorojaszorrilla@gmail.com,TERCERA,147 / 27-02-2017
COQUIMBO,ASESORIAS DE PROYECTOS Y SERVICIOS P Y M LIMITADA,77.281.730-4,"ROXANA ARAYA SALINAS CALLE MATTA N° 309, OFICINA A, 1ER PISO, ESQUINA CALLE BRASIL. LA SERENA",51-2771358 992307584,consultorapymlaserena@hotmail.com,TERCERA,1105 / 23-12-2016
COQUIMBO,SOCIEDAD GESTION INMOBILIARIA CUMBRES DEL NORTE LIMITADA.,76.079.461-9,"FRANCY JAVIER ROJAS DIAZ CALLE COLÓN N° 352, OFICINA 423, EDIFICIO STUDIO OFFICE LA SERENA",51-2223528 932937529,gestioncumbresdelnorte@gmail.com / finanzas@cumbresdelnorte.cl,PRIMERA,188 / 14-03-2017
COQUIMBO,SOCIEDAD DE CONSULTORÍA PROFESIONAL EN OBRAS CIVILES EDUMAR LIMITADA.,76.632.860-1,"CRISTIAN NUNEZ SANTELICES CALLE DIAGUITAS,N° 701 LA SERENA",51-2229080 972134433 972124859,cristiannunezsantelices@gmail.com,PRIMERA,910 / 20-10-2016
COQUIMBO,SOCIEDAD COMERCIAL D Y A LIMITADA,76.245.256-1,"CARLA ARAYA CONTRERAS CALLE BENAVENTE 56, LOCAL 4, 1ER PISO GALERÍA SAN FRANCISCO OVALLE",53-2623405 994691960 973691230,dyalimitada@gmail.com,SEGUNDA,1104 / 23-12-2016
COQUIMBO,INGENIERIA CONTROL Y CONSULTORES LIMITADA (BRICAM),76.374.326-8,"KAREN SANTANDER BRICEÑO CALLE SAN MARTIN, N° 215, OFICINA 303 ILLAPEL",442875789,bricamconsultores@gmail.com,TERCERA,13 / 04-01-2018
COQUIMBO,CONSULTORA DIAGUITA LIMITADA,76.394.622-3,TERESITA CORTES ARANCIBIA CALLE PARQUE NACIONAL ALERCE ANDINO Nº 1538 COQUIMBO,55-2965450,cdiaguita@gmail.com,TERCERA,133 / 22-02-2017
COQUIMBO,GESTION INMOBILIARIA C y V LIMITADA,76.628.331-4,"ERLINDA VARAS QUINZACARA CALLE MAGALLANES N° 956 2DO PISO, LAS ENCINAS COQUIMBO",582322031 995692608 981203062,contacto.gestioncyv@gmail.com / alejandram.trabajosocial@gmail.com,TERCERA,1041 / 07-12-2016
COQUIMBO,SOCIEDAD CONSTRUCTORA RIO LIMARI LIMITADA.,83.728.100-8,ALEXIS CHACON MOSJOS AVENIDA VICUÑA MACKENNA N° 885 OVALLE,53-2620309 998841377,alexis.chacon@empresasriolimari.cl,TERCERA,468 / 14-06-2017
COQUIMBO,CONSULTORA E INMOBILIARIA J Y G LIMITADA,76.677.799-6,"JACQUELINE GARCIA RIVERA CALLE INDEPENDENCIA N°257, OFICINA 3 OVALLE",53-2474817 992818202,consultorajyg@gmail.com,TERCERA,338 / 02-05-2017
COQUIMBO,INMOBILIARIA TU CASA TU NORTE S.A.,76.605.109-K,ROCÍO LAGOS SUSAETA AVENIDA CUATRO ESQUINAS N°1590 LA SERENA,975873282,rlagoss@ecomac.cl,TERCERA,593 / 27-07-2017
COQUIMBO,AIC ARQUITECTURA INGENIERÍA Y CONSTRUCCIÓN SPA,76.651.166-K,"RUBEN ORREGO BUGUEÑO CALLE SAN CARLOS N° 504, ESQUINA JUAN IGNACIO FLORES COMBARBALÁ",53-2741109 985048093 971746100,consultora.aicspa@gmail.com,TERCERA,103 / 08-02-2018
COQUIMBO,ANGELICA CORTES CONSULTORES SPA,76.754.555-K,"ANGELICA CORTES ARAYA CALLE INDEPENDENCIA N°341, DEPARTAMENTO 14. ILLAPEL",53-2203110 999187603,acconsultoresspa@gmail.com,TERCERA,616 / 25-07-2018
COQUIMBO,"CONSULTORA, ASISTENCIA TECNICA Y CONSTRUCTORA HABITACIONAL LIMITADA - CREA TU HOGAR LIMITADA",76.945.694-5,CINTYA LARA MILLAS CALLE VICUÑA MACKENNA N° 370 OF. 17 GALERIA CORRAL OVALLE,53-2473383 974820717,consultoracreatuhogar@gmail.com,TERCERA,172 / 05-04-2019
COQUIMBO,SOCIEDAD INMOBILIARIA INDIC LIMITADA,76.846.477-4,"JESSICA MORGADO PIZARRO CALLE VICTORIA N° 387, OFICINA 4 OVALLE",53-2650073 935483499,gerencia@indiclimitada.cl / indic.gerencia@gmail.com,PRIMERA,153 / 01-04-2020
COQUIMBO,SOCIEDAD ENTIDAD PATROCINANTE CANELA CRECE SPA,77.056.035-7,"FRANCHESCA PAES PEREZ CALLE JUAN LARRONDO N° 690, CANELA BAJA CANELA",946260978 53- 2474986 974524844,canelacrece@gmail.com,TERCERA,261 / 24-06-2020
COQUIMBO,SOCIEDAD ENTIDAD PATROCINANTE CANELA LOS OLIVOS SPA,77.057.973-2,"VALESKA ROBLEDO SANTANDER RUTA D-71, PARCELA B-34, LOS OLIVOS FUNDO PUERTO OSCURO CANELA",946319116,abogada.epcanela@gmail.com,TERCERA,265 / 26-06-2020
COQUIMBO,GRUPO SAMAC SPA,77.061.753-7,MONICA RAMOS GARCÍA CALLE SANTIAGO N° 102 OF.204 OVALLE,921225391 965532268,subsidios.samac@gmail.com,PRIMERA,50 / 29-01-2021
COQUIMBO,GONZALEZ Y JULIO SPA - ECOPROVI SPA,77.417.916-K,CLAUDINA JULIO PIÑONES CALLE MIGUEL AGUIRRE N° 288 OFICINA 1. OVALLE,53-2629723 993695968,claudina.julio.p@gmail.com / arlyn.gonzalez.j@gmail.com,TERCERA,683 / 25-10-2021
COQUIMBO,INMOBILIARIA SALFA AUSTRAL LIMITADA,96.610.790-1,"CLAUDIA AYALA ROJAS CALLE COLÓN N° 352, OFICINA 316, EDIFICIO STUDIO OFFICE LA SERENA",942140097,cayala@salfaustral.cl,PRIMERA,822 / 29-11-2023
COQUIMBO,ENTIDAD PATROCINANTE URBANHIKZA SPA,77.871.143-5,LUIS PRADO ROJAS AV. GABRIEL GONZALEZ VIDELA N°29 LA SERENA,512296375 994435677,lprado@hikza.com / brojas.hikza@gmail.com,TERCERA,240 / 11-04-2024
COQUIMBO,EP Y CONSULTORÍAS DE ARQUITECTURA E INGENIERÍA LIMITADA (EP TRES VALLES LTDA),77.988.444-9,"JESSICA ADONES RODRIGUEZ CALLE CALETA EL TORO N°991, POBLACIÓN ANFA II. OVALLE",992478001,consultoratresvalles@gmail.com,TERCERA,960 / 24-10-2024
COQUIMBO,DS2G PROYECTA LIMITADA,77.988.288-8,SEBASTIÁN GONZÁLEZ GALLEGUILLOS CALLE ELEUTERIO RAMIREZ N°19. COQUIMBO,973020692 233654559,sebastian.gonzalez@ds2gconsultores.com,TERCERA,70 / 28-01-2025
COQUIMBO,CONSULTORA CRUZ DEL SUR SPA,78.024.534-4,DILAN CASTILLO SCIARAFFIA CALLE COMERCIO N°221 COMBARBALÁ,991264859,c.cruzdelsurspa@gmail.com,TERCERA,163 / 04-03-2025
COQUIMBO,ENTIDAD PATROCINANTE MÁS FAMILIA SPA,77.949.391-1,"DENISSE LATRILLE INOSTROZA CALLE CORDOVEZ N°672, OFICINA N°356, EDIFICIO SERENA ORIENTE. LA SERENA",51-2402580 968348426,denisse.latrille@mfamilia.cl,TERCERA,1263 / 30-12-2024
COQUIMBO,TRINOVA ARQUITECTURA Y CONSTRUCCIÓN SPA,78.166.711-0,PABLO NAVARRO CERMENATI CALLE CHACABUCO N°110 VICUÑA,989054575,trinova.spa@gmail.com,TERCERA,956 / 17-09-2025
COQUIMBO,ESTUDIO GRAP ARQUITECTOS LIMITADA,77.798.204-4,"JOEL RAMOS MUÑOZ CALLE S.S. PAPA TELESFORO ORIENTE N°3144, SECTOR LA CANTERA, VILLA TALINAY",,,,
COQUIMBO,VIGAT SPA,78.199.056-6,ORLANDO GALLARDO CALLE LIBERTAD N°738 OVALLE,997629111,epvigat@gmail.com,TERCERA,50 / 23-01-2026
COQUIMBO,CONSULTORA NUEVO HOGAR SPA,78.210.914-6,"MAURICIO LEDEZMA CALLE COLON N°352, OFICINA N°505 LA SERENA",950317256,mauryle@gmail.com,TERCERA,130 / 23-02-2026
COQUIMBO,I. MUNICIPALIDAD DE LA SERENA,69.040.100-2,CLAUDIO SANCHEZ TELLO CALLE BRASIL N° 465 LA SERENA,51-2206566,claudio.sanchez@laserena.cl / vivienda@laserena.cl,ÚNICA,20 / 11-01-2017
COQUIMBO,I. MUNICIPALIDAD DE LOS VILOS,69.041.500-3,"PATRICIA ANGELICA OLIVARES CALDERON PASAJE LOBLE N° 206, POBLACIÓN CORVI LOS VILOS",53-54353080 53- 2455960,vivienda@munilosvilos.cl,ÚNICA,1120 / 27-12-2016
COQUIMBO,I. MUNICIPALIDAD DE OVALLE,69.040.700-0,DANILO ROBERTO SEGOVIA AVENIDA ARIZTÍA PONIENTE N° 7 OVALLE,53-2661338 982502325,oficinaviviendaovalle@gmail.com / dsegovia@imovalle.cl,ÚNICA,217 / 23-03-2017
COQUIMBO,I. MUNICIPALIDAD DE MONTE PATRIA,69.040.800-7,"GRICEL DEL PILAR CARVAJAL PIZARRO CALLE DIAGUITAS, N° 31 MONTE PATRIA",53-2354400 953708542,gricelcarvajal@mpatria.cl,ÚNICA,901 / 19-10-2016
COQUIMBO,I. MUNICIPALIDAD DE RIO HURTADO,69.041.000-1,"PAULINA VEGA CAMPUSANO CALLE SIN NUMERO,SAMO ALTO RIO HURTADO",53-2691012 995401198,oficinadevivienda@riohurtado.cl,ÚNICA,857 / 03-10-2016
COQUIMBO,I. MUNICIPALIDAD DE COQUIMBO,69.040.300-5,"ERIC OSORIO EGAÑA CALLE BILBAO N° 348, 2DO PISO COQUIMBO",990475185,eosorioegana@municoquimbo.cl / vivienda@municoquimbo.cl,ÚNICA,855 / 03-10-2016
COQUIMBO,I. MUNICIPALIDAD DE ILLAPEL,69.041.200-4,IVETTE ESQUIVEL CALLE FREIRE N°103 ILLAPEL,53-2662475 53-2662476,ivette.esquivel@municipalidadillapel.cl / iesquiveljofre@gmail.com,ÚNICA,856 / 03-10-2016
COQUIMBO,I. MUNICIPALIDAD DE COMBARBALA,69.041.100-8,MARTA CARVAJAL CORTES CALLE PLAZA DE ARMAS N° 438 COMBARBALÁ,53-2655532 953345644,oficina.vivienda@combarbala.cl,ÚNICA,450 / 09-06-2017
COQUIMBO,I. MUNICIPALIDAD DE VICUÑA,69.040.500-8,"CAMILA ROBLEDO CALLE SAN MARTIN, N° 275 VICUÑA",51-2670371,oficinadevivienda@munivicuna.cl / c.robledo@munivicuna.cl,ÚNICA,504 / 23-06-2017
COQUIMBO,I. MUNICIPALIDAD DE CANELA,69.041.300-0,"NADIA GALLARDO GALLARDO CALLE LUIS INFANTE N° 520, CANELA BAJA CANELA",53- 2422491 993493601,oficina.vivienda.canela1@gmail.com / nadiaegallardo@gmail.com,ÚNICA,1111 / 26-12-2016
COQUIMBO,I. MUNICIPALIDAD DE PUNITAQUI,69.040.900-3,FRANCO LEYTON MUÑOZ CALLE CAUPOLICAN N°1147 PUNITAQUI,947591872,oficinadelavivienda@munipunitaqui.cl / f.leyton@munipunitaqui.cl,ÚNICA,667 / 18-07-2025
COQUIMBO,I. MUNICIPALIDAD DE LA HIGUERA,69.040.200-9,FELIPE QUISPE QUISPE AVENIDA LA PAZ N°2 LA HIGUERA,953338234,fquispe@munilahiguera.cl,ÚNICA,977 / 24-09-2025
VALPARAÍSO,AGENCIA INMOBILIARIA VALPARAISO LTDA.,77.796.160-8,"PAOLA FARIAS BELLAVISTA N°168, OFICINA 1303 VALPARAÍSO",(32) 2222151 994388306,info@aginva.cl,PRIMERA,937 / 03-04-2017
VALPARAÍSO,AGORA ARQUITECTOS SPA,77.520.412-5,PENÉLOPE GOUDEAU BUENOS AIRES 663 OF. N°13 VILLA ALEMANA,976446731,pegoudeau@yahoo.com,PRIMERA,562 / 28-03-2022
VALPARAÍSO,ANDES CONSULTORA LIMITADA,76.771.239-1,MARGARITA ARANEDA Z. 1 ORIENTE 625 VIÑA DEL MAR (32) 3538997,,andesconsultoresltda@gmail.com,SEGUNDA,2882 / 28-09-2017
VALPARAÍSO,ARCO INMOBILIARIA SPA,76.476.734-9,CLAUDIO PARRA PARRA INGNACIO CARRETA PINTO N°345 VILLA ALEMANA,56965017681,iarcochile@gmail.com,TERCERA,1299 / 10-10-2023
VALPARAÍSO,ARQ & PRO SPA,77.012.879-k,GONZALO LOYOLA EL BOSQUE N°86 LA CALERA,995441137,ep.arqypro@gmail.com,TERCERA,28 / 13-01-2021
VALPARAÍSO,ARQ. CONSTRUCCIÓN Y GESTIÓN INM. JOSÉ OMAR MARIANGEL ÁGUILA EIRL,76.214.081-0,JOSÉ O. MARIANGEL AGUILA FREIRE N°482 LOS ANDES (34) 2404244,,habbitaeirl@gmail.com,TERCERA,1362 / 15-05-2017
VALPARAÍSO,ARQUITECTURA SOCIAL LTDA,76.262.427-3,FELIPE CERDA MORALES CALLE CASTRO 141 VILLA ALEMANA,944285019,fcerda.arquitecturasocial@gmail.com,PRIMERA,1141 / 23-04-2018
VALPARAÍSO,ARQUITECTURA Y CONSULTORA SCAA LIMITADA,77.388.280-0,MARICELA CARDENAS CALLE DOCE N°590-C CON CON,981892265,scaa.envio12@gmail.com,SEGUNDA,1106 / 20-04-2017
VALPARAÍSO,ASESORÍA TÉCNICA Y GESTIÓN INMOBILIARIA ASVICORP LTDA.,76.030.622-3,"CECILIA MOLINA CRISTALINI CALLE URUGUAY N°385, OF 37 VALPARAISO (32) 2238500",(32) 2594152 994501517 993356343,cmolinacristallini@gmail.com,TERCERA,2739 / 12-09-2017
VALPARAÍSO,"ASESORIAS, CONSULTORIAS Y TRANSPORTES URETA SPA",77.416.452-9,JESSICA URETA CALLE LIBERTAD N°399 LA CALERA,(33) 2510238 968474144,asesoriasuretaspa@gmail.com,TERCERA,2205 / 19-11-2021
VALPARAÍSO,ASESORIAS E INGENIERIA ORIGEN SPA,76.961.875-9,"PATRICIO VALENZUELA CABO COLON N°2706, OF N°9 VALPARAISO (33) 2244526",,patricio.valenzuela@ingenieriaorigen.cl,TERCERA,946 / 10-10-2024
VALPARAÍSO,ASESORIAS DIEGO ALEJANDRO QUINTULEM ALVAREZ EIRL,76.753.938-k,DIEGO QUINTULEM ALVAREZ REYES 1105 SAN ESTEBAN,56958118500,galicia.consultora@gmail.com,TERCERA,2578 / 29-08-2017
VALPARAÍSO,ASESORIAS HABITACIONALES ROCAYU LIMITADA,76.685.022-7,"ROBERTO BUSTAMANTE ORTIZ CALLE RANCAGUA N°692, VILLA OHIGGINS LA CALERA",(33) 2244526 56942428072,asesoriasrocayultda@gmail.com,SEGUNDA,1346 / 11-05-2017
VALPARAÍSO,ASESORIAS HABITACIONALES E INMOBILIARIA IRIS SPA,77.850.154-6,PAULINA ERBA MARDONES DIEGO PORTALES N°708 OF 8 QUILPUE,927102173,consultoria.iris.spa@gmail.com,TERCERA,550 / 29-04-2025
VALPARAÍSO,ASESORIAS ORL SPA,77.892.662-8,MARLENE OCARANZA T. BUENOS AIRES N°911 VILLA ALEMANA,994534959,mocaranza@asesoriasorl.cl,TERCERA,445 / 01-07-2024
VALPARAÍSO,ASESORIAS PROFESIONALES SANHUEZA Y GAETE LTDA,77.892.056-5,CÉSAR SANHUEZA GÓMEZ CALLE 5 NORTE N°816 VIÑA DEL MAR,999381768,csanhueza@alamoep.cl,TERCERA,261 / 10-05-2024
VALPARAÍSO,ASESORÍAS TORO CAPONE COMPAÑÍA LIMITADA,76.328.290-2,"RODRIGO TORO OLIVARES RODRIGO DE TRIANA N°563, VILLA FUNDADORES PLACILLA VALPARAÍSO",(32) 2399093 95784891,caponedelrio@gmail.com,SEGUNDA,1392 / 15-05-2017
VALPARAÍSO,ASESORÍAS ARC LTDA,76.809.168-4,ALFONSO JERES RUIZ / ANGELA PLAZA ALFARO ARLEGUI 1053 / 1054 VIÑA DEL MAR,983142525 944632701,aplaza@arclimitada.cl,PRIMERA,562 / 26-02-2018
VALPARAÍSO,ASESORIAS REMA SPA,78.029.802-2,JUAN ZAMORA CHOQUE EL ARRAYAN N°152 LA LIGUA,982390861,j_zamora_c@hotmail.com,TERCERA,708 / 23-06-2025
VALPARAÍSO,ASESORIAS Y CONSULTORIAS GEA LTDA,76.977.620-6,DANIELA DONOSO AV. BENIDORM N°560 EDIF. TERRASOL DEPTO 163 TORRE B VIÑA DEL MAR (32) 2517629,,daniela@consultoragea.cl,SEGUNDA,146 / 15-01-2018
VALPARAÍSO,ASESORIAS Y GESTION VERTICE 3 LIMITADA,78.170.182-3,JONATHAN PIZARRO ASPEE JAIME NAVARRO S. CALLE MADRID 1050 CASA 14 VILLA ALEMANA,984863470,rcr@zubiaurre.org,TERCERA,1548 / 19-12-2025
VALPARAÍSO,BATTUARE SPA (ex-Parra y Fuentes),76.823.925-8,"JUAN PARRA TENGNER CALLE SANTA LUCIA N°569, CERRO LARRAIN VALPARAÍSO",987255784,psat.proyecta@gmail.com,TERCERA,1051 / 13-04-2018
VALPARAÍSO,CASA VITAL SPA,77.815.325-4,CARLOS FUENTEALBA BALMACEDA N°11 PISO 2 LLAY LLAY,996951634 997778237,s.torres@coopvitalchile.com,TERCERA,1237 / 28-11-2024
VALPARAÍSO,CLAUDIA LORNA AHUMADA LTDA.,76.557.631-8,CLAUDIA AHUMADA PASAJE LOS LIRIOS N°1726 CURAUMA VALPARAÍSO,(32) 2292316 994044657,admcahumada@gmail.com,TERCERA,3808 / 26-11-2018
VALPARAÍSO,CLAUDIA REGINA RICHARD BERMEJO GESTION Y PROYECTOS EIRL,76.448.397-9,"CLAUDIA RICHARD BERMEJO CALLE ETCHEVES N°158, OF N°206 VIÑA DEL MAR",(32) 2829466 82288288,proyectos@consultorahabitar.cl,TERCERA,1838 / 29-06-2017
VALPARAÍSO,COBARRIO SPA,77.220.692-5,"MARIA JOSÉ CARRASCO CALLE GUILLERMO MUNNICH N°203 DEPTO 405, TORRE I VALPARAÍSO",(32) 2517629 56961709374,psat.cobarrio@gmail.com,TERCERA,1463 / 18-08-2021
VALPARAÍSO,CODEH DESARROLLO HABITACIONAL SPA,76.193.766-9,RICARDO MARÍN CORREA 1 PONIENTE 123 OFICINA 401 EDIFICIO PÍEDRA AZUL VIÑA DEL MAR (32) 2687170 (32) 2687170,,info@codeh.cl,PRIMERA,2519 / 23-12-2021
VALPARAÍSO,CONSTRUCTORA E INMOBILIARIA SAN ESTEBAN LIMITADA,77.669.160-7,PATRICIO TRIVIÑO SUCO PATRICIO TRIVIÑO IBACACHE AVENIDA CHACABUCO N°599 LOS ANDES /,61700186 89009889 994514857,trivinop@cisel.cl / ptrivino@cisel.cl,SEGUNDA,4188 / 27-12-2016
VALPARAÍSO,CONSTRUCTORA INM. E INVERSIONES OVAL LIMITADA,76.048.251-k,"OSCAR VALLADARES PLAZA PRAT 865, OF 52 VALPARAISO",992948575,info@constructoraoval.cl,PRIMERA,995 / 06-04-2017
VALPARAÍSO,CONSTRUCTORA INOVAVAR SPA,78.002.184-5,CRISTIAN VARGAS MARQUEZ 9 NORTE N°555 VINA DEL MAR,978860280,cristianvargasmarquez@gmail.com / cristian@inovavar.com,TERCERA,717 / 23-06-2025
VALPARAÍSO,CONSULTORA E INVERSIONES PORVENIR SPA,77.997.665-3,"MARCELA PALMA ZAMORA CALLE BLANCO N°1623 OF. 1103, EDIFICIO MAR DEL SUR VALPARAISO",963999767,consultoraporvenirspa@gmail.com,TERCERA,1532 / 19-12-2025
VALPARAÍSO,CONSULTORA FORJANDO DIGNIDAD LTDA,76.842.995-2,LUZ ZUÑIGA ALVAREZ LIBERTADOR B. OHIGGINS N°1250 DEPTO 2 3ER P. VALPARAISO,932284850,fodiconsultores@gmail.com,TERCERA,1457 / 23-05-2018
VALPARAÍSO,CONSULTORA HABITACIONAL MONDIE LIMITADA,76.896.944-1,LORELLA DIENA LUIS ACEVEDO N°1771 QUINTERO,9975699128,contacto.mondie@gmail.com,PRIMERA,1822 / 24-06-2019
VALPARAÍSO,CONSULTORA INMOBILIARIA ALWE SPA,77.645.832-5,"MARIANELA OSSES ESTAY TORO MAZOTE N° 1132, OF 9 PISO 2 SAN FELIPE",996951634 997778237,czannier@alwe.cl / contacto@alwe.cl,TERCERA,37 / 25-01-2024
VALPARAÍSO,CONSULTORA MAS BIEN ESTAR LIMITADA,77.749.111-3,EDOARDO CÁCERES OLATE LOS MOLINOS DEL SOL N°156 VILLA ALEMANA,99770613,bmltdaconsultores@gmail.com,TERCERA,1121 / 30-08-2023
VALPARAÍSO,CONSULTORA Y PROYECTOS SANTO DOMINGO LIMITADA,76.334.870-9,MANOLA PEREZ ARZOBISPO VALDIVIESO 244 SAN ANTONIO (35) 2287256,,consultora.santodomingo@gmail.com,TERCERA,1497 / 26-05-2017
VALPARAÍSO,CONSULTORIA Y GESTION PROASVI LIMITADA,77.502.300-1,MIREYA SANCHEZ INOSTROZA ANDRES BELLO N°488 QUILPUE,987877763,proasviconsultoria@gmail.com,TERCERA,963 / 12-05-2022
VALPARAÍSO,CORDOVA CONSULTORES LTDA,76.562.764-8,SONIA CORDOVA RIVERA AV. BLANCO 1041 VALPARAÍSO,968453050,cordovaconsultores@gmail.com,TERCERA,1152 / 24-04-2018
VALPARAÍSO,CONSULTORA FORMA SPA,78.175.021-2,"ERIKA LARSEN OYARZUN CALLE BELLAVISTA 05, OF. 211 REÑACA",978087570 979991062 945561514,acas.spa.proyectos@gmail.com / mislygodoyf@gmail.com / arealegal.rpcl@gmail.com,TERCERA,1052 / 08-09-2025
VALPARAÍSO,CUMBRAL CONSULTORES LIMITADA,76.740.162-0,MARIA E. TRONCOSO PELAEZ CALLE COIMAS N°263 DEPTO N°36 SAN FELIPE,(34) 2413523 978474370,cumbralconsultores@gmail.com / cumbral@cumbral.cl,TERCERA,2262 / 02-08-2017
VALPARAÍSO,"CUMBRES DEL VALLE, GESTION Y ASESORIA LIMITADA",76.588.574-4,MARIA E. VARGAS TOCORNAL S/N PARADERO 13 SANTA MARIA SAN FELIPE,(34)2582328 995343745,mevargasdelaf@gmail.com,TERCERA,806 / 26-03-2018
VALPARAÍSO,DAPONTE LTDA.,77.401.048-3,PILAR MIRANDA CALLE INES N°378 VIÑA DEL MAR,983600308,daponte.ltda@gmail.com,TERCERA,1499 / 19-08-2021
VALPARAÍSO,DIMARA LTDA,76.576.452-1,IRMA DIAZ RIVEROS SUBIDA ECUADOR N°170 VALPARAISO (32) 2250488 o,,irmadiaz1@hotmail.com / contacto@dimara.com,TERCERA,2975 / 05-09-2016
VALPARAÍSO,DEMO ENTIDAD PATROCINANTE SPA,77.546.937-4,KAREN DIAZ LOPEZ HERMANOS MARISTAS N°1319 LOS ANDES,227259006 944407604,karen@domoconsultoras.cl,TERCERA,2798 / 15-11-2022
VALPARAÍSO,DOMUN ENTIDAD PATROCINANTE SPA,76.536.688-7,GUILLERMO MACHADO MIRET BOSQUE DE MONTEMAR N°30 CON CON,229493983,gmachado@democorp.com,PRIMERA,2413 / 30-12-2020
VALPARAÍSO,EGIS V COSTA LTDA.,76.094.916-6,FABIOLA VERA ANGAMOS N° 1678- BARRANCAS SAN ANTONIO,56443180117,cconsultora.vcosta@gmail.com,TERCERA,3765 / 25-11-2016
VALPARAÍSO,EMPRESA CONSTRUCTORA AXIAL SA,96.608.490-1,"MARCELO ASTUDILLO ALMIRANTE LATORRE N°355, C° MONJAS VALPARAISO (32) 2222435",,administracion@axial.cl,TERCERA,2977 / 05-09-2016
VALPARAÍSO,ENTIDAD DE GESTION SOCIAL VIGARO LIMITADA,77.689.938-0,DANIELA HIDALGO CORTÍNEZ / FRANCISCA CALDERÓN FLORES TAQUEADERO N°502 VALPARAISO,992727515 956111713,entidadvirago@gmail.com,TERCERA,138 / 06-03-2024
VALPARAÍSO,ENTIDAD PATROCINANTE RANCAGUA,76.404.738-9,CATALINA BASS DEL CAMPO CALLE GALLEGUILLOS N°1554 QUILPUE,56975141004 569925604133,catalina.bass@eprancagua.com,PRIMERA,1002 / 10-04-2017
VALPARAÍSO,ENTIDAD PATROCINANTE UNION LIMITADA,77.088.268-0,NICOLAS TAMAYO MARTINEZ CALLE E SMERALDA N°1293 OF 1 Y 2 QUILPUE,56233399483,ntamayo@unionep.cl,TERCERA,972 / 20-08-2025
VALPARAÍSO,ENTIDAD PATRO. HABITACIONAL VIDA URBANA VALPARAISO SPA,78.069.738-5,DAVID MURA ACEVEDO CALLE REPUBLICA N°2071 LIMACHE,442921902,c.alvarado@vidaurbana.cl,TERCERA,706 / 16-06-2025
VALPARAÍSO,EP JUNTOS SPA,77.666.992-k,"FRANCISCO BEFFERMANN LAS PELARGONIAS N°842, OFICINA 607, VIÑA DEL MAR",992782962,francisco.beffermann@isiete.cl,PRIMERA,21 / 08-01-2025
VALPARAÍSO,EPS AGENCIA HABITACIONAL LIMITADA,76.730.530-3,PATRICIA RODRIGUEZ LOS ALMENDROS 737 LA LIGUA,989068618,patriciar@nash.cl,PRIMERA,1580 / 01-09-2021
VALPARAÍSO,ENTIDAD DE GESTIÓN INMOBILIARIA SOCIAL SUSAN OLGUIN ARAYA ERIL,76.966.463-7,"SUSAN OLGUIN A. BLANCO N°1623, OFICINA #1603 VALPARAÍSO",990852645 937400062,egisconstruyefuturo@gmail.com,TERCERA,1097 / 10-04-2019
VALPARAÍSO,FSS ASESORIAS TECNICAS DE OBRAS SPA,77.647.705-2,FRANCISCO SILVA SHEUERMANN CALLE ESMERALDA N°1131 OF. 303 VALPARAISO,942579345,fss@fssato.cl,TERCERA,451 / 27-03-2025
VALPARAÍSO,FUNDACIÓN UN TECHO PARA CHILE,65.533.130-1,CARLOS WESTERMEIER CALLE 5 ORIENTE N°59 VIÑA DEL MAR,(32) 2626415 945033203,carlos.w@techo.org,PRIMERA,3805 / 14-12-2017
VALPARAÍSO,GESTIÓN INMOBILIARIA CUMBRES DEL NORTE LIMITADA,76.079.461-9,FRANCY ROJAS DIAZ REÑACA NORTE N°25 OFICINA 1412 VIÑA DEL MAR (32) 3204128,,gestioncumbresdelnorte@gmail.com,PRIMERA,1124 / 21-04-2017
VALPARAÍSO,GESTION SOCIAL PEDRO FELIPE PÉREZ BRAVO EIRL,77.100.742-2,PEDRO PEREZ BRAVO SAN RAFAEL N°638 SAN FELIPE,934165733 977254285,contacto@epsinergia.cl / pedroperezbravo@gmail.com,TERCERA,338 / 03-02-2020
VALPARAÍSO,GESTION Y PROYECTOS INMOB. BORDE SUR SPA,76.738.472-6,ESTEPHANIE BRIONES BRIONES PJE. LAS MONJAS CASA N°4 REÑACA VIÑA DEL MAR,944396869 982917651,bordesurarq@gmail.com / psatbordesur@gmail.com,SEGUNDA,205 / 25-01-2019
VALPARAÍSO,I. MUNICIPALIDAD DE ALGARROBO,69.061.600-9,VALERIA ANDREA MESA ARAYA AV. PEÑABLANCA N°250 ALGARROBO (35) 2200177,,vivienvda@municipalidadalgarrobo.cl,ÚNICA,581 / 28-04-2021
VALPARAÍSO,I. MUNICIPALIDAD DE CABILDO,69.050.200-3,ALBERTO ALIAGA DIAZ AVENIDA HUMERES 499 CABILDO (33) 2762100,,oficinavivienda@municipiocabildo.cl / mjmuza@municipiocabildo.cl,ÚNICA,2245 / 28-07-2017
VALPARAÍSO,I. MUNICIPALIDAD DE CALERA,69.060.300-4,INGRID SILVA PAREDES AV. GONZALO LIZASOAIN N°406 LA CALERA (33) 2381897 (33)2381899,,isilva@lacalera.cl / colivares@lacalera.cl,ÚNICA,1498 / 26-05-2017
VALPARAÍSO,I. MUNICIPALIDAD DE CALLE LARGA,69.051.200-9,CRISTIAN MUÑOZ VERGARA AV. CALLE LARGA N°2088 CALLE LARGA (34) 2436216,,cmunoz@municallelarga.cl,ÚNICA,705 / 19-04-2022
VALPARAÍSO,I. MUNICIPALIDAD DE CASABLANCA,69.061.400-6,RODRIGO MARTINEZ ROCA GENERAL OSCAR BONILLA N°46 CASABLANCA,(32) 2277400 323462110 985588857,rommy.escobar@e-casablanca.cl,ÚNICA,1564 / 31-05-2017
VALPARAÍSO,I. MUNICIPALIDAD DE CATEMU,69.050.900-8,RODRIGO DIAZ BRITO CALLE BORJAS GARCIA HUIDOBRO N°25 CATEMU,976769522,gfernandez_municatemu@yahoo.es,ÚNICA,854 / 04-07-2023
VALPARAÍSO,I. MUNICIPALIDAD DE EL QUISCO,69.061.700-5,PATRICIO PINTO LOPÉZ AV FRANCIA N°011 EL QUISCO,965266568,gestionhabitacional@elquisco.cl / secpla@elquisco.cl,ÚNICA,1057 / 09-08-2023
VALPARAÍSO,I. MUNICIPALIDAD DE HIJUELAS,69.060.500-7,CLAUDIA FERNANDEZ PINILLA MANUEL RODRIGUEZ N°1665 HIJUELAS (33) 2290131,,cfernandez@hijuelas.cl,ÚNICA,1722 / 20-06-2017
VALPARAÍSO,I. MUNICIPALIDAD DE JUAN FERNANDEZ,69.252.300-8,PABLO MANRIQUEZ a. CALLE VICENTE GONZALEZ N°210 JUAN FERNANDEZ,(32) 2751046 979773833,secpla@comunajuanfernandez.cl,ÚNICA,219 / 24-02-2023
VALPARAÍSO,I. MUNICIPALIDAD DE LA CRUZ,69.060.200-8,JAVIERA PIZARRO FLORES GABRIELA MISTRAL Nº3 LA CRUZ,(33) 2317576 78526477,secplanlacruz@gmail.com,ÚNICA,1535 / 30-05-2017
VALPARAÍSO,I. MUNICIPALIDAD DE LA LIGUA,69.050.100-7,PATRICIO DANIEL PALLARES VALENZUELA PORTALES N° 555 LA LIGUA,957052920,vivienda@laligua.cl,ÚNICA,3642 / 18-11-2016
VALPARAÍSO,I. MUNICIPALIDAD DE LOS ANDES,69.051.100-2,JENNY VALERIO MATUS ESMERALDA N°591 LOS ANDES (34) 2507917,,j.valerio@munilosandes.cl,ÚNICA,1565 / 31-05-2017
VALPARAÍSO,I. MUNICIPALIDAD DE OLMUÉ,69.061.200-3,JORGE JIL HERRERA CALLE PRAT N°12 OLMUÉ,994116203,epmunicipal@olmue.cl / pilarmujica@olmue.cl,ÚNICA,2644 / 11-08-2016
VALPARAÍSO,I. MUNICIPALIDAD DE PANQUEHUE,69.050.800-1,MARIA ALEJANDRA LÓPEZ SILVA CALLE TRONCAL N°1166 PANQUEHUE,(34) 2591059 7-2158406 / (34) 2597704 72158406,directorsecplac@munipanquehue.cl,ÚNICA,1403 / 18-05-2017
VALPARAÍSO,I. MUNICIPALIDAD DE PETORCA,69.050.500-2,GUSTAVO VALDENEGRO RUBILLO MANUEL MONTT N°845 PETORCA,(33) 2337865 9227143 74524239,viviendapetorca@gmail.com / vivienda@municipalidadpetorca.cl,ÚNICA,252 / 27-01-2017
VALPARAÍSO,I. MUNICIPALIDAD DE PUCHUNCAVI,69.060.800-6,ELIANA OLMOS AV. BERNARDO O HIGGINS N°70 PUCHUNCAVI (32) 2139600,,ximena.ahumada@munipuchuncavi.cl,ÚNICA,1283 / 07-05-2018
VALPARAÍSO,I. MUNICIPALIDAD DE PUTAENDO,69.050.700-5,GUILLERMO REYES SAN MARTIN N°654 PUTAENDO (34) 2501432,,manuel.gonzalez@putaendo.cl,ÚNICA,1035 / 12-04-2017
VALPARAÍSO,I. MUNICIPALIDAD DE QUILPUÉ,69.061.300-K,CATALINA MONTUPIN T AUGUSTO CAROZZI N°841 QUILPUE,(32) 2186219 994416662,ivan.cisterna@quilpue.cl,ÚNICA,353 / 28-02-2025
VALPARAÍSO,I. MUNICIPALIDAD DE QUILLOTA,69.060.100-1,ÁNGELA ARREDONDO LUKE CONCEPCIÓN 877 QUILLOTA (33) 2291219 (33) 2291220,,angela.arredondo@quillota.cl / luis.mella@quillota.cl,ÚNICA,2242 / 28-07-2017
VALPARAÍSO,I. MUNICIPALIDAD DE RINCONADA,69.051.300-5,CLAUDIA PALMA ZÁRATE AV. SAN MARTIN N°607 RINCONADA (34)2509500 (34)2509548,,magao11@hotmail.com,ÚNICA,3453 / 17-11-2017
VALPARAÍSO,I. MUNICIPALIDAD DE SAN ANTONIO,69.073.400-1,MARCELA ZAMORA TAPIA AV. BARROS LUCO N°1881 SAN ANTONIO (35) 280860,,mzamora@sanantonio.cl,ÚNICA,2462 / 17-08-2017
VALPARAÍSO,I. MUNICIPALIDAD DE SAN ESTEBAN,69.051.400-1,"LAURA GARRIDO CHAVEZ AV. 26 DICIEMBRE 654, SAN ESTEBAN (34) 2481828",,dideco@munisanesteban.cl,ÚNICA,608 / 28-02-2017
VALPARAÍSO,I. MUNICIPALIDAD DE SAN FELIPE,69.050.600-9,NOELIA FERNANDEZ ALUCH MAIPU 376 SAN FELIPE (34) 2509088 (34) 2509149,,arquitectoegis@munisanfelipe.cl,ÚNICA,2419 / 11-08-2017
VALPARAÍSO,I. MUNICIPALIDAD DE SANTA MARÍA,69.051.000-6,LUIS BASAUL CRAVIOLATTI AVDA. IRARRÁZABAL N°246 SANTA MARIA (34) 2595348 (34) 2595362 ;marybel.mancilla,,basaul@gmail.com,ÚNICA,251 / 27-01-2017
VALPARAÍSO,I. MUNICIPALIDAD DE SANTO DOMINGO,69.073.500-8,LESLIE GONZÁLEZ HEREDIA AV.SANTA TERESA DE LOS ANDES N°1 SANTO DOMINGO,939134122,oficinavivienda@santodomingo.cl,ÚNICA,250 / 07-03-2023
VALPARAÍSO,I. MUNICIPALIDAD DE VALPARAÍSO,69.060.900-2,CARLA MEYER ARANCIBIA INDEPENDENCIA 2099 VALPARAÍSO (32)2938420,,sebastian.micaly@munivalpo.cl / consuelo.fontealba@munivalpo.cl,ÚNICA,2003 / 12-07-2018
VALPARAÍSO,I. MUNICIPALIDAD DE VILLA ALEMANA,69.061.500-2,JOSE SABAT CALLE BUENOS AIRES N°850 4TO PISO VILLA ALEMANA (32) 3140117 (32) 3140185,,ccerna@villaalemana.cl,ÚNICA,2989 / 07-10-2019
VALPARAÍSO,I. MUNICIPALIDAD DE VIÑA DEL MAR,69.061.000-0,MACARENA RIPAMONTI CALLE ARLEGUI N°615 VIÑA DEL MAR 2185454,,fernandoepvina@gmail.com,ÚNICA,651 / 18-04-2022
VALPARAÍSO,I. MUNICIPALIDAD DE ZAPALLAR,69.050.400-6,CATALINA GUERRA MONTOYA GERMÁN RIESCO N°400 ZAPALLAR,(33) 7742000 9- 9395923 56997735443,vcampos@munizapallar.cl / catalina.guerra@munizapallar.cl,ÚNICA,1003 / 10-04-2017
VALPARAÍSO,I. MUNICIPALIDAD ISLA DE PASCUA,69.061.800-1,INGRID WESTERMELER TULI ATAMU TEKENA S/N HANGA ROA ISLA DE PASCUA,32-2551036,ltapia@rapanui.net,ÚNICA,2652 / 30-08-2019
VALPARAÍSO,INMOBILIARIA INNOVA HOGAR LTDA,77.124.107-7,CAROLINA BUSTAMANTE PAREDES BLANCO N°1215 OF 708 EDF. NAUTILUS VALPARAÍSO,954151628,egisinnovahogar@gmail.com,TERCERA,1296 / 22-07-2020
VALPARAÍSO,INMOBILIARIA SOCIAL MODELO LTDA.,76.149.336-1,"IVÁN POZO LOBOS ESMERALDA N°940 OF. 111, VALPARAÍSO",994736966,ivan@epmodelo.cl,PRIMERA,2384 / 10-08-2017
VALPARAÍSO,INMOBILIARIA Y CONSTRUCTORA INSOC LTDA,76.961.330-7,JOSE LUIS ELICER INMACULADA CONCEPCIÓN N° 180 LLOLLEO,35-2412200 932386961 993203419,j.elicer@insoc.cl,SEGUNDA,1190 / 25-04-2018
VALPARAÍSO,JUAN GUZMAN MORENO CONSULTORA DE VIVIENDA Y CONST. EIRL,76.393.324-5,"JUAN GUZMAN MORENO FREIRE N°128, OF. 2 SAN FELIPE",996323867 992777557,juan.guzmanmoreno@gmail.com / clapalmazarate@gmail.com,TERCERA,843 / 27-03-2017
VALPARAÍSO,KATHERINE VANESA GONZALEZ KOWAL,13.989.511-8,"KATHERINE GONZALEZ GUILLERMO LAWRENCE N° 718, VALPARAÍSO (32)2286517 (9)",98471944,contacto.kgk@gmail.com / contactosocial.kgk@gmail.com,TERCERA,3650 / 01-12-2017
VALPARAÍSO,MC GROUP LTDA,77.822.358-9,"SEBASTIÁN MORALES CARNIO LIMACHE N°3421 OF 609, EDIFICIO REITZ VIÑA DEL MAR",992955143,mcgroupltda@gmail.com,TERCERA,435 / 28-06-2024
VALPARAÍSO,MEJOR FUTURO CONSULTORES LIMITADA,76.684.929-6,YOLANDA DENEY FARRUGIA / JACQUELINE VARGAS GARAY / TANIA CORTÉS VARGAS PHILLIPS 0172 QUILPUÉ,992183327 993190482 983652242,m.futuro.consultores@mail.com,TERCERA,1241 / 04-05-2017
VALPARAÍSO,MERY ARQUITECTURA DISEÑO Y CONSTRUCCION SPA,76.366.919-K,SEBASTÍAN MERY C. 3 PONIENTE N°884-A VIÑA DEL MAR,992205349,sebastianmery@gmail.com,TERCERA,1235 / 28-11-2024
VALPARAÍSO,MINCCA SPA,77.064.748-7,FRANCISCO GONZALEZ MUÑOZ YERBAS BUENAS N°435 LOS ANDES,(34) 2204526 56965659344,contacto@mincca.cl,TERCERA,465 / 14-02-2020
VALPARAÍSO,NUEVE CERO CUATRO ARQUITECTOS LIMITADA,76.611.723-6,"DANIELA FUENTES CARO CALLE LIMACHE N°1724 OF. 1203, ED. CONTEMPORANEO VIÑA DEL MAR",(32) 2737946 942426720,contacto@9cero4.com,PRIMERA,1703 / 15-06-2017
VALPARAÍSO,ORGANIZANDO FUTURO S.A.,76.118.682-5,ALBERTO ZEREGA AV. DIEGO PORTALES 461 CASABLANCA,926393474,egisfuturo2010@gmail.com,TERCERA,1277 / 07-05-2018
VALPARAÍSO,OVAL ENTIDAD PATROCINANTE LIMITADA,76.094.195-6,OSCAR VALLADARES PLAZA ARTURO PRAT N°865 OF. 51 VALPARAISO,223430660 56953606066,ymaturana@constructoraoval.cl,PRIMERA,971 / 20-08-2025
VALPARAÍSO,PAOLA URRUTIA EIRL,76.931.385-0,PAOLA URRUTIA BLANCO 1215 OF. 501 VALPARAISO,996435724,lic.paola.urrutia@gmail.com,TERCERA,407 / 24-03-2021
VALPARAÍSO,PATRIMONIO SOCIAL SPA,77.997.665-3,MARGARITA LEIVA REÑACA NORTE N°265 OF. 510 VIÑA DEL MAR,988374374,margaraleivaarredondo@gmail.com,TERCERA,135 / 18-02-2026
VALPARAÍSO,P&B CONSULTORA E INMOBILIARIA SPA,77.549.908-7,P&B CONSULTORA INMOBILIARIA PARCELA N°39-A EL PORVENIR LLAY LLAY,952940674,pbconsultorainmobiliaria@gmail.com,TERCERA,2561 / 21-10-2022
VALPARAÍSO,PLAN PROYECTA LIMITADA,76.920.142-4,MARCELO OLIVA CASTILLO PASAJE LA PAZ N°1333 VIÑA DEL MAR,994056456 944671083,planproyecta@gmail.com,PRIMERA,918 / 15-04-2020
VALPARAÍSO,PRISAAT CONSULTORES SPA,77.287.285-2,PRISCILA SAAVEDRA / ALEXIS CORTES CALLE LOS TREBOLES N°210 CASA 53 VILLA ALEMANA,987062302,prisaat.consultores.adm@gmail.com,TERCERA,663 / 12-05-2021
VALPARAÍSO,PROVECSO SPA,76.063.820-k,"VÍCTOR NÚÑEZ ROJAS URRIOLA N°332, OFICINA 21 VALPARAÍSO",56949697699,contacto@provecso.cl,PRIMERA,1567 / 07-06-2018
VALPARAÍSO,PROYECTA 2 SPA,76.538.926-7,CLAUDIO ASTORGA BRAVO CONDELL N°1190 OF. 67 VALPARAISO,(32) 2597383 977627477,contacto@proyecta2.cl / claudioastorga@proyecta2.cl,TERCERA,1700 / 20-06-2018
VALPARAÍSO,PSAT INTEGRA SPA,76.648.633-9,JORGE IGNACIO GAMBOA SUÁREZ AV. CON CON REÑACA N°4000 OF.104 CON CON,56232451283 56 9 8742 6765 6 989721218,psat.integra@gmail.com,TERCERA,204 / 23-02-2023
VALPARAÍSO,QUEIROLO CRUCHAGA LIMITADA,76.668.501-3,FERNANDO QUEIROLO ORELLANA AVENIDA BAQUEDANO N°1430 EL TABO,56936562479 56944215965,fqueirolo@gestionql.cl / mmundigo@gestionql.cl,TERCERA,335 / 27-04-2026
VALPARAÍSO,QUINTA CORDILLERA LTDA,76.865.039-k,"DIEGO BORT BORT CALLE O HIGGINS N°335, OF 3 QUILLOTA (9)",91785441,quintacordilleraspa@gmail.com,TERCERA,2306 / 01-08-2018
VALPARAÍSO,REFUGIO TERRACOTA SPA,77.976.401-K,"MIRNA VENEGAS OLIVARES AV. UNIVERSAL N°892, CURAUMA VALPARAISO",993460323,refugioterracota@gmail.com,TERCERA,702 / 16-06-2025
VALPARAÍSO,RENACER SPA,77.619.425-5,LIDIA GUERRA AGUILERA ESMERALDA N°1124 PISO 3 OF. N°3 VALPARAÍSO,56950079593,renacer.nuevaesperanza24@gmail.com,TERCERA,2628 / 27-10-2022
VALPARAÍSO,SEREY Y OTROS ASOCIADOS LIMITADA,76.026.827-5,CRISTIAN SEREY GAGGERO PLAZA JUSTICIA N°45 OF. 402 Y 404 EDIF. INTEROCEANICA VALPARAISO,224760850 56966787040,crear@grupocrear.cl,PRIMERA,1297 / 22-07-2020
VALPARAÍSO,SERV. PROF.DE CONS. Y ASES. CARLOS CARRILLO T. LTDA.,76.021.000-5,CARLOS CARRILLO TORRES TORO MAZOTE N°1077 SAN FELIPE,342510540,administracion@ccct.cl / ccarrillo@ccct.cl,PRIMERA,1345 / 11-05-2017
VALPARAÍSO,"SERV. PROFESIONALES, ASIST.DE LA CONSTRUCCIÓN LTDA. / ASESORÍAS LANFORD LTDA.",76.588.510-8,"KARLA LANDAETA SAÁ CALLE HUITO N°565, OFICINA 6 VALPARAÍSO",(32) 2237163 9- 98123342,klanfor@gmail.com,SEGUNDA,1108 / 20-04-2017
VALPARAÍSO,SOC. CONSULTORA CUATRO EME LIMITADA,76.438.253-6,ULISES MORALES CALLE SERRANO 121 OF. 1 LA LIGUA,983170511 975392125,consultora4m@gmail.com,TERCERA,1140 / 23-04-2018
VALPARAÍSO,SOCIEDAD CONSULTORA E INMOBILIARIA MARGA MARGA SPA,77.583.076-K,"DAURA GONZALEZ MELLADO ANDRES BELLO N°488 DEPTO 3, OF. C QUILPUE administració",323614107 945714241,n@epmargamarga.cl,TERCERA,2563 / 21-10-2022
VALPARAÍSO,SOCIEDAD DE ASESORÍAS RUKA PEWMA LIMITADA,76.887.130-2,CARINA CID VIDAL BELLAVISTA N°280 VIÑA DEL MAR (32) 2219074,,rukapewma@rukapewma.cl,PRIMERA,1284 / 07-05-2018
VALPARAÍSO,SOCIEDAD DE MEJORAMIENTO DE VIVIENDA AGAL SPA,76.977.424-6,LESLIE ARANCIBIA BALMACEDA N°440 LLAY LLAY,999595208 982789323 983757465,psatagalspa@gmail.com,TERCERA,1411 / 17-05-2019
VALPARAÍSO,SOCIEDAD PROFESIONALES DE ARQUITECTURA BORDE URBANO LTDA.,76.383.592-8,MARCELO ARAYA CONDELL N° 1176 OF.72 VALPARAÍSO,56920772251,contacto@bordeurbano.cl,PRIMERA,2420 / 11-08-2017
VALPARAÍSO,SOCIEDAD DE PROFESIONALES ARQUITECTOS SOLAN SPA,77.783.755-9,JORGE SOTO MUÑOZ EUSEBIO LILLO Nº 409 OF. 214 VALPARAÍSO,932324408,sociedad.solan@gmail.com,TERCERA,945 / 10-10-2024
VALPARAÍSO,UNO A UNO SPA,78.141.374-7,PATRICIA MONSALVE LEÓN PRAT 865 EDIFICIO ARAUCANIA OF 34 VALPARAISO,933025827,soledadmonsalveleon@gmail.com,TERCERA,1300 / 18-11-2025
VALPARAÍSO,VALENTINA DAVILA URREJOLA,15.736.793-6,VALENTINA DAVILA URREJOLA AV. ECUADOR N°517 VALPARAISO,56992495192,valentinadavilaurrejola@gmail.com,TERCERA,1515 / 05-08-2020
VALPARAÍSO,VALENZUELA Y ENSEMEYER LTDA.,76.765.080-9,GERMAN VALENZUELA CALLE ESMERALDA N°637 LOS ANDES (34)2402807,,consultora@vye.cl,TERCERA,2513 / 16-08-2018
VALPARAÍSO,VALPARAISO SPA,77.077.213-3,LUIS GUERRERO SANDRA LAMILLA BLANCO N°625 OF.52 VALPARAISO,56993426644 569400702198,slamilla@valparaisospa.cl / lguerrero@valparaisospa.cl,PRIMERA,479 / 17-02-2020
VALPARAÍSO,VÍNCULO SPA,78.009.069-3,PATRICIO ESTEBAN TRIVIÑO IBACACHE AV. SANTA TERESA 1422 LOS ANDES,994514857,contacto@vinculo.cl,TERCERA,813 / 10-07-2025
METROPOLITANA,BERGER y BERGER LIMITADA/BERGER Y BERGER LTDA,77.171.220-7,PAULINA BERGER RECART ESTADO N°115 OFICINA 307 SANTIAGO,226332284 226332284 226332284,paulina@bergeryberger.cl / rodrigo@bergeryberger.cl,PRIMERA,2054 / 04-07-2018
METROPOLITANA,COOPERATIVA ABIERTA DE VIVIENDA CONAVICOOP/CONAVICOOP,70.020.030-2,ANDRES NUÑEZ ROCO LONDRES 94 SANTIAGO,600 586 5500 227140198 227140201,legal@conavicoop.cl / rbonilla@conavicoop.cl,PRIMERA,2754 / 10-09-2018
METROPOLITANA,ASESORIAS CON VIVIENDA LIMITADA/CONVIVIENDA LTDA.,96.786.070-0,CONAVICOOP LONDRES 94 SANTIAGO,227140198 998440652 227140201,scgalvez@conavicoop.cl / icano@conservicios.cl / rbonilla@conavicoop.cl,PRIMERA,2753 / 10-09-2018
METROPOLITANA,CORPORACIÓN DESARROLLO URBANO NUEVO SAN JOAQUIN,65.012.860-5,"LINA ISOLDA ZAMORANO RAMÍREZ RAMÓN SUBERCASEAUX 1268, OFICINA 407 SAN MIGUEL",224948301 976495176,nuevosanjoaquin@yahoo.com / lzamorano@cdu.cl,PRIMERA,1261 / 20-04-2018
METROPOLITANA,GESTIÓN INMOBILIARIA EL CANELO LIMITADA,76.021.386-1,"DOMINGO FERNANDO VALENZUELA DURRET AVDA. AMERICO VESPUCIO SUR N°700, PISO 1 Y 7 LAS CONDES",225054208 225054071 225054160,dvd@cbiobio.cl / dvalenzuela@cbiobio.cl / nacevedo@cbiobio.cl,PRIMERA,936 / 08-03-2018
METROPOLITANA,EME.PE.ELE. CONSTRUCTORA LIMITADA/EMEPEELE LTDA.,76.002.363-9,TOMAS CARRASCO ULLOA AV. GRECIA N° 5720 PEÑALOLÉN,222728884 952554069 958678972,mpl.egis@gmail.com / paulaormeno.urbina@gmail.com / danielarv.ts@gmail.com,TERCERA,1226 / 30-04-2019
METROPOLITANA,FUNDACIÓN DE VIVIENDAS HPH CHILE,65.553.800-3,SCARLETT LIZANA FERNANDEZ GRAL. BUSTAMANTE N°26 PISO 7 PROVIDENCIA,983833854 973384516,suzana@hphchile.cl / dlepe@hphchile.cl,PRIMERA,1631 / 29-05-2018
METROPOLITANA,FUNDACION UN TECHO PARA CHILE/UN TECHO PARA MI PAÍS,65.533.130-1,JUAN CRISTÓBAL BEYTÍA REYES AVENIDA DEPARTAMENTAL Nº 440 SAN JOAQUÍN,228387340-44 984187985 977927300,capellania@techo.org,PRIMERA,255 / 02-02-2017
METROPOLITANA,MUNICIPALIDAD DE LA FLORIDA,69.070.700-4,MARCELA JOPIA LISSETTE BRIONES AV. VICUÑA MACKENNA Nº 10.777 LA FLORIDA,225054069 225054070,mlopez@laflorida.cl / dptoviviendalaflorida@gmail.com,ÚNICA,2265 / 24-07-2018
METROPOLITANA,MUNICIPALIDAD DE LO ESPEJO,69.255.100-1,FELIPE ORTEGA NUÑEZ AVENIDA CENTRAL CARDENAL RAÚL HENRÍQUEZ N° 8321 LO ESPEJO,985085896 224856219 224856217,vivienda@loespejo.cl / fortega@loespejo.cl / alcaldia@loespejo.cl,ÚNICA,3360 / 07-12-2017
METROPOLITANA,MUNICIPALIDAD DE PEÑALOLEN,69.254.000-K,SARA CAMPOS VERONICA SOTO AVDA. GRECIA Nº 8299 PEÑALOLÉN,974301948,atencionvivienda@penalolen.cl / scampos@penalolen.cl / vsoto@penalolen.cl,ÚNICA,1632 / 29-05-2018
METROPOLITANA,MUNICIPALIDAD DE PUENTE ALTO,69.072.100-7,ISRAEL FARÍAS CALLE JOSÉ MANUEL IRRARAZAVAL Nº 185 PUENTE ALTO,227315317 227315318 227315308,marisol.ibanez@mpuentealto.cl / israel.farias@mpuentealto.cl / cristian.berrios@mpuentealto.cl,ÚNICA,2555 / 04-09-2017
METROPOLITANA,MUNICIPALIDAD DE RECOLETA,69.254.800-0,"EVELYN VALENZUELA ISABEL SALFATE AVDA. RECOLETA Nº 2774, PISO 2 RECOLETA",92070 9169 22945 7114 229457538,fjadue@recoleta.cl / evalenzuela@recoleta.cl / mosanchez@recoleta.cl,ÚNICA,1919 / 26-06-2018
METROPOLITANA,INMOBILIARIA Y CONSTRUCTORA INSOC LIMITADA/INSOC LTDA.,76.961.330-7,"JOSÉ LUIS ELICER GUTIERREZ CALLE MONEDA Nº 920, DEPTO. 202 SANTIAGO",993203419 226973887 993204409,j.elicer@insoc.cl / a.ibarra@insoc.cl / r.rojas@insoc.cl,PRIMERA,1259 / 20-04-2018
METROPOLITANA,"ORBE, RODOLFO RODRIGO TORRES MIRANDA E.I.R.L/ORBE E.I.R.L.",76.347.350-3,RODOLFO RODRIGO TORRES MIRANDA CALLE ALONSO DE CORDOVA N°2681 DEPTO. 402 VITACURA,23224 2220 23224 2221 998864396,orbeeirl@yahoo.es,TERCERA,1403 / 07-05-2018
METROPOLITANA,ASESORÍAS GESTIÓN VIVIENDA LIMITADA,76.003.928-4,"PILAR GOYCOOLEA FERRER CALLE ROMÁN DÍAZ N° 221, CASA B PROVIDENCIA",223358006 991393194 96848 3233,francisco@urbanismosocial.cl / paola@urbanismosocial.cl / pilar@urbanismosocial.cl,PRIMERA,1253 / 20-04-2018
METROPOLITANA,GESTIÓN INMOBILIARIA CASABLANCA SPA,76.017.195-6,ERIC MANUEL OYANEDER HIDALGO CALLE LAS BRISAS N° 213 LA CISTERNA,222125943 979886862,silvia.oyander@egiscasablanca.cl / p.jaracasablanca@gmail.com / ericoyaneder@gmail.com,PRIMERA,3100 / 23-10-2018
METROPOLITANA,GESTIONES Y SOLUCIONES HABITACIONALES E INMOBILIARIA LIMITADA /INMOBILIARIA SOLHABIT LTDA,76.012.162-2,PAULINA DEL ROSARIO RAMÍREZ FARÍAS CALLE SERRANO Nº 319 MELIPILLA,228311319 90237371 228326541,solhabit@hotmail.com,TERCERA,933 / 08-03-2018
METROPOLITANA,EMILE STRAUB Y COMPAÑÍA LIMITADA/STRAUB CONSULTORA LTDA.,76.614.810-7,EMILE SEBASTIÁN STRAUB BARROS DIAGONAL ORIENTE N°1.490 PROVIDENCIA,98185490 94850347,emilestraubbarros@gmail.com / straub.consultora@gmail.com / danielstraub@gmail.com,PRIMERA,2264 / 24-07-2018
METROPOLITANA,TECNOINGENIERIA SPA,77.877.320-1,"YASNA ALEJANDRA HERNÁNDEZ POBLETE GENERAL BULNES Nº 139, OFICINA N° 64 SANTIAGO",966993031 998749594 226968675,yhernandez@tecnoingenieria.cl / tecnoingenieria@tecnoingenieria.cl / vflores@tecnoingenieria.cl,PRIMERA,3255 / 07-11-2018
METROPOLITANA,CONSULTORA V Y S LIMITADA/VEYESE CONSULTORES LTDA.,76.117.600-5,"ROSSANA JIMENA VICENTELO LAY PRESIDENTE JUAN ANTONIO RIOS N°33, DEPTO. 01 SANTIAGO",226331228 226326454 99100 6510,consultoraveyese@gmail.com / rossanavicentelo@gmail.com,SEGUNDA,2756 / 10-09-2018
METROPOLITANA,ENTIDAD ORGANIZADORA Y CONSULTORA HABITACIONAL NUEVA VIVIENDA SPA/NUEVA VIVIENDA SPA,76.625.360-1,"MARCO RODRIGO PACHECO CISTERNA CALLE SAN ANTONIO N° 19, OFICINA N° 1805 SANTIAGO",22247 1100 22247 1100 22247 1100,contacto@nuevavivienda.cl,PRIMERA,1836 / 15-06-2017
METROPOLITANA,SEREY Y OTROS ASOCIADOS LIMITADA/CREAR ASOCIADOS,76.026.827-5,"ESTEBAN SEREY - OFICINA CENTRAL CALLE NUEVA YORK N° 09, OF. 1101, PISO 11 SANTIAGO",976029680 223899500 991055856,crear@grupocrear.cl / esteban.serey@grupocrear.cl,PRIMERA,2129 / 17-07-2018
METROPOLITANA,MUNICIPALIDAD DE CERRO NAVIA,69.254.200-2,CAROLINA BEROIZ LILLO CALLE DEL CONSISTORIAL N° 6645 CERRO NAVIA,942048145 222384184 99251 3107,mario.cancino@cerronavia.cl / carolina.beroiz@cerronavia.cl / consultas.vivienda@cerronavia.cl,ÚNICA,2363 / 10-08-2017
METROPOLITANA,MUNICIPALIDAD DE PEDRO AGUIRRE CERDA,69.254.900-7,MARIANA SILVA AV. PRESIDENTE SALVADOR ALLENDE N°2029 PEDRO AGUIRRE CERDA,223965074 223965040,egis.coordinadora@pedroaguirrecerda.cl / administrativovivienda@pedroaguirrecerda.cl,ÚNICA,3493 / 26-12-2017
METROPOLITANA,EPS AGENCIA HABITACIONAL LIMITADA,76.730.530-3,"CLAUDIA ALEJANDRA NASH LAVÍN CALLE SAN SEBASTIÁN Nº 2807, OF.213 LAS CONDES",229014753,cnash@nash.cl / patricia@nash.cl,PRIMERA,2357 / 10-08-2017
METROPOLITANA,CENTRO DE ORIENTACION HABITACIONAL CENOHABIT LIMITADA/CENOHABIT LIMITADA,50.278.660-1,"NICOLAS FARÍAS CHACÓN AHUMADA N°236, OFICINA 513 SANTIAGO",232243952 942510918,rpena@cenohabit.cl / contacto@cenohabit.cl,TERCERA,2914 / 05-10-2018
METROPOLITANA,PEHUÉN S.A.,76.893.260-3,"JORGE ENOC ROZAS RAMÍREZ PASEO ESTADO N° 115, OF Nº 1208. SANTIAGO",975887368,pehuen@pehuensa.cl / jrozas@pehuensa.cl / jrozas@pehuenes.cl,PRIMERA,932 / 08-03-2018
METROPOLITANA,MUNICIPALIDAD DE LA PINTANA,69.253.800-5,MILITZA VITTARI URRIBARI CALLE BALDOMERO LILLO Nº 1966 LA PINTANA,223896350 223896351,mvitali@pintana.cl / mcfuentes@pintana.cl,ÚNICA,1842 / 20-06-2018
METROPOLITANA,ZETA S.A.,96.520.170-K,"ITALO ELISEO PATRICIO NUÑEZ NUÑEZ CALLE SERRANO Nº 14, OF. 304 SANTIAGO",992344473 226335072,eduardo.nunez@zeta.cl / tatiana.baro@zeta.cl / apadilla@zeta.cl,TERCERA,2559 / 04-09-2017
METROPOLITANA,MUNICIPALIDAD DE COLINA,69.071.500-7,FERANANDA ALFARO PALOMO AVENIDA COLINA Nª 700 COLINA,227073303 227073302 227073304,Isabel.valenzuela@colina.cl / alcaldia@colina.cl,ÚNICA,1837 / 15-06-2017
METROPOLITANA,MUNICIPALIDAD DE INDEPENDENCIA,69.255.500-7,MARIA PAZ ROSS GAUNA AVENIDA INDEPENDENCIA N° 753 INDEPENDENCIA,223631050,mpross@independencia.cl / fpujado@independencia.cl,ÚNICA,2135 / 17-07-2017
METROPOLITANA,SOCIEDAD DE SERVICIOS PROFESIONALES PROYECTA ARQUITECTOS CONSULTORES LIMITADA/PROYECTA ARQUITECTOS LTDA.,76.879.530-4,"MARCO ANTONIO ROJAS CAAMAÑO AV. LARRAÍN N° 6642, OFICINA N° 005 LA REINA",968472303 222604534,egisproyecta@gmail.com,SEGUNDA,717 / 21-02-2017
METROPOLITANA,"GESTIÓN, ASESORÍA Y CONSTRUCCIÓN SPA/GACSA SPA",76.685.250-5,LUIS GONZALO PATRICIO ALEGRÍA MARTÍNEZ GENERAL FREIRE N°440 LA CISTERNA,996447849,consultor@gacsa.cl / gacsaspa@gmail.com,TERCERA,2989 / 24-10-2017
METROPOLITANA,MUNICIPALIDAD DE CURACAVI,69.073.900-3,KAREN ADASME SANTIBAÑEZ AV. AMBROSIO O`HIGGINS Nº 1305 CURACAVÍ,222992178,atencionvivienda@municipalidadcuracavi.cl / kadasme@municipalidadcuracavi.cl,ÚNICA,2852 / 13-10-2017
METROPOLITANA,CONSULTORA ROIG LIMITADA/CONSULTORA ROIG LTDA.,76.033.036-1,JESSICA IVONNE SARMIENTO ULLOA AV. FRANCISCO BILBAO Nº 656 PEÑAFLOR,228129041 94549254 985962492,consultoraroigltda@gmail.com / info@consultoraroig.cl,PRIMERA,1461 / 15-05-2017
METROPOLITANA,MUNICIPALIDAD DE MAIPU,69.070.900-7,KAREN AVALOS CORNEJO CALLE ALBERTO LLONA N° 1843/AV. CINCO DE ABRIL Nº 0260 MAIPÚ,226776077 226776799 224028477,kavalos@maipu.cl / mherrera@maipu.cl / viviendamaipu@gmail.com,ÚNICA,1648 / 31-05-2018
METROPOLITANA,RODRIGO ALEJANDRO HENRIQUEZ DIAZ,12.108.700-6,"RODRIGO ALEJANDRO HENRIQUEZ DIAZ CALLE COMPAÑÍA DE JESÚS N° 2540, OF. 101 SANTIAGO",226825253,rodhex.arq@gmail.com / rhd.psat@gmail.com,TERCERA,2554 / 04-09-2017
METROPOLITANA,MUNICIPALIDAD DE EL BOSQUE,69.255.300-4,EDUARDO URRESTARZU ROJAS JAVIERA CARRERA N°736 EL BOSQUE,228299061 228299062 228299063,magaly.canas@municipalidadelbosque.cl / nataly.figueroa@municipalidadelbosque.cl,ÚNICA,2059 / 04-07-2018
METROPOLITANA,MUNICIPALIDAD DE QUILICURA,69.071.300-4,PAULINA ALLENDE ACEVEDO GUARDIAMARINA RIQUELME Nº 489 QUILICURA,22366849 22366849 22366849,p.allende@quilicura.cl,ÚNICA,291 / 26-01-2018
METROPOLITANA,INMOBILIARIA 3L SPA,77.730.720-7,"ANDRES ALEJANDRO LOWENER MAYER￾RECHNITZ SUECIA 0155,OF 604 PROVIDENCIA",998988913,ep3l@3lsf.cl,PRIMERA,3070 / 31-10-2017
METROPOLITANA,MUNICIPALIDAD DE MACUL,69.253.700-9,"CLAUDIA MENARES VALENZUELA AV. QUILIN N° 3248, 3° PISO MACUL",228739261 228739259,cmenares@munimacul.cl / deptoviviendamacul@gmail.com / vivienda@munimacul.cl,ÚNICA,694 / 20-02-2018
METROPOLITANA,MUNICIPALIDAD DE SAN PEDRO,69.073.100-2,NICOLE SANTANDER GONZALEZ AVENIDA HERMOSILLA N° 11 SAN PEDRO (anexo 162),228405961 / 993277755,cvaldes@munisanpedro.cl / g.aracena@munisanpedro.cl,ÚNICA,880 / 02-03-2017
METROPOLITANA,XIMENA ALEJANDRA PAVEZ REVECO GESTIÓN INMOBILIARIA E.I.R.L/RODAXI GESTIÓN INMOBILIARIA E.I.R.L.,76.026.992-1,"XIMENA PAVEZ REVECO CALLE SAN JOSÉ N° 5.641, P,13. GRAN. AV. SAN MIGUEL",966569929 966569927,rodaxi.ximena.pavez@gmail.com / ximena.pavez.reveco@gmail.com,PRIMERA,3272 / 28-11-2017
METROPOLITANA,MUNICIPALIDAD DE LA REINA,69.070.600-8,ANDRES SALGADO HENRIQUEZ AV. MATEO TORO Y ZAMBRANO N°1.474 LA REINA,225927279 988629762 225927371,asalgado@mlareina.cl / infovivienda@mlareina.cl,ÚNICA,1393 / 07-05-2018
METROPOLITANA,CONSULTORA ARTURO FIABANE VASQUEZ E.I.R.L./DOMUS E.I.R.L.,76.038.603-0,"ARTURO ALEJANDRO FIABANE VÁSQUEZ CALLE SAN ANTONIO N° 31, OF. 508 SANTIAGO",226332820 988356441,info.domus.eirl@gmail.com / domus.eirl@gmail.com,TERCERA,1947 / 03-07-2017
METROPOLITANA,MUNICIPALIDAD DE MELIPILLA,69.072.900-8,TAMARA PINO WASTAVINO CALLE SILVA CHAVEZ N°480 MELIPILLA,229027301 229027296 968530971,jennifer.vasquez@munimelipilla.cl,ÚNICA,1835 / 15-06-2017
METROPOLITANA,BERTA MARGARITA VALDEVENEGRO PLAZA,6.891.712-3,BERTA MARGARITA VALDENEGRO PLAZA CALLE VALDES N°613 MELIPILLA,977088855,egis.bv@gmail.com / bvaldenegrop53@gmail.com,TERCERA,805 / 25-03-2019
METROPOLITANA,FUENTES & SHAE CONSULTORES LIMITADA/F Y S CONSULTORES LTDA.,76.028.541-2,"VANESSA LUCÍA FUENTES DE LA HOZ CALLE SERRANO N°73, OFICINA N°910 SANTIAGO",229293362,fysconsultores@gmail.com,TERCERA,3071 / 31-10-2017
METROPOLITANA,MUNICIPALIDAD DE HUECHURABA,69.255.400-0,CLAUDIO DONOSO PEZOA / VALESKA LORCA RUBILAR AV. RECOLETA N° 5315 HUECHURABA,966196906 942557443 227197266- 65,paulina.trivino@huechuraba.cl,ÚNICA,2167 / 19-07-2018
METROPOLITANA,MUNICIPALIDAD DE SAN MIGUEL,69.070.800-0,YANARA JORQUERA VERA AV. JOSÉ MIGUEL CARRERA Nº 3418 SAN MIGUEL,22678 9170 22678 9171,vivienda@sanmiguel.cl / yjorquera@sanmiguel.cl,ÚNICA,2542 / 24-08-2018
METROPOLITANA,SERVICIOS Y ASESORÍAS DESARROLLA SPA/DESARROLLA SPA,76.043.495-7,"JAIME MARAMBIO LABRADOR PASEO BULNES 79, OF. 60 SANTIAGO",942077402 931943371,proyectos@desarrolla.cl / dest.iden@gmail.com / administracion@desarrolla.cl,PRIMERA,2930 / 20-10-2017
METROPOLITANA,INMOBILIARIA ASISTENCIA TÉCNICA Y GESTOR HABITACIONAL MILLALEMU SOCIEDAD ANÓNIMA/MILLALEMU S.A.,76.936.840-K,ROXANA SCARLETT KAM-CHING BARRIOS AVDA. VIEL N° 1556 SANTIAGO,22544 1140 967283389 954214248,roxanakamchings@gmail.com,PRIMERA,3492 / 26-12-2017
METROPOLITANA,ENTIDAD DE GESTIÓN INMOBILIARIA SOCIAL CHILE SPA/EGIS CHILE SPA,76.048.179-3,"SERGIO ANTONIO TORO GÓMEZ PASEO HUÉRFANOS Nº 1160, OF. N° 714 SANTIAGO",226710078 997007942,iva.cony31@gmail.com / marycerpa@egischile.cl,TERCERA,2668 / 26-09-2017
METROPOLITANA,SOLEDAD DEL CARMEN ARAOS GARNICA CONSULTORA SOCIAL E.I.R.L./SOCIEDAD CONSULTORA SOCIAL S.C.S. E.I.R.L.,76.049.715-0,"SOLEDAD DEL CARMEN ARAOS GARNICA GRAN AV. JOSE MIGUEL CARRERA Nº 6560, CARACOL LO OVALLE, LOCAL N° 83 LA CISTERNA",228807735 993451820 224016338,tecnico.scs.eirl@gmail.com / scs.eirl@gmail.com / scr.eirl.2@gmail.com,PRIMERA,1242 / 19-04-2018
METROPOLITANA,MUNICIPALIDAD DE BUIN,69.072.500-2,RODRIGO PEREZ LEYTON/JEANETTE ANTINAO CALLE BALMACEDA N°305 BUIN,228219272 95404 9054,yantinao@buin.cl / rperez@buin.cl / maraya@buin.cl,ÚNICA,2764 / 28-11-2019
METROPOLITANA,MUNICIPALIDAD DE ÑUÑOA,69.070.500-1,EVELYN SALGADO AVENIDA IRARRAZAVAL Nº 2434 ÑUÑOA,233222068 233222063 233222069,vivienda@nunoa.cl / asarmiento@nunoa.cl,ÚNICA,2558 / 04-09-2017
METROPOLITANA,CONSTRUCTORA INMOBILIARIA E INVERSIONES OVAL LIMITADA /CONSTRUCTORA OVAL LTDA,76.048.251-K,OSCAR RODRIGO VALLADARES PLAZA AV. PRESIDENTE RIESCO N° 3316 LAS CONDES,931992358,gguajardo@constructoraoval.cl,PRIMERA,2248 / 31-07-2017
METROPOLITANA,VERDE - AZUL ARQUITECTOS ASOCIADOS LIMITADA/VERDE-AZUL LTDA,76.054.935-5,"FELIPE IGNACIO ARAYA ALLENDE CALLE MARÍN Nº 0114, OF. 201 PROVIDENCIA .",229849950,contacto@verdeazul.cl / c.barreau@verdeazul.cl,PRIMERA,1844 / 20-06-2018
METROPOLITANA,ASESORIAS Y CONSULTORIAS GEA LIMITADA/GEA CONSULTORES,76.977.620-6,DANIELA DONOSO GRUNBERG ELIODORO YAÑEZ N° 2979 OF 710 PROVIDENCIA,222324245 990893408,info@consultoragea.cl / daniela@consultoragea.cl,PRIMERA,2851 / 13-10-2017
METROPOLITANA,MUNICIPALIDAD DE LA GRANJA,69.072.400-6,"LESLIE ZARATE MEZA AV. AMERICO VESPUCIO N° 002, ENTRADA POR CALLE EL CONSISTORIAL LA GRANJA",225503759 38313829,lzarate.social@gmail.com / viviendalagranja@gmail.com,ÚNICA,2247 / 31-07-2017
METROPOLITANA,ARQUITECTURA Y CONSTRUCCIÓN ALEGRIA OYARZÚN LTDA./EGIS ALEGRIA LTDA,76.064.031-K,FERNANDO OYARZUN VILLA CALLE ALHUE N°39 MAIPU,228480169 998747007 9657720259,egis.alegria@gmail.com,PRIMERA,1857 / 20-06-2018
METROPOLITANA,MUNICIPALIDAD DE LO BARNECHEA,69.255.200-8,PAULINA LIZAMA YAÑEZ RAUL LABBE N°13.989 LO BARNECHEA,227573110 227573230,plizama@lobarnechea.cl,ÚNICA,3494 / 26-12-2017
METROPOLITANA,MUNICIPALIDAD DE ESTACION CENTRAL,69.254.300-9,"PAMELA CATALÁN CARES PASAJE LAS AZUCENAS Nº 316, CON AV. 5 DE ABRIL (EN DEPTO. DESARROLLO SOCIAL) ESTACIÓN CENTRAL",991421226,rodrigomarin@ecentral.cl,ÚNICA,2166 / 19-07-2018
METROPOLITANA,"GESTIÓN Y PROYECTOS INMOBILIARIOS, IVÁN GARAY ACUÑA E.I.R.L./GESTION Y PROYECTOS E.I.R.L",76.131.089-5,"IVÁN ANTONIO GARAY ACUÑA CALLE HÉCTOR BOCARDO N° 1827, DEPTO D INDEPENDENCIA",227379186,contacto@gypinmobiliarios.cl / igaray@gypinmobiliarios.cl,SEGUNDA,2134 / 17-07-2017
METROPOLITANA,CONSULTORA HABITACIONAL D Y N SPA/D Y N SPA,76.138.603-4,SOLANGE VILLALOBOS LISTZ N°2925 SAN JOAQUIN,222297548 974545184,dynconsultorahabitacional@gmail.com,PRIMERA,2133 / 17-07-2017
METROPOLITANA,ORGANIZANDO FUTURO SOCIEDAD ANÓNIMA/EGIS FUTURO S.A.,76.118.682-5,ALBERTO ZEREGA CAROLINA ZEREGA GRAL. CAROL URZÚA N°6969 LAS CONDES,994795681,egisfuturo@egisfuturo.cl / egisfuturo2010@gmail.com,TERCERA,1392 / 07-05-2018
METROPOLITANA,DISEÑO ARQUITECTURA SOCIAL INGENIERÍA Y ESTUDIO CONSULTORES LIMITADA/CONSULTORA D.A.S.I.E. LTDA.,76.146.502-3,"JUAN ALONSO DELGADO ESCÁRATE PASEO HUÉRFANOS N° 886, OFICINA N° 616 SANTIAGO",233774799 92007 8319,consultora.dasie@gmail.com,PRIMERA,1518 / 18-05-2018
METROPOLITANA,PROYECTA3 SERVICIOS HABITACIONALES LIMITADA/PROYECTA3 HABITACIONAL LIMITADA,76.179.464-7,"MARÍA LORETO BARRALES FERNÁNDEZ CALLE SERRANO Nº 74, OFICINA N° 401 SANTIAGO",939302330 939302328 939302329,lbarrales@proyecta3.cl / jmunozw@proyecta3.cl,PRIMERA,2168 / 19-07-2018
METROPOLITANA,INMOBILIARIA Y CONSULTORA URBANO LIMITADA/SOCIAL Y URBANO LTDA,76.151.838-0,"KAREN ELENA NAVARRETE BERRÍOS PASAJE SANTA FLORENTINA N° 0637, VILLA SANTA FELICIA (SE INGRESA POR AV. CONCHA Y TORO, A LA IZQUIERDA POR CALLE MAESTRO PALOMO, A LA IZQUIERDA POR CALLE SANTA FRIDA) PUENTE ALTO",222657214 994871927 93303 6839,contacto@socialurbano.org / socialurbano@gmail.com,SEGUNDA,2757 / 10-09-2018
METROPOLITANA,ASESORIAS Y GESTION INMOBILIARIA MCS SOCIEDAD DE RESPONSABILIDAD LIMITADA/ MCS LTDA.,76.187.381-4,ANDRÉS CRISTOBAL VELOSO SÁNCHEZ BOMBERO OSSA N°1010 OF 720 SANTIAGO,998466971 226965961,egis.mcs@gmail.com / msanchezvergara@gmail.com,PRIMERA,312 / 08-02-2019
METROPOLITANA,OVAL ENTIDAD PATROCINANTE LIMITADA,76.094.195-6,CAROLINA ANDREA MACAN MARABOLI AV. PRESIDENTE KENNEDY N°5682 VITACURA anexo,223430660 / 1046 9319922358,ggajardo@constructoraoval.cl / ymaturana@constructoraoval.cl / contacto@constructoraoval.cl,PRIMERA,1101 / 20-03-2018
METROPOLITANA,INMOBILIARIA CONCRECASA DOS LIMITADA/CONCRECASA DOS LTDA,76.161.811-3,LORENA URRUTIA AV. NUEVA COSTANERA Nº 4229 OF. 305. VITACURA,222419222 991894503,jpavez@concrecasa.cl / lurrutia@concrecasa.cl,PRIMERA,1630 / 29-05-2018
METROPOLITANA,DOSG ASESORÍA EN CONSTRUCCIÓN LIMITADA,76.121.026-2,NATALIA CAROLINA GONZÁLEZ GONZÁLEZ CALLE JOSÉ MANUEL VELIZ Nº 236 MARÍA PINTO,228354048 983793120 976704284,dosgvivienda@gmail.com,TERCERA,890 / 03-03-2017
METROPOLITANA,ENTIDAD DE GESTIÓN INMOBILIARIA SOCIAL LIMITADA /ASISTEC NOVA LTDA,76.161.424-K,"CAROLINA ANGÉLICA COLIPUE ARELLANO CALLE SERRANO N° 74, OF. 301 SANTIAGO",226328830,carolina.colipue@asistecnova.cl / mariapaz.avalos@asistecnova.cl,PRIMERA,2361 / 10-08-2017
METROPOLITANA,CONSULTORA NÚCLEO SOCIAL LIMITADA,76.246.733-K,RENE MIRANDA BARRALES CALLE SERRANO N°73 OFICINA 710 SANTIAGO,993096989 966004822,rmiranda@nucleosocial.cl / mrodriguez@nucleosocial.cl,SEGUNDA,1244 / 19-04-2018
METROPOLITANA,GESTIÓN Y PROYECTOS INMOBILIARIOS RUCALHUE LIMITADA,76.270.853-1,GONZALO ANDRÉS CARRASCO GARCÍA CALLE ISLANDIA N°871 SAN MIGUEL,957155835 944396872 999059128,rucalhueltda@gmail.com,PRIMERA,2359 / 10-08-2017
METROPOLITANA,MUNICIPALIDAD DE EL MONTE,69.073.000-6,JENNIFER TOLOZA CASTILLO CALLE BENAVENTE Nº 195 EL MONTE,25609760 956601946,jtoloza@munielmonte.cl / jibarra@munielmonte.cl,ÚNICA,1323 / 30-04-2018
METROPOLITANA,INMOBILIARIA Y GESTORA DE PROYECTOS SOCIALES INMOBILIARIA FUTURO SPA/INMOBILIARIA Y GESTORA DE PROYECTOS SOCIALES INMOBILIARIA FUTURO,76.327.322-9,RODRIGO VALLADARES MARCHANT HUÉRFANOS N°779 OFICINA 705 SANTIAGO,232822050,inmobiliaria.social.chile@hotmail.com,TERCERA,2755 / 10-09-2018
METROPOLITANA,2P ARQUITECTOS LIMITADA,76.204.505-2,PATRICIO ARRIAGADA Y PABLO FERNÁNDEZ CALLE SAN IGNACIO N° 1265 SANTIAGO,225441600,2p.arquitectos@gmail.com / 2p.parriagada@gmail.com / 2p.pfernandez@gmail.com,PRIMERA,1052 / 24-03-2017
METROPOLITANA,ARQUITECTURA SUSANA PIMENTEL E.I.R.L./ABITARE E.I.R.L,76.299.671-5,"SUSANA MONICA PIMENTEL BOUILLON CALLE GRAJALES N° 2590, DEPTO N° 802 (ESQ. ABATE MOLINA) SANTIAGO",224099554 988289970 98623 5589,psatsusanapimentel@gmail.com / cesar.lillo@gmail.com,TERCERA,3044 / 06-10-2017
METROPOLITANA,CONSTRUCTORA Y ESTUDIOS SOCIALES GANESA LIMITADA/GANESA LIMITADA,76.270.803-5,"JOSE DIONISIO GAJARDO NEGRETE PASEO AHUMADA N°312, OFICINA 919 SANTIAGO",956173395 990900167,oficina.ganesa@gmail.com / helea.gasa@ug.uchile.cl / libiabcontreras@gmail.com,TERCERA,1254 / 20-04-2018
METROPOLITANA,ARCO ESTUDIO LIMITADA,76.312.672-2,"OMAR HUMBERTO JARA HERNÁNDEZ AVDA. BERNARDO O'HIGGINS N°1334, OF. M TALAGANTE",984142517 225119237,contacto@arcoestudio.cl / ojara@arcoestudio.cl,PRIMERA,2136 / 17-07-2017
METROPOLITANA,LIKAN GESTIÓN INMOBILIARIA JORGE RAFAEL SANTIBAÑEZ GONZÁLEZ E.I.R.L,76.272.521-5,"JORGE RAFAEL SANTIBAÑEZ GONZÁLEZ CALLE EL PINAR N° 205, OFICINA N° 5 SAN JOAQUÍN",232820787 3236872798 982015040,gestionlikan@gmail.com,TERCERA,1255 / 20-04-2018
METROPOLITANA,"INMOBILIARIA, INSPECCIÓN TÉCNICA Y GESTOR HABITACIONAL RUKALEMU S.A/RUKALEMU S.A.",76.099.786-2,ROXANA SCARLETT KAM-CHING BARRIOS AV. VIEL Nº 1556 SANTIAGO,967283389,rukalemupsat@gmail.com / roxanakamchings@gmail.com,PRIMERA,3491 / 26-12-2017
METROPOLITANA,MUNICIPALIDAD DE SAN RAMON,69.253.900-1,JOSE TOLOZA / ANGELA CORNEJO AV. OSSA Nº 1771 SAN RAMÓN,222909243 958590857 977263889,psat@municipalidadsanramon.cl / psatsanramon2@gmail.com,ÚNICA,1102 / 20-03-2018
METROPOLITANA,TRAMAS CONSULTORES LIMITADA/TRAMAS LTDA.,76.107.651-5,"CLAUDIA ANDREA TRONCOSO TRONCOSO PASEO HUERFÁNOS N° 1373, OFICINA N°706 SANTIAGO",227253011 226986405,vivienda@tramasconsultores.com / tramas@tramasconsultores.com / claudia.troncoso@tramasconsultores.com,TERCERA,2413 / 08-08-2018
METROPOLITANA,CONSULTORA Y ASESORÍAS TAURUS SpA/TAURUS SpA,76.382.897-2,PUPPY ANTONIETA ROJAS NARANJO MARCHANT PEREIRA 150 OF 901 PROVIDENCIA,992348048 994344721 994378081,puppy.rojas@consultorataurus.cl / puppyrojas@vtr.net / david.araya@consultorataurus.cl,SEGUNDA,2988 / 24-10-2017
METROPOLITANA,INMOBILIARIA SOCIAL CONVERGE LIMITADA/CONVERGE LIMITADA,76.366.565-8,LUCIO CLAUDIO HERNÁNDEZ ORTIZ AGUSTINAS N°972 OFICINA 514 SANTIAGO,232211653 966770162 999188094,converge@iconverge.cl / hlucioclaudio@gmail.com / vilaza.claudia@gmail.com,PRIMERA,3068 / 22-10-2018
METROPOLITANA,ASESORÍA PARA PROYECTOS DE VIVIENDA SOCIAL COLECTIVO EMERGENTE LIMITADA/COLECTIVO EMERGENTE LTDA.,76.391.899-8,"MARÍA JOSÉ CARRASCO MARTÍNEZ ARTURO PRAT # 644, OF. 609 SANTIAGO",955380228,colemergente@gmail.com / pablocaceres@live.cl,TERCERA,1051 / 24-03-2017
METROPOLITANA,EVOLUTIVA ENTIDAD PATROCINANTE Y CONSULTORA DE VIVIENDA Y URBANISMO SPA/EVOLUTIVA SPA,76.392.316-9,NATALIA MUÑOZ REQUENA CALLE MINISTRO CARVAJAL N° 27 PROVIDENCIA,227118997 956391837,ep.evolutiva@gmail.com,PRIMERA,1760 / 06-06-2017
METROPOLITANA,ENTIDAD PATROCINANTE KUTRALWE LIMITADA/KUTRALWE LTDA.,76.396.352-7,"LORENA BEATRIZ PINO PALMA CALLE NUEVA DE LYON N° 96, OFICINA N° 307 PROVIDENCIA",22300 8227 22300 2322 22300 46944,lorena.pino@kutralwe.com / lorenapp@gmail.com / victor.sandoval@ingvicsa.cl,TERCERA,891 / 03-03-2017
METROPOLITANA,ENTIDAD PATROCINANTE CONSULTORA SOCIAL & HABITACIONAL IDENTIDADES LIMITADA/IDENTIDADES LTDA.,76.413.791-4,MARIA FERNANDA MELLA LARA CALLE VICENTE VALDES N°87 OFICINA 904 LA FLORIDA,975170778 32- 3784404 981368093,fmella@consultoraidentidades.com / f.aragon@consultoraidentidades.cl / m.mendez@consultoraidentidades.cl,PRIMERA,1207 / 07-04-2017
METROPOLITANA,NUEVO HOGAR SpA,76.423.609-2,"MARCIA ALEJANDRA PEREZ TIRADO AV. PAJARITOS N° 3195, OFICINA N° 903 MAIPÚ",232026631 942686753,contacto@egisnuevohogar.cl / marcia.perez@egisnuevohogar.cl,SEGUNDA,889 / 03-03-2017
METROPOLITANA,QUINTRIQUEO INMOBILIARIA LIMITADA/MINGA LTDA,76.317.126-4,"ANGÉLICA MARÍA QUINTRIQUEO LINCOPÍ ALMIRANTE PASTENE N°185, OFICINA 310 PROVIDENCIA",975574830 930034929 948669333,entidadpatrocinanteminga@gmail.com / mingainmobiliaria@gmail.com,SEGUNDA,1459 / 15-05-2017
METROPOLITANA,EVOLUTIVA VIVIENDA ENTIDAD PATROCINANTE Y CONSULTORA DE VIVIENDA Y URBANISMO SPA/EVOLUTIVA VIVIENDA SPA,76.404.217-4,NATALIA MUÑOZ REQUENA CALLE MINISTRO CARVAJAL N° 27 PROVIDENCIA,962091278 977613147 931185461,ep.evolutiva@gmail.com / marcelo@cosmelli.cl / natalia.munozrequena@gmail.com,PRIMERA,2132 / 17-07-2017
METROPOLITANA,EMPRESA DE GESTION Y PROYECTOS HABITACIONALES CIUDAD URBANA LIMITADA/CIUDAD URBANA LTDA.,76.427.838-0,EVELYN VILLEGAS BARRAZA CALLE ISLANDIA N°861 SAN MIGUEL,232318560 978793779,evciudadurbana@gmail.com,PRIMERA,2553 / 04-09-2017
METROPOLITANA,INMOBILIARIA MAHUEN LIMITADA/INMOBILIARIA MAHUEN LTDA,76.419.155-2,"JUAN MIGUEL VILLEGAS ASTUDILLO GRAN AV. JOSÉ MIGUEL CARRERA N° 11.356, DEPTO. A EL BOSQUE",225072458 996183782,juan.mahuen@gmail.com / inmobiliariamahuen@gmail.com,TERCERA,2438 / 23-08-2017
METROPOLITANA,ENTIDAD ORGANIZADORA Y CONSULTORA QUINTAY LIMITADA/CONSULTORA QUINTAY LTDA.,76.417.014-8,DAFNE RENÉE JARPA LAGOS/ALICIA XIMENA CAPRICOLI ZAMBRANO CALLE PEDRO SUBERCASEAUX N° 3095 PEDRO AGUIRRE CERDA,232669197,consultoraquintayltda@gmail.com / guillermo@microcontrol.cl,TERCERA,2557 / 04-09-2017
METROPOLITANA,RUKANTU LIMITADA/RUKANTU LTDA.,76.436.127-K,FELIPE SALGADO DIEZ CALLE LOS CORCONELES N° 6806 LA REINA,228392009 974992487,rukantu.spa@gmail.com / fsalgadodiez@gmail.com,TERCERA,2853 / 13-10-2017
METROPOLITANA,CONSOLIDA SPA,76.398.484-2,GABRIEL LAGOS DITTBORN AVDA. JOSE ARRIETA N° 5821 PEÑALOLÉN,222224442 9764489317,contacto@consolida.cl,TERCERA,2266 / 24-07-2018
METROPOLITANA,ENTIDAD DE GESTIÓN INMOBILIARIA SOCIAL GIRASOL LIMITADA/EGIS GIRASOL LTDA.,76.571.734-5,MARIELA VALVERDE FUENTES RANCAGUA N° 0157 OF 403 PROVIDENCIA,233075239,egisgirasolltda@gmail.com,PRIMERA,1263 / 20-04-2018
METROPOLITANA,INMOBILIARIA Y CONSULTORA SOCIAL DESARROLLA FUTURO SPA/DESARROLLA FUTURO SPA,76.501.997-4,"ALEXIS DÍAZ SOTO AV. LIBERTADOR BERNARDO O´HIGGINS N° 4.050, OF N° 1.008 ESTACIÓN CENTRAL",232450753 931952864,diazsotoalexis@gmail.com / desarrollafuturo@gmail.com,SEGUNDA,1245 / 19-04-2018
METROPOLITANA,SOCIEDAD URBANA METROPOLITANA SPA/SOCIEDAD SUM SPA,76.532.403-3,SOLANGE SALDÍAS VERGARA LOS NOGALES N°2735 (ENTRADA POR CALLE PARQUE) LA PINTANA,998856278 975930754,entidadpatrocinantesum@gmail.com / entidadpatrocinante@gmail.com / secretaria.epsum@gmail.com,SEGUNDA,1025 / 09-03-2018
METROPOLITANA,PRO VIVIENDA SPA,76.594.394-9,ALFREDO CRISTIAN CORNEJO PEÑA PASAJE ROSA RODRIGUEZ N°1375 OF 216 SANTIAGO,222949851 232825231 987086807,cornejo_alfredo@yahoo.com / egisprovivienda@gmail.com,PRIMERA,429 / 26-02-2020
METROPOLITANA,VS INTEGRA SPA/VSI SPA,76.532.469-6,HERNAN JARA LARA CAMINO MAIPO A VILUCO N°1.805 LOTEO 77 BUIN,228463205 942390397 935431360,administracion@vsintegra.cl / dvera@vsintegra.cl / vsintegraspa@gmail.com,TERCERA,1322 / 30-04-2018
METROPOLITANA,MANQUEHUE CONSULTORA DE VIVIENDAS SOCIALES LIMITADA/MANQUEHUE EP LTDA.,76.573.787-7,EDUARDO TOBAR-KAREN ESPINOZA RIOS CALLE FOLCLORISTA ORESTE PLATH N°146 VILLA CARLOS DROGUETT TALAGANTE,963730002,pamela@manquehueconsultora.cl,PRIMERA,2850 / 13-10-2017
METROPOLITANA,SOCIEDAD INMOBILIARIA RUNTIME LIMITADA/RUNTIME LTDA.,76.560.947-K,"IVÁN GABRIEL ULLOA DÍAZ CALLE BOMBERO OSSA N° 1010, OFICINA N° 206 SANTIAGO",986699631 986698299,ivanulloa.runtime@gmail.com / fabiola.runtime@gmail.com / run.timeltda@gmail.com,SEGUNDA,1649 / 31-05-2018
METROPOLITANA,ENTIDAD DE GESTIÓN INMOBILIARIA SOCIAL METROPOLITANA SUR COMPAÑÍA LIMITADA/EGIS METROPOLITANA SUR LTDA. METROPOLITANA SUR LTDA.,76.125.035-3,ALEXIS ALEJANDRO HERRERA PEREIRA AVDA. RAÚL SILVA HENRIQUEZ N°6656 LA GRANJA,232556527 984798249 993447651,Egismetropolitanasur@gmail.com / contacto@egisms.cl,TERCERA,1258 / 20-04-2018
METROPOLITANA,DEMO ENTIDAD PATROCINANTE SPA/DEMO EP SPA,76.536.688-7,CAROLINA ROJAS MALDONADO CALLE VOLCÁN LASCAR ORIENTE N° 721 PUDAHUEL,226019882 932451921 974510923,mconte@democorp.com / crojas@democorp.com,PRIMERA,3298 / 13-11-2018
METROPOLITANA,GESTION INMOBILIARIA ALESSANDRI LIMITADA/CRECIENDO JUNTOS LIMITADA,76.528.716-2,MARÍA XIMENA ALESSANDRI PÉREZ￾COTAPOS AV. LIBERTADOR BERNARDO O'HIGGINS N° 2205 SANTIAGO,226993827 226465991 971355658,talessandri@miuandes.cl,TERCERA,2947 / 14-10-2016
METROPOLITANA,CONSTRUCTORA SEPHER LIMITADA/SEPHER LIMITADA,76.543.596-K,CATALINA MICHEL HERNÁNDEZ FARÍAS CONCHA Y TORO N°17-A SANTIAGO,225437847 983824338 968324434,sepher.limitada@gmail.com,SEGUNDA,2945 / 14-10-2016
METROPOLITANA,ENTIDAD PATROCINANTE CREA TU FUTURO SPA,76.636.403-9,"ALFONSO RAÚL ALEXIS CASTRO RODRÍGUEZ CALLE LORD COCHRANE N° 30, OFICINA N° 307 SANTIAGO",965041414,coordinadoracreatufuturospa@gmail.com / a.alexis.castro@gmail.com / creatufuturospa@gmail.com,PRIMERA,2948 / 14-10-2016
METROPOLITANA,ASESORÍAS CANAHUE LIMITADA/CANAHUE LTDA.,76.637.099-3,PABLO ANDRÉS RAMÍREZ PAREDES CALLE HAMBURGO N° 1371 ÑUÑOA,228139484 954224378 984945576,canahueltda@gmail.com / beapulgar@gmail.com / pabloramirez.737@gmail.com,PRIMERA,2943 / 14-10-2016
METROPOLITANA,CONSULTORA TECNOVIVIENDA LIMITADA/TECNOVIVIENDA LIMITADA,76.634.226-4,RAÚL ALBERTO CANCINO CARRASCO MONJITAS 527 OF 1216 SANTIAGO,232246446 966063539,raulcancinotecnovivienda@gmail.com / consultoratecnovivienda@gmail.com,PRIMERA,2949 / 14-10-2016
METROPOLITANA,INMOBILIARIA MAGIS SPA,76.614.699-6,LUIS ÁNGEL ORREGO MOLINA ELIODORO YAÑEZ 2876 OF 401 PROVIDENCIA,944061980,magis.central@gmail.com / magis.luisorrego@gmail.com,TERCERA,2946 / 14-10-2016
METROPOLITANA,SANCAL GESTIÓN INMOBILIARIA LIMITADA/SANCAL LIMITADA,76.510.242-1,JOHANNA HETCH QUIROZ AVDA. IRARRAZAVAL N°2821 OF 917 ÑUÑOA,959046369 229932817 222298474,contacto@sancalinmobiliaria.cl / calderonsantos@gmail.com,TERCERA,2956 / 14-10-2016
METROPOLITANA,FABIÁN BARAHONA ENTIDAD PATROCINANTE Y PROYECTOS DE ARQUITECTURA DE DESARROLLO SOCIAL E.I.R.L./EGIS DINAMIZA E.I.R.L.,76.445.542-8,"FABIÁN IGNACIO BARAHONA DÍAZ AV. NUEVA PROVIDENCIA N° 1881, OF N° 520 PROVIDENCIA",227533604 996490513,fabian.egis.chile@gmail.com / egis.dinamiza@gmail.com,TERCERA,3128 / 25-11-2016
METROPOLITANA,PSAT INTEGRA SPA,76.648.633-9,"JORGE IGNACIO GAMBOA SUÁREZ CALLE MERCED N°838-A, OFICINA 145 SANTIAGO",989721218 987426765 941425899,b.tapia@s-ge.cl / j.gamboa@s-ge.cl / psat.integra@gmail.com,PRIMERA,256 / 02-02-2017
METROPOLITANA,SOCIEDAD NYC SPA/NYC ENTIDAD PATROCINANTE SPA,76.530.773-2,"YOLANDA ESTELA DEL CARMEN NAVARRETE BENAVIDES CALLE PARÍS N° 834, OFICINA N° 307 SANTIAGO",232270238 982880643,entidad.nyc@gmail.com,TERCERA,718 / 21-02-2017
METROPOLITANA,MUNICIPALIDAD DE TALAGANTE,69.071.800-6,MARIA CAROLINA NAVARRO AV. BALMACEDA N° 584 TALAGANTE,225989200 225989304 225389305,viviendaentorno@gmail.com / cdalvarez@yahoo.com,ÚNICA,699 / 20-02-2017
METROPOLITANA,CONSULTORA & GESTIÓN INMOBILIARIA ALIWEN SPA,76.664.858-4,JONATHAN ANDRÉS DONOSO HERRERA EL QUISCO N°156 PUENTE ALTO,229824189 939236600,adonoso@aliwenconsultora.cl / gerencia@aliwenconsultora.cl,TERCERA,702 / 20-02-2017
METROPOLITANA,QUEIROLO CRUCHAGA LIMITADA/QL LIMITADA,76.668.501-3,FERNANDO QUEIROLO ORELLANA CALLE ROJAS MAGALLANES N°438-D LA FLORIDA,222335508 973799429,fqueirolo@gestionql.cl / mlozano@gestionql.cl / contacto@gestionql.cl,PRIMERA,700 / 20-02-2017
METROPOLITANA,SOCIEDAD INMOBILIARIA CHILE PROYECCIÓN LIMITADA/CHILE PROYECCIÓN LTDA.,76.669.926-K,"MANUEL ANDRÉS GUAJARDO VALENZUELA CAMINO LONQUÉN SITIO N° 14, SECTOR SAN IGNACIO, PARADERO 12 1/2 CALERA DE TANGO",232350424 988125400,mgv2k1@gmail.com,TERCERA,701 / 20-02-2017
METROPOLITANA,CONSULTORA DE VIVIENDA Y URBANISMO ALBORADA SPA,76.718.487-5,KARLA ROSITA DE JESÚS ROA UMAÑA ELEODORO YAÑEZ N°2876 PROVIDENCIA,228125996,alborada.central@gmail.com / kroau@gmail.com,PRIMERA,1834 / 15-06-2017
METROPOLITANA,"DOUGLAS BANNURA VARGAS, GESTIÓN INMOBILIARIA E.I.R.L/INMOBILIARIA DABV E.I.R.L.",76.730.388-2,"DOUGLAS ALBERTO BANNURA VARGAS AV. SANTA ROSA N° 17, OFICINA N° 61 SANTIAGO",232450617 955192549,inmobiliariadabv@gmail.com / douglasbannura@yahoo.com / rbueno.idabv@gmail.com,TERCERA,2137 / 17-07-2017
METROPOLITANA,ENTIDAD PATROCINANTE PAULINA DE LOURDES MORALES CARRASCO E.I.R.L./ENTIDAD PATROCINANTE PMC E.I.R.L.,76.730.366-1,PAULINA DE LOURDES MORALES CARRASCO CALLE BARRALES N° 565 MELIPILLA,228320132 991609171,entidadpatrocinante.pmc@gmail.com,TERCERA,2246 / 31-07-2017
METROPOLITANA,MUNICIPALIDAD DE RENCA,69.071.200-8,LORENA NUÑEZ SILVA DARIO OYARZUN HERMOSILLA AV. BLANCO ENCALADA Nº 1335 RENCA,226856667 226856640 98646794,dario.oyarzun@renca.cl / rbacigalupo@renca.cl / vivienda@renca.cl,ÚNICA,2245 / 31-07-2017
METROPOLITANA,MUNICIPALIDAD DE PEÑAFLOR,69.071.700-K,FRANCISCO REYES VAN BEBBER DOCTOR PRADO TAGLE N° 237 PEÑAFLOR,443678433 992918709 953634256,entidad.patrocinante@penaflor.cl / francisco.reyes@penaflor.cl,ÚNICA,2358 / 10-08-2017
METROPOLITANA,GESTIÓN Y PROYECTOS INMOBILIARIOS BORDE SUR SPA/BORDE SUR SPA,76.738.472-6,ESTHEFANIE BRIONES CALLE ISLANDIA N°871 SAN MIGUEL,232313921 944396869 983347950,bordesurarq@gmail.com / ebbarq@gmail.com,SEGUNDA,2362 / 10-08-2017
METROPOLITANA,COOPERATIVA DE VIVIENDA COOPVITAL,65.109.837-8,SILVIA MATILDE TORRES GONZALEZ CALLE ESMERALDA N° 1051 TALAGANTE,227277285 227277285 227277285,casavital.1051@gmail.com,TERCERA,2669 / 26-09-2017
METROPOLITANA,GESTIÓN INMOBILIARIA SANTIAGO SPA/EGIS SANTIAGO SPA,76.752.005-0,CAROLINA LARA GUTIERREZ CALLE CATEDRAL N°1009 OFICINA 504 SANTIAGO,967284257 2233472573 233472573,egis.santiago@gmail.com / carolina.psatsantiago@gmail.com,PRIMERA,2733 / 03-10-2017
METROPOLITANA,NUEVA ENTIDAD DE GESTIÓN INMOBILIARIA SOCIAL SPA,76.764.231-8,"MIGUEL ANGEL NUÑEZ CHANDÍA CALLE ESTADO N°115, OFICINA 1208 SANTIAGO",974316014 2232243952,12miguel1910@gmail.com,TERCERA,2883 / 16-10-2017
METROPOLITANA,ENTIDAD PATROCINANTE Y CONSULTORA DE VIVIENDAS Y URBANISMO HÁBITAT RESIDENCIAL SPA/EP Y CONSULTORA DE VIVIENDAS Y URBANISMO HÁBITAT RESIDENCIAL SPA,76.761.106-4,PAULA MORA RODAS N° 7179 CERRO NAVIA,940585123,pmora.ephabitatresidencial@gmail.com / cdelvalle.ephabitatresidencial@gmail.com,TERCERA,3273 / 28-11-2017
METROPOLITANA,AVANCE URBANO SpA,76.633.659-0,CARLOS MAURICIO CATALÁN QUINTANILLA CALLE DOMINICA N°404 DEPTO. 2004 RECOLETA,225133137,avanceurbano2011@gmail.com / carloscatalanq@gmail.com,TERCERA,3274 / 28-11-2017
METROPOLITANA,ASESORÍAS P AL CUBO LIMITADA/P AL CUBO LIMITADA,76.797.831-6,AINOHAN PEÑA SALAZAR MATIAS COUSIÑO N°82 OFICINA 1104 SANTIAGO,229798257 934553334 975787867,p.alcuboarquitectura@gmail.com / p.alcubosocial@gmail.com,PRIMERA,493 / 08-02-2018
METROPOLITANA,EMPRESA DE DESARROLLO Y ORGANIZACIÓN SOCIAL SPA/EDOS SPA,76.780.304-4,"ALEJANDRA FUENTES POBLETA JOSE MIGUEL DE LA BARRA N°536, PISO 7 SANTIAGO",954214248,edosspa@gmail.com,PRIMERA,696 / 20-02-2018
METROPOLITANA,EGIS RED SOCIAL LIMITADA/EGIS RED SOCIAL LTDA.,76.491.592-5,"ANDRES IVAN ROJO SARIEGO CALLE GUARDIA VIEJA N°202, OF 502 PROVIDENCIA",227598000 990011569,andres71rojo@gmail.com,TERCERA,728 / 20-02-2018
METROPOLITANA,MUNICIPALIDAD DE CONCHALI,69.070.200-2,RENE DE LA VEGA ALEJANDRA GONZALEZ FRANCISCA RIVERA INDEPENDECIA 3499 CONCHALÍ,228286103,alejandra.gonzalez@conchali.cl / gabinete@conchali.cl,ÚNICA,934 / 08-03-2018
METROPOLITANA,SOCIEDAD INMOBILIARIA NEW HELP SPA,76.817.965-4,BRANDO ALEXANDER LARA OLAVE CALLE SAN JOSE N°115 MAIPÚ,232336755 95614 9064 940296372,info@newhelp.cl,TERCERA,931 / 08-03-2018
METROPOLITANA,INMOBILIARIA GESTIONA FACIL SPA/GESTIONA FACIL SPA,76.830.635-4,"ANDREA GONZALEZ CALLE MORANDE N° 835, OFICINA N° 1106 SANTIAGO",26456089 942491036,gestionafacilspa@gmail.com,PRIMERA,1252 / 20-04-2018
METROPOLITANA,CONSULTORA E INMOBILIARIA HOGAR SPA/HOGAR SPA,76.834.891-K,"CRISTIAN LECAROS VILLARROEL CAMINO LA ESTRELLA SITIO 2, LOTE 4, HUELQUEN PAINE",992326777,cristian.lecaros@gmail.com,SEGUNDA,1243 / 19-04-2018
METROPOLITANA,INMOBILIARIA ALCABRINA SPA,76.813.368-9,"ALEJANDRA BOZO TAMAYO - BRIGADIER ACEVEDO CORDOVA CAMINO PADRE HURTADO SITIO C-2, LOCALIDAD DE HUELQUEN PAINE",222598253 983405881,alcabrina@gmail.com,TERCERA,1257 / 20-04-2018
METROPOLITANA,RENUEVA ARQUITECTOS SPA/RENUEVA SPA,76.844.756-K,"ANGELA SILVA SANTELICES CALLE COMPAÑÍA N° 2540, OFICINA N°101 SANTIAGO",999976322,renueva.arquitectos@gmail.com,TERCERA,1845 / 20-06-2018
METROPOLITANA,EGIS PSAT COMUNIDAD Y BARRIO SPA,76.854.148-5,CAROLINA ENCINA FUENTES PASAJE CERRO HIERBAS BUENAS N°4503 ISLA DE MAIPO,995413109 225266244,epcomunidadybarrio@gmail.com,TERCERA,2127 / 17-07-2018
METROPOLITANA,JUAN MANUEL SILVA GÓMEZ ENTIDAD DE ASISTENCIA TÉCNICA E.I.R.L,76.853.108-0,"JUAN MANUEL SILVA GÓMEZ AV. TOBALABA N° 10.125 G, BLOCK 34, DEPTO 12 PEÑALOLÉN",223007084,jmsilva.g89@gmail.com / maria.canio92@gmail.com / ocampojota@gmail.com,TERCERA,2263 / 24-07-2018
METROPOLITANA,PROACTIVA CHILE SPA/PROACTIVA SPA,76.876.172-8,"XIMENA LEÓN GAULE AVDA. OSSA N° 180, OFICINA B ÑUÑOA",233420612,administracion@proactiva-chile.cl,SEGUNDA,2404 / 07-08-2018
METROPOLITANA,DRYCONING S.A.,76.143.109-9,"JUAN MANUEL SILVA AV. LOS LEONES N° 1727, OFICINA N° 201 PROVIDENCIA",222050348,vsanmartin@dryconing.cl / pdeocares@dryconing.cl / psat@dryconing.cl,TERCERA,2415 / 08-08-2018
METROPOLITANA,CONSULTORA S&M LIMITADA,76.817.401-6,MARIO SUFFIOTTI AV. SIMÓN BOLÍVAR N° 3741-A ÑUÑOA,232273500 942557042,cgsuffiotti@gmail.com,TERCERA,866 / 05-03-2018
METROPOLITANA,ORGANIZACIÓN DE DESARROLLO URBANO LIMITADA,76.898.813-7,ANA MARÍA YÁÑEZ LÓPEZ CALLE FUTRONO N°190 SAN JAOQUIN,229202420 224165914,organizaciondedesarrollourbano@gmail.com,TERCERA,3099 / 23-10-2018
METROPOLITANA,CONSULTORA OIKOS SPA,76.898.802-1,"NICOLAS FRANCISCO RIQUELME VERA AVDA. SAN MIGUEL N°418, VILLA LOS EDILES EL MONTE",937489809 443075236,consultora.oikos.spa@gmail.com,TERCERA,3301 / 13-11-2018
METROPOLITANA,PRESTADOR DE SERVICIOS DE ASISTENCIA TECNICA INNOVA SPA/PSAT INNOVA SPA,76.906.744-2,"EVELYN NORMA TORO TAPIA SAN MARTIN #347, OFICINA 209 A BUIN",232481309,psat.innova@gmail.com,SEGUNDA,3297 / 13-11-2018
METROPOLITANA,LMF GESTION INMOBILIARIA SPA/LMF GESTION INMOBILIARIA SPA,76.892.262-4,"YHARA HIZMERI PIZARRO PJE. TONGOY N° 0222, VILLA ANDES DEL SUR PUENTE ALTO",232476600 989711759 944670782,imfgestiony@gmail.com / lmfgestioninmobiliaria@gmail.com,TERCERA,3300 / 13-11-2018
METROPOLITANA,MUNICIPALIDAD DE PROVIDENCIA,69.070.300-9,CAROLINA FAUNDEZ ZAPATA VANIA CIUDAD PEDRO DE VALDIVIA N° 963 PROVIDENCIA,226543392 226543029,psatmunicipal@providencia.cl,ÚNICA,3299 / 13-11-2018
METROPOLITANA,SOCIEDAD DE SERVICIOS GESTION SOCIAL CONSULTORA SPA,76.161.125-9,YESSICA DEL CARMEN CESPEDES CONTRERAS CALLE VARGAS N° 399 MELIPILLA,227938574 990689121,yessicacontreras@gmail.com / consultoragestionsocial1@gmail.com,TERCERA,284 / 31-01-2019
METROPOLITANA,JULIE ZAMBRANO ASESORIAS Y CAPACITACIÓN INMOBILIARIA E.I.R.L.,76.775.124-9,"JULIE ZAMBRANO ALVARADO CALLE SANTO DOMINGO N° 748, DEPTO N° 1705 SANTIAGO",232478497 933851274 957118175,julisocial@icloud.com / ep.isocialchile@gmail.com,TERCERA,287 / 31-01-2019
METROPOLITANA,"INMOBILIARIA, INSPECCION TECNICA Y GESTOR HABITACIONAL LICANRAY SPA/LICANRAY SPA",76.920.822-4,ROXANA SCARLETT KAM-CHING BARRIOS AVDA. VIEL N° 1556 SANTIAGO,225441140 967283389 954214248,psatlicanray@gmail.cl,PRIMERA,646 / 13-03-2019
METROPOLITANA,ASESORIAS HABITACIONALES NEWEN LIMITADA/NEWEN LTDA.,76.861.218-8,SILVIA LEZCANO BORDONES CALLE QUITO N°8557 LA CISTERNA,968158371,egis.newen@gmail.com,TERCERA,689 / 20-03-2019
METROPOLITANA,GRUPO ISANTA TELECOMUNICACIONES SPA,76.505.533-4,"PIA FRANCISCA NUÑEZ HUIDOBRO LOS CANCILLERES N° 1670, DEPTO 24-E MAIPU",95445972 40741040,grupoisanta@gmail.com / gerencia@grupoisanta.cl,TERCERA,687 / 20-03-2019
METROPOLITANA,PSAT ALQUIHUE LIMITADA/ALQUIHUE LTDA.,76.944.634-6,CRISTOPHER AEDO MAUREIRA RAMÓN CARNICER N°65 OFICINA 4 PROVIDENCIA,996554119,psat.alquihue@gmail.com / caedo.alquihue@gmail.com,TERCERA,688 / 20-03-2019
METROPOLITANA,SIMMER SPA/SIMMER CONSULTORA SPA,76.923.062-9,"KATHERIN SUAREZ QUIROZ AV. IRARRÁZAVAL N° 2821, OFICINA 513-A ÑUÑOA",966153839,contacto@simmer.cl,TERCERA,708 / 21-03-2019
METROPOLITANA,GESTION INMOBILIARIA CUMBRES DEL NORTE LIMITADA/CUMBRES DEL NORTE LTDA.,76.079.461-9,FRANCY JAVIER ROJAS DIAZ SERRANO N°63 OFICINA 71 SANTIAGO,222453453 928737472,gestioncumbresdelnorte@gmail.com,PRIMERA,1047 / 17-04-2019
METROPOLITANA,ENTIDAD PATROCINANTE AVANZA SPA,76.930.847-4,SILVIA CAMPOS CALLE FRESIA N°2133 RENCA,232391915 951970513 951970516,administracion@avanzaep.cl / social@avanzaep.cl / gerencia@avanzaep.cl,TERCERA,1106 / 17-04-2019
METROPOLITANA,ASESORÍAS E INGENIERÍA ORIGEN SPA,76.961.875-9,PATRICIO VALENZUELA CAMPOS HERMANOS CARRERA N°2037 MAIPU ; admini,98858654 963325354,patricio.valenzuelaroym@gmail.com / administracion@ingenieriaorigen.cl / patricio.valenzuela@ingenieriaorigen.cl,TERCERA,1406 / 28-05-2019
METROPOLITANA,GESTORA MAS HOGAR LIMITADA/MASHOGAR LTDA.,76.360.076-9,"JORGE NIEMANN FIGARI CALLE MARCHANT PEREIRA N° 201, PISO 4 (TODO EL PISO CORRESPONDE A LA DIRECCIÓN Y OFICINA INDICADA) PROVIDENCIA",227571800 227571845,marcelofg@gestoramashogar.cl,PRIMERA,2723 / 10-09-2018
METROPOLITANA,COMUNIDAD ROSIL SPA,76.953.793-7,ADRIANA PILAR TORO SILVA CALLE ISLANDIA N°861 SAN MIGUEL,985699455 984687434,comunidadrosilspa@gmail.com,PRIMERA,1436 / 31-05-2019
METROPOLITANA,PROYECTOS DE ARQUITECTURA COLABORA SPA,76.979.052-7,KARINA VALLEJOS AVDA. DOMINGO SANTA MARIA N°2236 INDEPENDENCIA,512495161 964459360,epcolaboraspa@gmail.com / kvallejos@colaboracionhumana.cl,PRIMERA,1493 / 06-06-2019
METROPOLITANA,ASESORIAS PROGRESO LIMITADA,77.009.404-6,PABLO ARENAS OLMOS LOS CERAMISTAS N° 1442 PUENTE ALTO,932733838,rodres22@hotmail.com,TERCERA,2101 / 19-08-2019
METROPOLITANA,CONSULTORA HABITACIONAL MONDIE LIMITADA /MONDIE LTDA.,76.986.944-1,LORENA DIENA ARENAS AHUMADA N°13 OF 915 SANTIAGO,975699128,contacto.mondie@gmail.com,PRIMERA,2763 / 28-11-2019
METROPOLITANA,DE LA RIVERA ENTIDAD PATROCINANTE SPA,77.044.623-6,STEPHANIE MONTECINOS ANTONIO BELLET N°193 OF 810 PROVIDENCIA,224376739 989889559,smontecinos@delarivera-ep.cl,SEGUNDA,2825 / 28-11-2019
METROPOLITANA,COOPERATIVA DE TRABAJO KINCHA,65.169.361-6,"MARIA JOSE BARROS DE LA PAZ AV. GRECIA N°1533, BLOCK 5, DEPTO 22 C ÑUÑOA",982291402,cooperativa.kincha@gmail.com,TERCERA,184 / 17-01-2020
METROPOLITANA,GESTION Y PROYECTOS B2 LIMITADA/B2 LTDA.,77.088.101-3,"RODRIGO BERGER RECART ESTADO N°115, OFICINA 307 SANTIAGO",226332284,gestionyproyectosb2@gmail.com / rodrigo@bergeryberger.cl,PRIMERA,279 / 10-02-2020
METROPOLITANA,PROACTIVA EP SPA/PROACTIVA EP SPA,77.075.041-5,"XIMENA LEON GAULE AV. OSSA # 180, DEPTO. B ÑUÑOA",352292413,xleon@proactiva-chile.cl,TERCERA,366 / 24-02-2020
METROPOLITANA,AYÜN RUKA SPA/AYÜN RUKA,77.076.961-2,"VERONICA AVALOS ORELLANA JOSE MIGUEL DE LA BARRA N°480, DEPTO. 301 SANTIAGO",226059289 965695167,ayunrukaspa@gmail.com,TERCERA,373 / 25-02-2020
METROPOLITANA,GESTOR SOCIAL SPA,77.019.436-9,ERIKA LIRA GONZALEZ CALLE LITORAL N°6225 PEÑALOLÉN,992977116,g.social.spa@gmail.com,TERCERA,372 / 25-02-2020
METROPOLITANA,PROYECTOS INMOBILIARIOS LUMINOSOLAR LIMITADA/LUMINOSOLAR LTDA.,76.943.066-0,HUMBERTO FLORES MATELUNA GONZALO CARRASCO GARCIA ISLANDIA N°871 SAN MIGUEL,939455202,luminosolarltda@gmail.com / gcarrasco678@gmail.com,PRIMERA,368 / 25-02-2020
METROPOLITANA,"INMOBILIARIA, INSPECCION TECNICA Y GESTOR HABITACIONAL PUYEHUE SPA/PUYEHUE SPA",76.969.353-K,ROXANA SCARLETT KAM-CHING BARRIOS AVDA. VIEL N° 1556 SANTIAGO,967283389 225441140 954214248,roxanakamchings@gmail.com,PRIMERA,475 / 10-03-2020
METROPOLITANA,PSAT AVANZA SPA,77.054.477-7,CAROLINA IBACETA CALLE LOS CANCILLERES N°1670 DEPTO. E-24 MAIPU,942896918,psatavanza.contacto@gmail.com / carolaibaceta@gmail.com,TERCERA,476 / 10-03-2020
METROPOLITANA,ENTIDAD PATROCINANTE UNION LIMITADA,77.088.268-0,"NICOLAS TAMAYO AVDA. PRINCIPE DE GALES N°5921, OF 608 LA REINA",233399483,contacto@unionep.cl,PRIMERA,964 / 20-07-2020
METROPOLITANA,INMOBILIARIA SUCASA II LIMITADA,76.834.165-6,"PABLO IVAN LUNA GOMEZ AMUNATEGUI N°86, OFICINA 407-B SANTIAGO",229294483 229294482 97420 9932,sucasa@hotmail.cl,TERCERA,998 / 08-08-2020
METROPOLITANA,NICOLE ANDREA ZAMORA CORTES,16.776.596-3,"NICOLE ZAMORA CORTES CALLE PARÍS N° 834, OFICINA N° 307 SANTIAGO",232270238,nyc.contable@gmail.com,TERCERA,1005 / 06-08-2020
METROPOLITANA,PROGRESO Y GESTION SOCIAL SPA,77.125.786-0,"FRINEY VENEGAS VENEGAS AHUMADA N°312, OF 326 SANTIAGO",232565662 995797570 988082296,friney@gmail.com / f.venegas.proges@gmail.com / m.galaz.proges@gmail.com,TERCERA,1222 / 02-10-2020
METROPOLITANA,GESTIÓN DE PROYECTOS INMOBILIARIOS SOCIALES JCS LIMITADA,77.063.653-1,CELINDA MIRANDA HUERFANOS N°714 OFICINA 103 SANTIAGO,941317746 951683889,casaintegra@gmail.com / sergioschneider.abogados@gmail.com,TERCERA,111 / 03-02-2021
METROPOLITANA,ENTIDAD PATROCINANTE COBARRIO SPA,77.220.692-5,"MARIA JOSE CARRASCO MARTINEZ ALMIRANTE PASTENE N°185, OFICINA 310 PROVIDENCIA",232942688 961709374 939496907,josecatinez@gmail.com / psat.cobarrio@gmail.com / cobarrio.mcarrasco@gmail.com,TERCERA,223 / 27-02-2021
METROPOLITANA,ENTIDAD DE GESTIÓN INMOBILIARIA SOCIAL Y PRESTADORA DE SERVICIOS DE ASISTENCIA TECNICA Y GESTIÓN ACROPOLIS SPA/PSAT ACROPOLIS,77.235.519-K,LIONEL RUBIO PANAMA 9289 LA FLORIDA,933282870 942071995 994726149,psat.acropolis@gmail.com,TERCERA,453 / 26-04-2021
METROPOLITANA,PROACTIVA VIVIENDA SPA,77.075.039-3,CATALINA FURET VILLAROEL AVDA. OSSA N°180 DEPTO. B ÑUÑOA,23420612,administracion@proactiva-chile.cl,TERCERA,326 / 30-03-2021
METROPOLITANA,ENTIDAD ORGANIZADORA Y CONSULTORA HABITACIONAL MIRAFLORES SPA,77.222.634-9,"CAMILA ORTIZ DIAGONAL PARAGUAY N°481, OF. 38 SANTIAGO",979708335 229297824,ameyer@constructoracasahogar.cl / ameyer.arq@gmail.com / miraflores@constructoracasahogar.cl,TERCERA,349 / 06-04-2021
METROPOLITANA,SUCAPRO GESTION INMOBILIARIA SPA,77.259.788-6,"PABLO TOMAS WICHMANN AV. APOQUINDO N°6410, OF 404 LAS CONDES",997427148,rretamal@sucapro.cl / contacto@sucapro.cl / rparedes@sucapro.cl,TERCERA,403 / 16-04-2021
METROPOLITANA,ALICANTE SPA,76.728.113-7,"GUILLERMO ROCAMORA ARAYA AVDA. PROVIDENCIA N°1208, OF.210 . PROVIDENCIA",962181245,contacto@alicantespa.cl / g.rocamora@alicantespa.cl,TERCERA,568 / 17-05-2021
METROPOLITANA,EP DUNAMIS SPA/EGIS DUNAMIS SPA,77.280.619-1,"FABIAN BARAHONA DIAZ AVDA. NUEVA PROVIDENCIA N° 1881, OF. 520 PROVIDENCIA",227532604 996490513,fbd.dunamis@gmail.com,SEGUNDA,558 / 17-05-2021
METROPOLITANA,"CIUDAD DE BOLSILLO PLANIFICACIÓN, DISEÑO URBANO Y GESTIÓN INMOBILIARIA SpA",76.834.025-0,"PABLO FUENTES AGUSTINAS N°1022, OF. 316 SANTIAGO",999917797,hola@ciudaddebolsillo.cl / ricardo@ciudadbolsillo.cl / nataly@ciudaddebolsillo.cl,TERCERA,610 / 25-05-2021
METROPOLITANA,ENTIDAD DE GESTIÓN SOCIAL ENSENADA LIMITADA/PSAT ENSENADA LIMITADA,77.092.339-5,BRUNO CALDERON CALLE GENERAL FREIRE N°440 LA CISTERNA,935716751,psat.egis.ensenada@gmail.com,TERCERA,656 / 04-06-2021
METROPOLITANA,"ASESORÍAS, INMOBILIARIA SOCIAL, CONSTRUCCIÓN E INVERSIONES LA MATRIZ SPA/LA MATRIZ SPA",77.181.275-9,JUAN FCO. QUEZADA BARCENAS PASAJE USPALLATA N°6904 LA GRANJA,975668835 998281715 225257001,lamatrizspa@gmail.com,TERCERA,574 / 17-05-2021
METROPOLITANA,CONSULTORÍA SEBASTIÁN ANDRES HERMOSILLA VARELA E.I.R.L./SYD SOCIAL E.I.R.L.,77.255.901-1,SEBASTIAN HERMOSILLA CAMINO MAIPO-VILUCO N°1805 LOTEO 77 BUIN,935431360 991413511,sydsocial7@gmail.com / sebastian.hermosilla02@gmail.com,TERCERA,808 / 08-07-2021
METROPOLITANA,P Y P ADMINISTRACIÓN Y GESTIÓN INMOBILIARIA SPA/P Y P SERVICIOS SPA,76.444.402-7,"MIGUEL PINO HERRERA BALMACEDA N°395, OF 32 PUENTE ALTO",229041541 959760998,mpinoh@pypservicios.cl,TERCERA,813 / 06-07-2021
METROPOLITANA,ALICURA SPA,77.339.175-0,FRANCISCA ROJAS RUIZ HIJUELA N°1 SECTOR EL PRADO SAN PEDRO,974789646,atec.egr@gmail.com,TERCERA,810 / 08-07-2021
METROPOLITANA,PSAT BORDE SUR SPA,77.246.234-4,ESTHEFANIE BRIONES CALLE ISLANDIA N°871 SAN MIGUEL,944396869,psatbordesur@gmail.com,TERCERA,760 / 29-06-2021
METROPOLITANA,CONSULTORA VIVIENDA Y ENTORNO SPA,77.001.352-6,HUMBERTO ALARCÓN BORQUEZ CALLE TONGOY N°0222 PUENTE ALTO,976704004,cviviendaentornospa@gmail.com,TERCERA,757 / 25-06-2021
METROPOLITANA,DUAL ESTUDIO GESTIÓN INMOBILIARIA TÉCNICO SOCIAL SpA (Ex Estudios EJ)/DUAL ESTUDIOS SPA,76.830.004-6,EVELYN CATALÁN BARROS PEREZ VALENZUELA N°1098 OF 39 PROVIDENCIA,977060384,administracion@dualestudio.cl / e.catalan@dualestudio.cl,SEGUNDA,761 / 29-06-2021
METROPOLITANA,INMOBILIARIA SOCIAL VIVE SPA,77.279.991-8,HECTOR DANIEL ARIAS CORDOVA CALLE DOCTOR TORRES BOONEN N°737 PROVIDENCIA,228977348,contacto@vivesocial.cl / danielariasc@gmail.com / daniel.arias@vivesocial.cl,TERCERA,845 / 19-07-2021
METROPOLITANA,INMOBILIARIA CONVIVE LIMITADA,77.171.412-9,"ROMINA CANESSA AVDA. PROVIDENCIA N°1939, OFICINA 43 PROVIDENCIA",983410786 983610114 223180041,r.canessa@iconvive.cl / contacto@iconvive.cl,TERCERA,953 / 10-08-2021
METROPOLITANA,CONSULTORA PANUL SPA,77.234.511-9,ROMINA SANDOVAL CERDA EL PINAR N°205 OF. 05 SAN JOAQUÍN,982015040 236872798,ep.consultorapanul@gmail.com / consultorapanul@gmail.com,TERCERA,968 / 16-08-2021
METROPOLITANA,PSAT IMAGINA E.I.R.L.,77.180.372-5,"ELSA BAEZA ELIZONDO LOS CANCILLERES N°1670, DEPTO 24 E MAIPU",957118175 2340741040,psat.imagina@gmail.com,TERCERA,1117 / 10-09-2021
METROPOLITANA,MUNICIPALIDAD DE LA CISTERNA,69.072.000-0,IRMA PEREZ CALLE PEDRO AGUIRRE CERDA N°161 LA CISTERNA,225407500,ccabrera@cisterna.cl / gina_phg@hotmail.com / alcaldia@cisterna.cl,ÚNICA,416 / 19-04-2021
METROPOLITANA,ASESORÍA Y GESTIÓN INMOBILIARIA RAIQUÉN SPA/RAIQUEN SPA,77.329.886-6,JOSÉ CURELLANCA TORRES TENIENTE LUIS CRUZ MARTINEZ N°12311 LA PINTANA,227923582,psat.raiquenspa@gmail.com,TERCERA,1363 / 29-10-2021
METROPOLITANA,ARQUITECTURA SOCIAL SPA,77.405.965-2,YASNA SANDOVAL CASTRO MANUEL RODRIGUEZ N°1695-G OF 4 MAIPU,93268 9188 99916 6789,prestadorasistenciatecnica@gmail.com / ysandovalcastro@hotmail.com,TERCERA,133 / 04-02-2022
METROPOLITANA,ARQUITECTURA Y CONSTRUCCIÓN CÁCERES SPA/A&C CÁCERES SPA,77.226.691-K,PABLO FELIPE CACERES PAREDES AVDA. JOSÉ PEDRO ALESSANDRI N°1.495 DEPTO. 209 A ÑUÑOA,226079403 955380228,ayccaceres@gmail.com / ayccep@gmail.com,TERCERA,1 / 04-01-2022
METROPOLITANA,ENTIDAD DE GESTIÓN INMOBILIARIA SOCIAL Y PRESTADORA DE SERVICIOS DE ASISTENCIA TECNICA Y DE GESTIÓN ESPACIO VERDE SPA/GESTIÓN INMOBILIARIA SOCIAL ESPACIO VERDE SPA,77.359.672-7,LIONEL RUBIO ACEITUNO AVENIDA PANAMA N° 9289 LA FLORIDA,933282870 942071995 994726149,olavecerda2464@gmail.com,TERCERA,81 / 31-01-2022
METROPOLITANA,EP PROYECTA HOGAR SPA,77.308.493-9,KATHERINE MUTIS LOS NOGALES N°2735 (ENTRADA POR CALLE PARQUE) LA PINTANA,998856278 975930754,proyectahogarsantiago@gmail.com / kmutis.proyectahogar@gmail.com,TERCERA,223 / 28-02-2022
METROPOLITANA,ENTIDAD PATROCINANTE LIBERTAD LIMITADA,77.200.894-K,RODRIGO URQUIOLA SORIANO LIBERTAD N°217 MELIPILLA,958710657,rodrigo.urquiola.s@gmail.com / entidadpatrocinantelibertad@gmail.com,TERCERA,408 / 22-06-2022
METROPOLITANA,ENTIDAD PATROCINANTE PEUMAYEN SPA,77.501.265-K,CAROLINA MARIN NAVARRETE CAMINO BAJO DE SANTA CRUZ N°245 PADRE HURTADO,965499716 944357174,eppeumayen@gmail.com / trabajosocialpeumayen@gmail.com / contactoeppeumayen@gmail.com,TERCERA,404 / 22-06-2022
METROPOLITANA,MUNICIPALIDAD DE PUDAHUEL,69.071.100-1,MARCELA SILVA SMITH AVDA. SAN PABLO N°8444 PUDAHUEL,224407391 993096989,entidadpatrocinante@mpudahuel.cl / italobravo@mpudahuel.cl,ÚNICA,411 / 23-06-2022
METROPOLITANA,SUNDARA SpA.,77.481.419-1,ESTEBAN PASACHE SOTO AVDA. SOTERO DEL RÍO N°1191 LA FLORIDA,972012965 999791350,daniela@atsundara.cl,TERCERA,494 / 04-07-2022
METROPOLITANA,P Y P MEJORANDO EL FUTURO SpA.,77.456.156-0,"MIGUEL ANGEL PINO HERRERA BALMACEDA N°395, OF 32 PUENTE ALTO",959760998,mpinoh@pypfuturo.cl,TERCERA,498 / 04-07-2022
METROPOLITANA,CONSTRUCTORA SALAS VENEGAS SpA.,77.086.713-4,"FRINEY VENEGAS VENEGAS AHUMADA N° 312, OF 326 SANTIAGO",232565662 995797570 995797515,svcontratista@gmail.com,TERCERA,499 / 04-07-2022
METROPOLITANA,ENTIDAD PATROCINANTE LINCOPÍ LIMITADA,77.480.826-4,ELOIDA QUINTRIQUEO LINCOPI JUAN ORTIZ ACEVEDO N°600 PAINE,997107814,entidadpatrocinantelincopi@gmail.com,TERCERA,501 / 04-07-2022
METROPOLITANA,HABITAR PROGRESIVO SPA,77.445.134-K,GONZALO ASTUDILLO ARIAS CALLE BUZETA N°2082 OF 82 ESTACIÓN CENTRAL,977018183,habitarprogresivo@gmail.com,TERCERA,714 / 01-09-2022
METROPOLITANA,EMPRESA DE DESARROLLO Y ORGANIZACIÓN SOCIAL CRECER LIMITADA/CRECER LIMITADA,77.525.879-9,ELISA CASANUEVA ALONSO DE ERCILLA N°1306 LA FLORIDA,722699802,e.desarrolloygestion.sc@gmail.com,TERCERA,750 / 01-09-2022
METROPOLITANA,ASESORÍAS APOLO SPA,77.518.036-6,FRANCISCA CASTILLO OLIVA y SEBASTIAN JOPIA SANCHEZ AVDA. PROVIDENCIA N°223 PROVIDENCIA,963085267,jbalich@juntoalbarrio.cl,TERCERA,754 / 01-09-2022
METROPOLITANA,MUNICIPALIDAD DE LAMPA,69.071.400-0,ALEJANDRA HUERTA CORNEJO SARGENTO ALDEA N°840 LAMPA,962812553,angel.duran@lampa.cl / paola.acevedo@lampa.cl / mjosem1998@gmail.com,ÚNICA,827 / 09-09-2022
METROPOLITANA,FUNDACION ALCANZABLE,65.200.331-1,PIA MORA AVDA. SUECIA N°0142 PISO 2 OF. 10 PROVIDENCIA,97649 9299,piamora@alcanzable.cl,TERCERA,1457 / 13-12-2022
METROPOLITANA,ENTIDAD PATROCINANTE HILEN SPA,77.493.779-K,SEBASTIAN ESCUDERO CONTRERAS CALLE COLONIAL N°11803 EL BOSQUE,996413237,hilenspa@gmail.com,TERCERA,545 / 26-12-2022
METROPOLITANA,GESTOR LOCAL SPA,77.547.218-9,AYLEN BARRIOS MONTERO HUERFANOS N°1160 OF. 406 SANTIAGO,967384086,gestor.local.spa@gmail.com,TERCERA,546 / 26-12-2022
METROPOLITANA,2.0 EP SPA,77.468.167-1,XIMENA LEON GAULE AVDA. OSSA N°180 DEPTO. B ÑUÑOA,224011643,xleon@proactiva-chile.cl,TERCERA,547 / 26-12-2022
METROPOLITANA,I.MUNICIPALIDAD DE SAN JOAQUIN,69.254.600-8,KATHERINE PONCE / VALENTINA BAU AVDA. SANTA ROSA N°2606 PISO 2 SAN JOAQUIN,998731723,valentinabau@sanjoaquin.cl,ÚNICA,239 / 13-03-2023
METROPOLITANA,ENTIDAD PATROCINANTE VANIA SALOME QUINTANILLA MORA E.I.R.L. / VAAM E.I.R.L.,77.674.211-2,VANIA QUINTANILLA / ADELA MORA VIÑA POMAIRE PARCELA 1 MELIPILLA,956560099 998654969,vaam.entidad@gmail.com / adela-mora@hotmail.com / vania.s.q.m.1994@gmail.com,TERCERA,853 / 04-07-2023
METROPOLITANA,ENTIDAD PATROCINANTE Y CONSULTORA INMOBILIARIA ALWE SPA,77.645.832-5,PAMELA SANHUEZA CALLE CARMENCITA N°245-A LAS CONDES,233217476-75 956735189 994272740,contacto@alwe.cl / czannier@alwe.cl,TERCERA,1135 / 24-08-2023
METROPOLITANA,SIMETRICA SPA,77.645.937-2,FRANCISCA CANCINO CONTRERAS DIAGONAL PARAGUAY N°481 OFICINA 107 SANTIAGO,948830431,simetrica.ep@gmail.com,TERCERA,1631 / 28-11-2023
METROPOLITANA,CONSTRUCTORA HABITARE ESTADO SPA,77.687.659-3,MARCELO MOYA NICOLAS CRUZ LYON 1259 CASA D PROVIDENCIA,987863702 953722427,mmoya@constructorahabitare.cl,TERCERA,1865 / 28-12-2023
METROPOLITANA,ENTIDAD PATROCINANTE INMOBILIARIA SALFA AUSTRAL LIMITADA,96.610.790-1,VIVIANA FRITZ REBOLLEDO/ CRISTOBAL VICUÑA AHUMADA N°341 PISO 6 SANTIAGO,948024949 97979736,vfritz@salfaustral.cl / cviunad@salfaustral.cl,PRIMERA,272 / 08-03-2024
METROPOLITANA,ASESORÍAS HABITACIONALES FABIOLA ALVAREZ E.I.R.L.,77.843.609-4,FABIOLA ALVAREZ BELTRAN LOS PINOS N°9235 DEPTO. 21 LA FLORIDA,992342434,asesorias.habitacionalesfa@gmail.com,TERCERA,394 / 03-04-2024
METROPOLITANA,SERVICIOS Y ASESORIAS INMOBILIARIAS Y HABITACIONALES CENTRO LIMITADA,76.972.118-5,MIGUEL IBACETA SERRANO N°73 OFICINA 514 A-B SANTIAGO,227599012,epcentrorm@gmail.com / epcentroltda@gmail.com / miguel.ibacetat@gmail.com,TERCERA,448 / 11-04-2024
METROPOLITANA,CHILE VIVIENDA SPA,76.771.302-9,ALFREDO REYES AUGUSTO LEGUIA SUR N°79 OFICINA 1801 LAS CONDES,942510918,felipereyes@nidosur.cl / emylizama@gmail.com,TERCERA,449 / 11-04-2024
METROPOLITANA,HOGAR MEJOR EGIS FUNDACION,65.209.947-5,ALEJANDRA FUENTES BULNES N°197 OFICINA 3 SANTIAGO,932794681,f.hogarmejor@gmail.com,PRIMERA,450 / 11-04-2024
METROPOLITANA,ENTIDAD PATROCINANTE ASESORIAS TECSO LIMITADA,77.761.477-0,BRIAN TORRES CALLE PANAMÁ N°7295 LA FLORIDA,950992077 224165914,asesorias.tecso@gmail.com,TERCERA,788 / 18-06-2024
METROPOLITANA,ILUSTRE MUNICPALIDAD DE LAS CONDES,69.070.400-5,MICHAEL COMBER AVDA. APOQUINDO N°9070 LAS CONDES,2 2950 8457,mcomber@lascondes.cl,ÚNICA,981 / 17-07-2024
METROPOLITANA,ENTIDAD PATROCINANTE JUNTOS SPA,77.666.992-K,"FRANCISCO BEFFERMANN ALCANTARA N°200, OF.1102 LAS CONDES",978567502 992782962,solange.lobos@isiete.cl / francisco.beffermann@isiete.cl,PRIMERA,1265 / 22-08-2024
METROPOLITANA,ILUSTRE MUNICPALIDAD DE CALERA DE TANGO,69.072.800-1,ANDREA ROJAS ISABEL GALVEZ AVDA. CALERA DE TANGO N°345 CALERA DE TANGO,228108940 228108987,arojas@caleradetango.net / igalvez@caleradetango.net,ÚNICA,1211 / 20-08-2024
METROPOLITANA,CONSTRUCTORA LAUQUÉN SPA,76.403.409-0,CRISTIAN PABLO LASCH CEA CALLE MONTENEGRO N°936-A ÑUÑOA,971256660,lauquen.clasch@gmail.com,TERCERA,1343 / 02-09-2024
METROPOLITANA,SOCIEDAD DE PROFESIONALES ARQUITECTOS SOLAN LIMITADA,77.783.755-9,EVELYN MAEVA CATALÁN BARROS CALLE PEREZ VALENZUELA N°1098 OFICINA 39 PROVIDENCIA,932324408 977060384,sociedad.solan@gmail.com / solan.metropolitana@dualestudio.cl,SEGUNDA,1589 / 02-10-2024
METROPOLITANA,ENTIDAD PATROCINANTE PLANING SPA,78.475.080-9,"ROCÍO GOMEZ AVDA. APOQUINDO N°6410, OFICINA 404 LAS CONDES",229935712,contacto@planing.cl,PRIMERA,1735 / 15-10-2024
METROPOLITANA,BAIT CONSULTORES LIMITADA,77.948.811-K,ROMÁN YOSIF CAPDEVILLE AVDA. LAS CONDES N°7700 OFICINA LAS CONDES,1006 -1007 / 999910265 998716084,contacto@baitconsultores.com / ryosif@gmail.com,PRIMERA,2064 / 03-12-2024
METROPOLITANA,ENTIDAD PATROCINANTE VIAS LIMITADA,77.919.796-4,"CATALINA ACUÑA RUZ CALLE ROMÁN DÍAZ N° 205, OFICINA 601 PROVIDENCIA",994316764 994316764,catalina.acuna@masvivienda.cl,TERCERA,88 / 14-01-2025
METROPOLITANA,FUNDACIÓN RUKAWE,65.219.356-0,CRISTOBAL TOMÉ SERRA CALLE AGUSTINAS N°2384 SANTIAGO,9 9197 8471 9 5922 5277,ctome@fundacionrukawe.cl,TERCERA,115 / 20-01-2025
METROPOLITANA,GESTIÓN GALAZ Y VENEGAS LIMITADA,77.831.278-6,MIGUEL GALAZ FRINEY VENEGAS VENEGAS CALLE AHUMADA N°312 OF 326 SANTIAGO,988082296,friney@gmail.com,TERCERA,105 / 16-01-2025
METROPOLITANA,INGENIERÍA Y CONSTRUCCIÓN NEPAL SPA,77.507.479-5,PEDRO ORÓSTICA MARÍN CALLE ESTADO N°42 OFICINA 410 SANTIAGO,994343204,pedro.orostica.m@gmail.com / ingenieriayconstruccionnepal@gmail.com,TERCERA,116 / 20-01-2025
METROPOLITANA,TORSAN ASOCIADOS LIMITADA,77.916.765-8,"DIANA MORALES LEMA AVDA. IRARRAZAVAL N°2821, OFICINA 1005 ÑUÑOA",226895455,torsanasociados@gmail.com,TERCERA,114 / 20-01-2025
METROPOLITANA,OSCAR OSVALDO MANQUILEF PARRA,9.666.062-6,OSCAR OSVALDO MANQUILEF PARRA DIGONAL PARAGUAY N 481 OF. 81 SANTIAGO,997431823,omanquilefparra@gmail.com,TERCERA,315 / 07-02-2025
METROPOLITANA,LBA EMPRESA DE INGENIERIA CIVIL SPA,77.321.224-4,"CLAUDIA VALENZUELA ROJAS LOS MILITARES N° 5001, OF 602 LAS CONDES",963293409,lbaingenieriacivil@gmail.com,TERCERA,316 / 07-02-2025
METROPOLITANA,SOCIEDAD DE ASESORÍA RUKAPEWMA LIMITADA,76.887.130-2,"CARINA ALEJANDRA CID VIDAL SERRANO N°73, OFICINA 305 SANTIAGO",984281231,rukapewma@rukapewma.cl,PRIMERA,892 / 14-04-2025
METROPOLITANA,ENTIDAD PATROCINANTE NUESTRA CASA SPA,77.938.324-5,"FAVIO SALGUERO WENDY DIAZ PASEO ESTADO N°115, OFICINA 706 SANTIAGO",224616259,wdm@epnuestracasa.cl,TERCERA,1304 / 26-05-2025
METROPOLITANA,ENTIDAD PATROCINANTE CONECTANDO ARQUITECTURA Y GESTIÓN SOCIAL LIMITADA,78.008.956-3,"NADIA TRONCOSO JARA y KAREN CANALES HERRERA CALLE MATEO DE TORO Y ZAMBRANO N°1491, OFICINAS 417 Y 418 LA REINA",939243166,contacto@conectaep.cl / kcanales@conectaep.cl,TERCERA,1347 / 04-06-2025
METROPOLITANA,CONSTRUCTORA Y ENTIDAD PATROCINANTE SANTOR LIMITADA,77.761.643-9,JUAN MANUEL TORRES VIVERO ROLANDO PATRICIO SANHUEZA CIFUENTES CALLE EMILIANO ZAPATA N°1030 RECOLETA,94325223 978453000,c.arancibiaurza@gmail.com / jtorres@uc.cl,TERCERA,1458 / 23-06-2025
METROPOLITANA,ENTIDAD PATROCINANTE NEO_CITÉ SPA,78.128.899-3,JOSÉ SÁNCHEZ DIÉGUEZ CALLE LOS QUELTEHUES N°3260 COLINA,994690075,ivan.theoduloz@neo-cite.cl / jose.sanchez@neo-cite.cl / jsd@tie.cl,TERCERA,1460 / 23-06-2025
METROPOLITANA,ENTIDAD PATROCINANTE PROGRESA SPA,78.118.354-7,VALESKA LAGOS CALLE JAROMIR PRIDAL N°316-A PEÑAFLOR,224619456,contacto@entidadprogresa.com,TERCERA,1936 / 05-09-2025
METROPOLITANA,ENTIDAD PATROCINANTE ESPACIO TRANSFORMA SPA,78.061.476-5,CONSUELO ORELLANA GAJARDO CALLE ENRIQUE GOMEZ CORREA N°5750 - OFICINA 6 MACUL,993447651,contacto@espaciotransforma.cl,TERCERA,1987 / 22-09-2025
METROPOLITANA,ENTIDAD DE GESTIÓN INMOBILIARIA SOCIAL LOUTA SPA,78.122.911-3,MARIA DANIELA CARRILLO MENDOZA CALLE PEDRO RAMÍREZ N°1350 PUENTE ALTO,977979451 934179265,louta.egis@gmail.com,TERCERA,2002 / 25-09-2025
METROPOLITANA,ENTIDAD PATROCINANTE FONDO SOCIAL SPA,78.137.081-9,"DANIELA ASTORGA; IGNACIO CONTRERAS CALLE SAN IGNACIO DE LOYOLA N°177, OFICINA 05 SANTIAGO",932898511,fondosocialspa@gmail.com,TERCERA,2169 / 16-10-2025
METROPOLITANA,ENTIDAD PATROCINANTE PROSOCIAL ASESORÍA Y GESTIÓN SPA,78.165.619-4,CYNTHIA PEREIRA GUZMAN CALLE GUARDIA VIEJA N°202 PROVIDENCIA,937772586,prosocial.spa@gmail.com,TERCERA,2195 / 20-10-2025
METROPOLITANA,CV GESTIÓN INMOBILIARIA SPA,76.852.664-8,FRANCISCO HERNANDEZ IBARRA CALLE JAROMIR PRIDAL N°316-A PEÑAFLOR,945708812,cv.entidad.patrocinante@gmail.com,TERCERA,2394 / 14-11-2025
METROPOLITANA,EMPRENDE SPA,78.181.048-7,CARLOS MUÑOZ GALLARDI CALLE JAROMIR PRIDAL N°316-A PEÑAFLOR,224619456,carlos.entidad.emprende@gmail.com,PRIMERA,2393 / 14-11-2025
METROPOLITANA,INMOBILIARIA G21 LIMITADA,78.155.375-1,FERNANDA MELLA LARA CALLE VICENTE VALDES N°87 OFICINA 904 LA FLORIDA,934306564,mmendez@consultoraidentidades.cl,PRIMERA,297 / 04-03-2026
METROPOLITANA,2D PROTEC LIMITADA,78.128.327-4,RAFAEL ANDRÉS DE LA RIVERA ZÁRATE CALLE ANTONIO BELLET N°193 PROVIDENCIA,966493640,dvasquez@grupodelarivera.cl,TERCERA,291 / 04-03-2026
METROPOLITANA,ENTIDAD ORGANIZADORA Y CONSULTORA HABITACIONAL MIRAFLORES DOS SPA,78.216.739-1,"ALINE NATALIA MEYER SIRONVALLE CALLE DIAGONAL PARAGUAY N°481, OFICINA 44 SANTIAGO",229297824,ameyer@constructoracasahogar.cl,TERCERA,362 / 13-03-2026
METROPOLITANA,EPICA SOCIAL,78.079.607-3,"CARINA CID VIDAL JUAN PABLO EYZAGUIRRE CLARO CALLE SERRANO N°73, OFICINA N°305 SANTIAGO",984281231,caricid@epicasocial.cl,PRIMERA,317 / 05-03-2026
METROPOLITANA,I.MUNICIPALIDAD DE CERRILLOS,69.255.000-5,JOHNNY HERNAN YAÑEZ DÍAZ CALLE LAS HORTENSIAS N°300 CERRILLOS,233278142 233278144 9 5006 0612,maravena@mcerrillos.cl / viviendacerrillos@gmail.com,ÚNICA,414 / 25-03-2026
METROPOLITANA,I.MUNICIPALIDAD DE QUINTA NORMAL,69.071.000-5,KARINA ANDREA DELFINO MUSSA AVDA. CARRASCAL QUINTA NORMAL,9 94744130 9 72162005 228928800,hellen.iturra@quintanormal.cl,ÚNICA,720 / 22-05-2026
METROPOLITANA,CASA NUEVA SPA,78.168.166-0,"FELIPE ANDRES VILLASEÑOR BARREDA CALLE HUÉRFANOS N°1160, OFICINA 1101 SANTIAGO",932642440,felipe@casa-nueva.cl,TERCERA,721 / 22-05-2026
METROPOLITANA,INMOBILIARIA SOCIAL MODELO LIMITADA,76.149.336-1,"IVÁN ALEJANDRO POZO LOBOS CALLE CARMEN N°8, PISO 2, OFICINA 6 SANTIAGO",994736966,contacto@epmodelo.cl / vladimir@epmodelo.cl,SEGUNDA,722 / 22-05-2026
METROPOLITANA,DUO ALIANZA GESTIÓN INMOBILIARIA SPA,78.319.119-9,"PAZ CATALINA CÁRDENAS MUÑOZ CALLE NUEVA TAJAMAR N°481, OFICINA 303 LAS CONDES",999132844,duoalianzaep@gmail.com / vivienda@munisantacruz.cl / barbara.caceres@msanvicente.cl / majelazamora@requinoa.cl / entidadpatrocinante@requinoa.cl / greyes@munirengo.cl / ameneses@munirengo.cl / entidad.patrocinante@munirancagua.gob.cl / rt.entidadpatrocinante@munirancagua.gob.cl / secvivienda.dideco@munirancagua.gob.cl / oficinaviviendaquinta@gmail.com / gabrielalopezdiaz6@gmail.com / egis@municipalidadplacilla.cl / alexandra.leon@muniplacilla.cl / catalina.caroca@muniplacilla.cl / egis@pichilemu.cl / mivonnemolina@gmail.com / cceron@muniperalillo.cl / arnaldoret@gmail.com / entidadpatrocinante@muniperalillo.cl / isabel.salinas.t@gmail.com / vivienda@comunaparedones.cl / egispalmilla@gmail.com / viviendamunipalmilla@gmail.com / ricardo.paillan@munipalmilla.cl / cmondaca@mostazal.cl / egis@munimarchigue.cl / vivienda@munimarchigue.cl / egis@machali.cl / vivienda@munilolol.cl / alejandro.mendoza@munilaestrella.cl / vivienda@coltauco.cl / cmunoz@coltauco.cl / vivienda@municipalidadchimbarongo.com / entidad.p@municipalidadchepica.cl / vivienda.pichidegua@gmail.com / victorjara@pichidegua.cl / dhenriquez@mdonihue.cl / vivienda@lascabrasmunicipalidad.cl / claudiatiznado@gmail.com / beatriz.valenzuela.vantreek@gmail.com / consultora.vtl.eirl@gmail.com / consultorafenixeirl@gmail.com / mitzyseguelortiz@gmail.com / dletelier.cruzero@gmail.com / juansuter@gmail.com / jose.suter@gmail.com / vientodelsurfacturas@gmail.com / j.elicer@insoc.cl / a.ibarra@insoc.cl / carlos.urzua@inmobiliariaurzua.cl / teresa.jiron@inmobiliariaurzua.cl / andinalimitada01@gmail.com / contacto@maval.cl / evargas@maval.cl / umbralarquitectura.ep@gmail.com / ep.inmobiliaria.imb@gmail.com / sociedad.m.m@gmail.com / catalina.bass@eprancagua.com / daniel.guerrero@eprancagua.com / consuelo.lopez@eprancagua.cl / constructora@vipalco.cl / holmosm@vipalco.cl / lurrutia@concrecasa.cl / pduarte@concrecasa.cl / carolina.abarcat@gmail.com / espacio21.spa@gmail.com / oval@constructoraoval.cl / socialrancagua@constructoraoval.cl / epdomus@gmail.com / egiszimenta@gmail.com / elias.hernandez@acotaestudio.cl / gestionrhakin@gmail.com / gestionesyasesoriaspv@gmail.com / proyectossebal@gmail.com / pbustamante@gespros.cl / coordinador@iecology.cl / eminder@constructoralaunion.cl / nidia.pavez@gmail.com / abaco.paulatapia@gmail.com / gfranco@grupo841.cl / sociedad.solan@gmail.com / solan.rancagua@dualestudio.cl / patricio.valenzuela@ingenieriaorigen.cl / mjmaturana@juntoalbarrio.cl / consultoraconoeste@gmail.com / eprenacerltda@gmail.com / francisco.beffermann@isiete.cl / miguel.galvezs@gmail.com / consultorarenacer@maval.cl / evargas@uc.cl / ecoprovirengo@gmail.com / gesrionfacilspa@gestionafacil.cl / atr.gestionfacil@gmail.com / gestionafacilspa@gmail.com / contacto@gestionql.cl / descobar@gestionql.cl / entidadpatrocinante@munisanfernando.com / gestioneshogarmejor@gmail.com / rdastudio22@gmail.com / vheran@masvivienda.cl / catalina.acuna@masvivienda.cl / ssepulveda@masvivienda.cl / ep@paviep.cl / allendes.epa@gmail.com / 4canelos@gmail.com / pamela.soto@4canelos.cl / contacto@epbrotar.cl / cnunezabarca@gmail.com / csanhueza@alamoep.cl / caricid@epicasocial.cl / jpeyzaguirre@epicasocial.cl / entidadarquetipo@gmail.com / rzannier@udd.cl / egis.viviendayfamilia@gmail.com,TERCERA,354 / 22-05-2026
MAULE,ENTIDAD SOCIAL JAMES RODRIGUEZ E.I.R.L.,76.928.063-4,"JAMES ROY RODRIGUEZ ROA PAICAVI 824, VILLA LA MONTAÑA PARRAL",998480268,ignis.eirl@gmail.com,TERCERA,14 / 14-01-2021
MAULE,CONSTRUCTORA E INMOBILIARIA LICANCABUR SPA,76.222.726-6,JUAN PABLO DINAMARCA MONTECINOS CALLE UNO N 1595 VILLA PUERTAS DEL SUR TALCA,982046437,licancabur.consultores@gmail.com,TERCERA,22 / 14-01-2021
MAULE,ASESORIA PRO HOGAR SPA,76.758.306-0,CHARLOTT CESPEDES CARRASCO EDIFICIO MERCED N° 255 OF. 106 CURICO (75) 2324665/,990158496,pro.hogar2017@gmail.com,TERCERA,28 / 13-01-2022
MAULE,OVAL INGENIEROS ASOCIADOS LIMITADA,76.094.195-6,CAROLINA ANDREA MACAN MARABOLI 1 SUR N 690 OF 819 TALCA (71)2276342,,ymaturana@constructoraoval.cl,PRIMERA,48 / 29-01-2021
MAULE,TECKOM INGENIERIA LIMITADA,76.701.253-5,"FRANCISCO JAVIER CAMPOS DONOSO 1 NORTE N° 963, OF 522 TALCA",993442099,teckom.ingenieria@gmail.com,TERCERA,49 / 24-01-2022
MAULE,ENTIDAD PATROCINANTE HABITARQ SpA,76.539.667-0,MANUEL ALEJANDRO RECABAL CASTRO MANUEL RODRIGUEZ 133 VILLA ALEGRE (9),74979856,entidadpatrocinantehabitarq@gmail.com,TERCERA,51 / 02-02-2021
MAULE,ARMENTE VILLELA ARQUITECTOS ASOCIADOS LIMITADA,77.843.990-3,FERNANDO VILLELA - PILAR ARMENTE SEGU YUMBEL 646 LINARES (073)2210535 /,996303064,fdo.villela.b@gmail.com,PRIMERA,53 / 02-02-2021
MAULE,ANDRES LILLO GESTION INMOBILIARIO SPA,76.779.438-K,ANDRES MIGUEL LILLO CORIA UNO ORIENTE N 1264 TALCA,950634038,nehuenconsultores@gmail.com,TERCERA,69 / 15-02-2021
MAULE,SOCIEDAD INMOBILIARIA VISION URBANA SPA,77.214.157-2,ARIEL VALENZUELA MUÑOZ 1 NORTE N 841 BLOK A1 OFICINA 1 TALCA,965275871,contacto@viurban.cl,TERCERA,70 / 15-02-2021
MAULE,GESTION INMOBILIARIA DEL MAULE LTDA,76.680.269-9,PATRICIA YEVENES REDLICH - MARIA LUORDES BIERE CONTRERAS LONCOMILLA 2672 SAN JAVIER,(73) 2 290944,gestioninmobiliariadelmaule@gmail.com,TERCERA,85 / 29-03-2021
MAULE,LBA EMPRESA DE INGENIERIA CIVIL SPA,77.321.224-4,CRISTIAN ULISES VALENZUELA RIVERA 30 ORIENTE N 1562 OF 420 PISO 4 TALCA,963293409,lbaingenieria.b@gmail.com,TERCERA,91 / 07-02-2022
MAULE,ENTIDAD PATROCINANTE SUR LIMITADA,76.749.551-K,CRISTOFFEN ANTILLANCA GUTIERREZ VILLA JARDIN DEL ESTE PASAJE 6 Y MEDIA SUR B N 3555 TALCA,422591618,epsurltda@gmail.com,TERCERA,98 / 09-02-2022
MAULE,CRECE SpA,76.519.218-8,"BERNARDITA PAOLA BUSTOS RIOS POABLACION YERBAS BUENAS, LOS AVELLANOS N° 1437 LINARES (8)9408976",,crecepsat@gmail.com,SEGUNDA,103 / 01-03-2021
MAULE,I. MUNICIPALIDAD DE SAN CLEMENTE,69.110.500-8,MARIA INES SEPULVEDA FUENTES CALLE ALEJANDRO CRUZ N 262 SAN CLEMENTE alcaldia@sanclemente,712530500,,TERCERA,104 / 11-02-2022
MAULE,VIVETUVIVIENDA LIMITADA,77.128.084-6,LUIS IVAN SALAS ROJAS PSJE SAN PIO X N 339 TALCA,944390992,vivetuviviendaegis@gmail.com,TERCERA,111 / 04-03-2021
MAULE,LORENA ANGELICA VERA HUME,8.716.541-8,LORENA VERA HUME MAX JARA N° 182 LINARES /,981403792 / 73233 1490,ecasa.subsidios@yahoo.com,TERCERA,112 / 04-03-2021
MAULE,INGESHAB SPA,77.280.258-7,ALEX EDUARDO ENRIQUEZ MELLADO CALLE CARRERA N 349 CAUQUENES,956476121,ingeshab@gmail.com,TERCERA,126 / 17-02-2022
MAULE,SOCIEDAD PLANITEC SPA,76.924.190-6,JORGE SILVIO GONZALEZ BLANCO PASAJE INTERIOR 3 PONIENTE 1245 TALCA (71)2236216,,planitec.ltda@gmail.com,PRIMERA,142 / 02-03-2022
MAULE,SOCIEDAD CONSULTORA TIERRA DEL VALLE LIMITADA,76.016.291-4,CLAUDA MERCEDES VALENZUELA SAAVEDRA 11 PONIENTE 12 SUR 174 TALCA (9),95589248,tierra.delvalle@yahoo.com,TERCERA,157 / 23-03-2021
MAULE,CONSULTORA HABITACIONAL CASAL LIMITADA,76.562.041-4,"MONICA COLOMA ZURITA PASAJE 2 N°1631, VILLA PIEDRA MOLINA (75)2491349",,consultoracasal@gmail.com,TERCERA,158 / 07-03-2022
MAULE,G Y G PROYECTOS SPA,77.232.886-9,MARGARITA DEL CARMEN FUENTEALBA ARAYA AVENIDA BERNARDO OHIGGINS 676 TALCA,959241887,egis.gygproyectos@gmail.com,TERCERA,176 / 29-03-2021
MAULE,GLENDA ROXANA VALENZUELA SALTOS EMPRESA INDIVIDUAL DE RESPONSABILIDAD LIMITADA,76.702.380-4,"GLENDA VALENZUELA SALTOS CALLE CORAZÓN DE LOS ANDES N° 1598, VILLA NEMESIO ANTUNEZ LINARES (73)2215934 /",978872430,glendavalenzuelas@yahoo.es,TERCERA,180 / 18-03-2022
MAULE,ENTIDAD PATROCINANTE ALTAS CUMBRES TAZAS SPA,76.769.271-4,ALEJANDRO ROJAS PINTO AVENIDA QUECHEREGUAS N° 1783 MOLINA,99980495,entidadaltascumbres@gmail.com,TERCERA,181 / 18-03-2022
MAULE,INMOBILIARIA LOS ROBLES SPA,76.837.208-K,"OSCAR GONZALO VALDES CACERES 1 NORTE N° 963, OFICINA N° 101 EDIFICIO CENTRO 2000 TALCA (71) 2227529",,lramirez@ilosrobles.cl / pfuentesr@ilosrobles.cl,PRIMERA,182 / 18-03-2022
MAULE,GESTION INMOBILIARIA TRIVAL SPA,77.282.837-3,FRANCISCA LORETO MUÑOZ NOME 30 ORIENTE N 1528 SUBT 1 E 49 CENTRO LAS RASTRAS TALCA (071)2426874 té,,cnico.trival@gmail.com,TERCERA,186 / 29-03-2021
MAULE,CONSULTORA COECH SpA,76.495.554-4,SUSAN GLORIA GAJARDO YAÑEZ YERBAS BUENAS 620 LINARES (73)2214749,,consultoracoech@gmail.com,TERCERA,193 / 06-03-2020
MAULE,CARLOS DANIEL NAVARRO CABELLO,17.794.429-7,CARLOS DANIEL NAVARRO CABELLO PSJE LOS FAISANES N 74 PARQUE LOS GUINDOS SARMIENTO CURICO,984472403,c.navarrocabello@gmail.com,TERCERA,241 / 06-02-2022
MAULE,INMOBILIARIA FERVAL SPA,76.055.432-4,"FERNANDO RETAMAL 2 SUR, N° 621, TALCA TALCA /",71-2-234830 / 712236579,fretamal@fervali.cl,PRIMERA,245 / 09-04-2021
MAULE,GRUPO 841 SPA,76.929.941-6,CATALINA DEL PILAR CASTILLO SANZ 4 NORTE N° 1154 DEPTO 501. TALCA /,949586505 / 9622103 57,contacto@grupo841.cl,PRIMERA,255 / 07-04-2022
MAULE,INMOBILIARIA VICE LTDA,77.042.347-3,MARLENE ROJAS MUÑOZ MERCED N 255 OFICINA 402 TALCA (75)2397789,,contacto@ivice.cl,TERCERA,256 / 07-04-2022
MAULE,EGIS MAS HOGAR SPA,77.508.392-1,SERGIO ANTONIO GONZALEZ VILLASEÑOR PROVIDENCIA PARCELA 6 LOTE 7-A TALCA,961049331,egismashogar@gmail.com,TERCERA,257 / 07-04-2022
MAULE,ENTIDAD PATROCINANT INGEFAP SpA,76.989.701-1,VANESSA ANDREA PERÉZ HERNANDEZ 1 ORIENTE N° 1436 TALCA,946304107,ingefap.spa@gmail.com,TERCERA,260 / 16-04-2021
MAULE,ASESORIA Y CONSTRUCCION VIVIENDA MAULE LTDA,77.119.964-K,PATRICIO ALEJANDRO CABRERA ACEVEDO PAULA MONTAL N 785 SAN CLEMENTE,963045292,asesoriaviimaule@gmail.com,TERCERA,261 / 16-04-2021
MAULE,CONSULTORA HABITACIONAL MAGNAGEST SPA,77.414.797-7,JOSE EDUARDO MIRANDA JIMENEZ 1 NORTE N 880 2 PISO OF 6 TALCA /,712257343 / 9502146 38,magnagestspa@gmail.com,TERCERA,264 / 11-04-2022
MAULE,VALLE DEL MAULE SPA,77.316.558-0,DANIELA ALEJANDRA FUENTES REYES 30 ORIENTE 1546 OF 617 CENTRO LAS RASTRAS II TALCA /,956634665 / 0712746 434,inmobiliariavalledelmaule@gmail.com,TERCERA,285 / 21-04-2021
MAULE,PSAT ACROPOLIS SPA,76.922.567-6,BERNARDITA URRUTIA MUÑOZ FREIRE N 702 LINARES,965009628,acropolispsat@gmail.com,TERCERA,285 / 25-04-2022
MAULE,SOCIEDAD CONSULTORA Y PROYECTOS EL PORVENIR LTDA.,76.810.422-0,ELSA PATRICIA OROSTICA MORALES CALLE CARMEN N° 747 OFICINA N° 63 CURICO (75)2326379,,consultoraelporvenir@gmail.com,TERCERA,305 / 28-04-2022
MAULE,7 SUR ARQUITECTURA Y CONSTRUCCION LTDA,76.139.660-9,GERARDO ANTONIO SOTO DURÁN CARMEN 747 OF. 71 CURICO (75)2313621,,sietesur@yahoo.es,TERCERA,313 / 27-04-2021
MAULE,ENTIDAD PATROCINANTE MASE LTDA,76.978.961-8,ROBRTO SALAZAR - ANDRES ESPIONOZA ALTOS DEL ESTERO 12 SUR 27 ORIENTE N° 504 B TALCA,96432450,maseltda@gmail.com,TERCERA,314 / 27-04-2021
MAULE,FERNANDA ANDREA VALDIVIA HERRERA,15.129.654-8,FERNANDA ANDREA VALDIVIA HERRERA O`HIGGINS #1126 - CURICO CURICO (75)2353310,,inmobiliariafav@gmail.com,TERCERA,315 / 27-04-2021
MAULE,CONSULTORA YEROS SPA,76.073.193-5,JORGE DEL CARMEN ARAYA URRUTIA MAIPU N°461 LINARES (73) 2227195,,yeseniaespinoza.consultorayeros@gmail.com,TERCERA,317 / 03-05-2022
MAULE,SOCIEDAD INMOBILIARIA DE ASISTENCIA TECNICA CAPACITACIÓN Y CONSTRUCCION,76.031.053-0,"ALEXIS CASTILLOS ALARCON 1 SUR N° 865, PISO 10 OFICINA N° 102 EDIFIO TORRE TALCA (71)2228187",,gycgestionlimitada@gmail.com,PRIMERA,321 / 29-04-2021
MAULE,TE AYUDAMOS SPA,76.941.766-4,RODRIGO ALVAREZ VILLABLANCA CALLE RODRIGUEZ N 905 OF 204 EDIFICIO CERESUELA CURICO,987678875,egisteayudamos@gmail.com,TERCERA,352 / 06-05-2022
MAULE,PLANITEC MAS SPA,77.339.266-8,LAURA BEATRIZ SOTO DE GONZALEZ 3 PONIENTE N 1245 VILLA PRIMAVERA TALCA,(71)23160487,laurasoto.planitec@gmail.com,TERCERA,421 / 20-05-2021
MAULE,SOCIEDAD RIVERO Y COMPAÑÍA LIMITADA,76.492.789-3,LAURA RIVERO 1 SUR 1 PONIENTE EDIFICIO PLAZA N° 680 PISO 9 OF 904 TALCA,,laurariv17@gmail.com,TERCERA,432 / 08-06-2020
MAULE,CF CONSTRUCCION SPA,77.525.687-7,CESAR FABIAN CHANDIA MUENA LOS CONQUISTADORES PSJE RODRIGO DE URQUIOLA N 121 CAUQUENES,931831794,cfconstruccion2022@gmail.com,TERCERA,439 / 01-06-2022
MAULE,EP NUEVOS COMIENZOS SPA,77.317.651-5,RODRIGO ALEJANDRO QUIROZ PALACIOS VALLE BOLDO CALLE GLACIAR GREY N 187 CURICO,552922829,nuevoscomienzosep@gmail.com,TERCERA,441 / 01-06-2021
MAULE,CONSULTORA RAYUN SPA,77.097.009-1,CRISTIAN ADOLFO GONZALEZ MENDOZA 1 SUR N° 690 OFICINA 809 EDIFICIO PLAZA TALCA TALCA,953863457,consultorarayunspa@gmail.com,TERCERA,442 / 01-06-2022
MAULE,SOCIEDAD GESTORA DE PROYECTOS SOCIALES LIMITADA,76.547.650-K,"PAMELA BUSTAMANTE MOLINA ALBERTO MOZO N° 100, CURICÓ CURICO (075) 225494",,pbustamante@gespros.cl,PRIMERA,442 / 03-06-2021
MAULE,EGIS ILUSTRE MUNICIPALIDAD DE RETIRO,69.130.800-6,"ELIADA BEATRIZ BARRA FUENTES PRESIDENTE ERRAZURIZ,NUMERO 240 RETIRO (73)2620728",,epmunicipalidadretiro@gmail.com,ÚNICA,443 / 03-06-2021
MAULE,EGIS ILUSTRE MUNICIPALIDAD DE PARRAL,69.130.700-K,PAULA RETAMAL URRUTIA - SILVANNA CHANDIA ELGUETA CALLE DIECIOCHO N° 720 PARRAL - (73)2637788,77079155,felipe.cortinez@parral.cl,ÚNICA,444 / 03-06-2021
MAULE,EMPRESA DE GESTIÓN INMOBILIARIA PROMAULE LTDA.,76.789.954-8,"MARINA TAPIA SALDIAS COOPERATIVA PERSITAL, MANZANA 30 CASA 9 TALCA",961926311,promaule2018@gmail.com,TERCERA,465 / 15-06-2020
MAULE,LONCOMILLA SPA,76.401.383-2,PAMELA GATICA GUZMAN SARGENTO ALDEA N°2466 SAN JAVIER (73)2321219,,egis.loncomilla@gmail.com,SEGUNDA,466 / 15-06-2020
MAULE,SOCIEDAD CONSULTORA PARALELO PLUS LTDA.,76.818.656-1,"JOHANNA PEREIRA SANCHEZ BALMACEDA N° 329, OFICINA 18 CAUQUENES (73)2512875",,paraleloplus@gmail.com,TERCERA,467 / 15-06-2020
MAULE,DICASA SPA,77.028.113-K,CARLOS MATIAS HERRERA ROCO 1 NORTE N 841 BLOK A1 OFICINA 6 TALCA y +,71-2256120 / 56984333864,gestionsocialdicasa@gmail.com,SEGUNDA,472 / 09-06-2022
MAULE,ENTIDAD DE GESTION INMOBILIARIA SOCIAL TALCA ORIENTE,76.246.704-6,"JESSICA GONZALEZ - LORETO AYALA PORTAL LAS PALMAS, 30 SUR 19 ½ PONIENTE N° 26 TALCA",981587496,egis@talcaoriente.cl,PRIMERA,490 / 17-06-2020
MAULE,GESTION INMOBILIARIA PROFESIONAL LTDA.,76.856.449-3,FELIPE ESTEBAN VALENZUELA SAIZ MANUEL MONTT 248 OFICINA 5 CURICO –,75 2 321833 / 990474820,contactogesprov@gmail.com,TERCERA,492 / 18-06-2020
MAULE,ENTIDAD DE GESTION INMOBILIARIA SOCIAL CRUZ DEL MAULE LIMITADA,76.384.076-K,CHARLOTT CRUZ DUARTE 6 OTE 1075 OF 7 EDIF PAULA TALCA (71)2215144 /,940867124,charlottcruzduarte@gmail.com,SEGUNDA,500 / 19-06-2020
MAULE,LOS CIPRESES SPA,77.539.693-8,"JORGE YUNGE PAROT 30 ORIENTE N 1562 OF 908, EDIFICIO LAS RASTRAS III TALCA",712980999,jyungep@cipreses.cl,TERCERA,502 / 15-06-2022
MAULE,S&D INGENIERIA LIMITADA,76.744.504-0,"DANIELA PACHECO CASTRO Y SANDRO ALIQUINTUI VERA CATEDRAL Nº 319, OFICINA 207 CAUQUENES",932451826,daniela.pacheco.castro@gmail.com / syd.ingenieria17@gmail.com,SEGUNDA,512 / 26-06-2020
MAULE,ENTIDAD PATROCINANTE ELIM LIMITADA,76.556.195-7,FABIOLA CONTRERAS SOTO 12 ORIENTE NUMERO 92 VILLA BEMMEL TALCA,979655806,egiselim@gmail.com,TERCERA,513 / 16-06-2021
MAULE,SOCIEDAD AVE FENIX SPA,77.125.531-0,EMILIA ELISABETH SOLAR HUNTER 2 PONIENTE N 1061 DEP 310 TALCA,975503415,epfenixspa@gmail.com,TERCERA,526 / 02-07-2020
MAULE,GESTA CONSULTORES LIMITADA,76.469.550-K,"JULIO SANTOS PARADA - VICTOR RAMIREZ 2 NORTE, N°57 LONGAVI (73)2412336 /",987751546,gestaconsultores@gmail.com,PRIMERA,556 / 12-07-2021
MAULE,EGIS MUTRÚN LIMITADA,76.982.055-8,JOSÉ RAMOS FAÚNDEZ MONTT N ° 220 OF 8 CONSTITUCION /,966836705 / 9825456 49,e.mutrun@gmail.com,TERCERA,557 / 12-07-2021
MAULE,ALEX MAURICIO FUENTES SUAZO,13.614.775-7,"ALEX MAURICIO FUENTES SUAZO CALLE BALMACEDA,N°221,OF 13,GALERIA MIRIAM CAUQUENES (73)2513389",,fuentesasesoriatecnica@gmail.com,TERCERA,558 / 12-07-2021
MAULE,SOCIEDAD DE SERVICIOS HABITACIONALES Y GESTIÓN INMOBILIARIA SOCIAL CASAS DEL SUR,76.191.318-2,CLAUDIA ANDREA MUÑOZ MOLINA 3 ORIENTE 4 SUR N° 987 OF 1 Y 2 TALCA /,954188701 / 712- 386135,epcasasdelsur@gmail.com,TERCERA,559 / 12-07-2021
MAULE,CONSULTORA LICATEN SPA,76.675.937-8,PABLO ORMAZABAL MEDINA JUAN ESTEBAN MONTERO N° 90 LICANTEN,990888831,licantenconsultora@gmail.com,TERCERA,560 / 12-07-2021
MAULE,ASESORIA Y CONSTRUCCION MAAP SPA,77.353.711-9,DANIELA PACHECO CASTRO PSJE CURAHUE N 2562 CAUQUENES,979675517,maap.spa@gmail.com,TERCERA,575 / 12-07-2021
MAULE,CONSULTORA 7R SPA,77.075.409-7,ELSA CAROLINA LABRAÑA PINO MERCED N° 614 B CURICO,946686522,consultora7r@gmail.com,TERCERA,582 / 24-07-2020
MAULE,CONSULTORA PROYECTA SPA,77.152.963-1,"MIRIAM ALEJANDRA GUAGARDO MORAGA EDIFICIO LA MERCED, MERCED 235 BLOCK 3 OF.104 CURICO /",75- 2606146 / 9 97705100,egis.proyecta@yahoo.com,TERCERA,583 / 24-07-2020
MAULE,GESTION INMOBILIARIA Y CONSULTORA CONTI SPA,77.131.602-6,EDISON FELIPE FRITZ DÍAZ O'HIGGINS N° 280 CONSTITUCION,956541290,efritzd@gmail.com,TERCERA,584 / 24-07-2020
MAULE,MDOS CONSULTORES SPA,77.012.901-K,ERIKA ELIANA TAPIA MELLA IGNACIO CARRERA PINTO N° 345 OF 6 PARRAL,(73)2462192- 965797876,contacto@mdosconsultores.cl,SEGUNDA,585 / 24-07-2020
MAULE,AVANCEMOS LIMITDA,77.155.624-8,EVELYN VIVIANA ROJAS SÉPULVEDA 1 PONIENTE N 1258 OF 816 EDIFICIO PLAZA MAULE TALCA,981365462,evelyn.rojas.sepulveda@gmail.com,TERCERA,610 / 31-07-2020
MAULE,SOCIEDAD CONSULTORA DE PROYECTOS VICHUQUEN LIMITADA,76.020.481-1,ROSA MOLINA - ROBERTO MARTINEZ CALLE MERCED N ° 255 OFIC 109 CURICO (75)2313327,,contacto@consultoravichuquen.cl,PRIMERA,682 / 04-09-2020
MAULE,EGIS ILUSTRE MUNICIPALIDAD DE RAUCO,69.100.400-7,LUIS QUEZADA HERRERA AV. BALMACEDA N° 35 RAUCO (75)2564561,,egis@munirauco.cl,ÚNICA,691 / 10-08-2021
MAULE,SAUL DANIEL PARADA DE LA CRUZ,15.488.662-2,SAUL DANIEL PARADA DE LA CRUZ MANUEL RODRIGUEZ N° 445 EMPEDRADO,989777976,saul.parada@gmail.com,TERCERA,692 / 10-08-2021
MAULE,ELIZABETH PARDO GONZALES EMPRESA INDIVIDUAL DE RESPONSABILIDAD LIMITADA,76.653.869-K,JOCELYN ELIZABETH PARDO GONZALEZ 1 NORTE 11 Y 12 ORIENTE Nº 1803 A TALCA,978812967,egismirandoalfuturo@gmail.com,TERCERA,693 / 10-09-2021
MAULE,SOCIEDAD DE GESTIÓN TÉCNICA INNOVAR LTDA,77.163.864-3,"EDUARDO ANDRES VALDES DOMINGUEZ 12 1/2 NORTE A, N° 1430 TALCA /",987717658 / 712277613,innovarltda2020@gmail.com,TERCERA,703 / 16-09-2020
MAULE,INMOBILIARIA MI CASA LIMITADA,76.271.726-3,TAMARA VALESKA MÉNDEZ YÁÑEZ DIECIOCHO 450 INTERIOR PARRAL /,56442871645 / 97571 1952,egismicasa2013@gmail.com,SEGUNDA,711 / 13-08-2021
MAULE,EGIS ILUSTRE MUNICIPALIDAD DE COLBÚN,69.130.500-7,EDITH DEL CARMEN PACHECO CONTRERAS ADOLFO NOVOA N° 419 - COLBÚN COLBUN,(73) 2561146 - 78537600,egiscolbun@gmail.com,ÚNICA,730 / 18-08-2021
MAULE,INMOBILIARIA SAN JOAQUÍN SpA,76.435.235-1,"BERNARDITA ANDREA BRAVO GONZÁLEZ EDIFICIO CAPITANIA 2 SUR, ENTRE 1 Y 2 ORIENTE, 2° PISO, OFICINA N° 11 TALCA (71)2438036",,inmobiliariasanjoaquin@gmail.com,TERCERA,742 / 19-08-2021
MAULE,4 CANELOS ENTIDAD DE GÉSTION INMOBILIARIA SOCIAL SPA,77.001.499-9,"JOSE LUIS VÁQUEZ ARAYA FLOR DE CHILE, SITIO 5, LOTE 1 TALCA /cecilialoyolaempresas",975732765,jose.luis.vasquez.a@gmail.com / nehuen@gmail.com,TERCERA,743 / 19-08-2021
MAULE,INMOBILIARIA NEWEN SPA,77.214.845-3,"MARIA CECILIA DEL PILAR BARRERA ALARCÓN 1 NORTE N° 801, OF 903 TALCA",981422002,inmobiliarianewenspa@gmail.com,TERCERA,746 / 01-10-2020
MAULE,NOVA CASA SPA,77.195.182-5,"FRANCISCA MARLENE TEJO TAPIA 30 ORIENTE N° 1420, 3 PISO OF 302 TALCA",982731140,novacasa.spa@gmail.com,TERCERA,748 / 02-10-2020
MAULE,GESTION INMOBILIARIA RUCALHUE MAULE LIMITADA,76.221.478-4,CLAUDIA PARADA FARIAS 3 ORIENTE 4 Y 5 SUR N° 721 TALCA,9 82909527,rucalhuemaule@gmail.com,SEGUNDA,777 / 15-10-2020
MAULE,ASESORIAS Y GESTION EGIS VIDA NUEVA,76.457.968-2,IVAN ANTONIO VALDES ESPINOSA ANTONIO VARAS # 150. CAUQUENES (9),42718605,agvidanuevaltda@gmail.com,TERCERA,778 / 15-10-2020
MAULE,SOCIEDAD DE ASESORIA TECNICA MONTECINOS Y VIDAL LTDA,76.577.142-0,"CYNTHIA MONTECINOS MELLA EDIFICIO LA MERCED 241, TORRE A OF 104 CURICO",752319407,egisfuturo@outlook.com,TERCERA,779 / 15-10-2020
MAULE,EGIS ILUSTRE MUNICIPALIDAD DE CAUQUENES,69.120.400-6,LUIS ALEJANDRO FERNANDEZ JARAMILLO ANTONIO VARAS N° 466 CAUQUENES,732565293,egis.muni.cauquenes@gmail.com,ÚNICA,780 / 15-10-2020
MAULE,CONSULTORA SEPTIMO SUEÑO LIMITADA,76.442.108-6,MONICA ANDREA HERRERA VALENZUELA AVENIDA CEMENTERIO N°1457 MOLINA (75)2492783- (9),72145894,monica@septimosueno.cl,SEGUNDA,790 / 30-08-2021
MAULE,EGIS AMERICO VERA ROMERO EMPRESA INDIVIDUAL Y DE RESPONSABILIAD LIMITADA,76.419.854-9,"AMERICO VERA ROMERO DOS ORIENTE 3 Y 4 SUR,EDIFICIO LOS ROBLES DPTO 404 TALCA",977586305,rakiffe@gmail.com,TERCERA,795 / 30-08-2021
MAULE,PABLO LUCIANO SUMONTE ROJAS,13.858.432-1,PABLO LUCIANO SUMONTE ROJAS HUAMACHUCO N° 887 SAN CLEMENTE,985145525,psumonte1980@gmail.com,TERCERA,796 / 30-08-2021
MAULE,SALAZAR SpA,76.010.802-2,MARCO SALAZAR VILLA RAUQUEN CALLE LOS ROBLES N° 410 CURICO /,752327181 / 74951474,habimaule@gmail.com,PRIMERA,797 / 30-08-2021
MAULE,CESPEDES MAS LUNA ARQUITECTOS ASOCIADOS SPA,76.848.494-5,RODOLFO ALEJANDRO CESPEDES MUÑOZ 2 SUR N 853 EDIF CAPITANIA 2 PISO OF 15 TALCA,984739030,inmobiliaria.social.co.habitar@gmail.com,TERCERA,804 / 30-09-2021
MAULE,CONSULTORA E INMOBILIARIA PUMAITEN SPA,77.252.191-K,LUIS FELIPE JURY RIVEROS CALLE 035 CASA 2 LOS GUINDOS CURICO,934267764,consultorapumaiten@gmail.com,TERCERA,805 / 30-09-2021
MAULE,FUNDACION CRATE,70.552.800-4,JORGE BRITO OBREQUE 1 NORTE N° 550 PISO 4 TALCA (71)2231052 / (71)2210857,,administracion@crate.cl / juridicovivienda@crate.cl,PRIMERA,807 / 22-10-2020
MAULE,EGIS ILUSTRE MUNICIPALIDAD DE LICANTÉN,69.100.500-3,MARCELO FERNANDEZ VILOS JUAN ESTEBAN MONTERO 25 LICANTEN,(75)2555330 - 68996721,egis.licanten@gmail.com,ÚNICA,808 / 23-10-2020
MAULE,HABITAT CRATE LIMITADA,76.156.045-K,GABRIELA ANDREA DEL PINO NAVARRETE 18 ORIENTE Y 4 SUR LOTE A 8850 TALCA (71)2231065,,administracion@crate.cl,PRIMERA,809 / 23-10-2020
MAULE,EMPRESA DE GESTÓN INMOBILIARIA NUEVA CASA LTDA,76.998.531-K,JOCELYN DANIELA SOTO NEIRA 9 1/2 SUR N°285 TALCA,(71)2435397 - 941736124,egisnuevacasa@gmail.com,TERCERA,827 / 03-09-2021
MAULE,CONSTRUYENDO SUEÑOS LIMITADA,77.033.662-7,"PAULO ANDRES QUIROGA QUIROGA 38 1/2 ORIENTE 6 1/2 SUR N° 577, HUERTOS DE SAN MIGUEL TALCA",979013288,egisconstruyendosuenos@gmail.com,TERCERA,828 / 03-09-2021
MAULE,PATRICIO ESTEBAN BENAVENTE MEZA,17.967.900-0,PATRICIO ESTEBAN BENAVENTE MEZA SAN FRANCISCO N° 205 CAUQUENES,984108499,pbenaventemeza@gmail.com,TERCERA,834 / 29-10-2020
MAULE,ENTIDAD PATROCINANTE RV LIMITDA,77.207.975-3,"JOCELYN NICOLE REYES BUSTAMANTE 14 SUR N° 1401, VILLA EL ESFUERZO TALCA (71)2274155",,entidadpatrocinanterv@gmail.com,TERCERA,835 / 29-10-2020
MAULE,CONSULTORA E INMOBILIARIA BUENAVISTA SPA,76.521.196-4,EDUARDO BRAVO CANALES MERINO JARPA #27 CURICO /,84799101 / 961587 93,consultorabuenavista@gmail.com,TERCERA,841 / 03-11-2021
MAULE,CONSTRUCCIONES SANTA SOFIA SpA,76.649.122-7,JUAN CARLOS ARANDA ARANDA YERBAS BUENAS N° 1309 MOLINA,442928099,contacto@egissantasofia.cl,TERCERA,847 / 24-07-2019
MAULE,PROYECTO TALCA DEL MAULE LIMITADA,76.207.604-7,GABRIELA ROJAS DOMINGUEZ 3 ORIENTE 2 Y 3 NORTE 1326 EDIFICIO RUGENDAS DPTO 2D TALCA,981375423,protalca@gmail.com,TERCERA,870 / 13-11-2020
MAULE,EGIS ILUSTRE MUNICIPALIDAD DE CONSTITUCIÓN,69.120.100-7,FABIAN MANUEL PÉREZ HERRERA PORTALES 450 CONSTITUCION (71)2249967,,egis.constitucion@gmail.com,ÚNICA,905 / 17-11-2020
MAULE,ENTIDAD PATROCINANTE IGNACIO SALAS SANDOVAL SPA,76.364.275-5,IGNACIO GABRIEL SALAS SANDOVAL FREIRE 789 LINARES (73)2331152,,entidadepis@gmail.com,TERCERA,906 / 17-11-2020
MAULE,SOCIEDAD ENTIDAD PATROCINANTE HONORATO LIMITADA,76.906.158-4,MARIA EUGENIA VALDES ALFARO 1 SUR EDIFICIO TORRE TALCA N°865 OF 62 TALCA,71-2233623,contacto@ihonorato.cl,TERCERA,907 / 23-09-2021
MAULE,EMPRESA DE GESTIÓN INMOBILIARIA CENTRO-SUR LIMITADA,76.154.306-7,ANDREA CEA PAVEZ 9 ORIENTE N°2034 9 Y 10 NORTE TALCA (71)2215207,,contacto@egiscentrosur.cl,SEGUNDA,909 / 23-09-2021
MAULE,I. MUNICIPALIDAD DE MOLINA,69.110.100-2,"PRISCILLA CASTILLO GERLI GALERIA AV QUECHEREGUAS 1639, OFICINA 2 Y 3 MOLINA",964549776,egisvivienda@molina.cl,ÚNICA,917 / 28-09-2021
MAULE,EGIS MUNICIPALIDAD DE TALCA,69.110.400-1,PATRICITA ELENA ALBORNOZ AVENDAÑO 1 ORIENTE N 1384 TALCA,92556060- 712 203858,egismunicipal@talca.cl,ÚNICA,942 / 30-09-2021
MAULE,SOCIEDAD AVANCEMOS JUNTOS LIMITADA,77.036.465-5,CONSTANZA DANIELA MORALES ALEGRIA POBLACION LA UNION CALLE NUEVA ESPERANZA N° 1447 CAUQUENES,950582068,egisavancemosjuntos@gmail.com,TERCERA,943 / 30-09-2021
MAULE,INMOBILIARIA NUEVO HOGAR SPA,76.725.669-8,"MARIA JOSE VERDUGO ALBORNOZ CALLE MANUEL RODRIGUEZ S/N, CAMAICO RIO CLARO",984776809,nuevohogarspa@gmail.com,TERCERA,944 / 30-09-2021
MAULE,CONSULTORA FORJANDO DIGNIDAD LIMITADA,76.842.995-2,VARINNIA ANDREA TERRAZA GIACAMAN KURT MOLLER N 22 LINARES,932969982,fodidelmaule@gmail.com,TERCERA,950 / 30-09-2021
MAULE,SOCIEDAD DE SERVICIOS HABITACIONALES CASA PROPIA LIMITADA,76.353.560-6,"LUIS LOZANO DONAIRE CALLE 4 NORTE,N° 620, QUINTO PISO, OFICINA 501, ALAMEDA TALCA (71)2511030",,casapropia@casapropiatalca.cl,PRIMERA,953 / 01-10-2021
MAULE,CONSTRUCTORA CLAUDIA MARINA ARENAS IBARRA E.I.R.L.,76.354.116-9,"CLAUDIA MARINA ARENAS IBARRA ESTADO 175, OFICINA 8-A, 2° PISO CURICO /",752314493 / 9841260 96,construareirl@mail.com,TERCERA,957 / 01-10-2021
MAULE,ENTIDAD PATROCINANTE NUEVA ERA LTDA,77.006.497-k,EUGENIA GODOY ROJAS ALONZO DE ERCILLA PAS 4 1/2 NORTE B INTERIOR N° 3464 TALCA,228958523,egisnuevaera@gmail.com,TERCERA,967 / 08-10-2021
MAULE,CONSTRUCTORA E INMOBILIARIA 4 CANELOS SPA,77.362.089-K,"EDUARDO ENRIQUEZ ARAYA VASQUEZ PANGUILEMO SUR, KM 244 S/N TALCA",994494085,4canelos@gmail.com,TERCERA,968 / 08-10-2021
MAULE,EGIS ILUSTRE MUNICIPALIDAD DE CURICO,69.100.100-8,MARÍA CAROLINA ARIAS SEGUEL CALLE ARGOMEDO N° 213 CURICO (75)2547633 / /,9971763928,ENCARGADAEGIS@CURICO.CL / egis@curico.cl,ÚNICA,973 / 24-11-2020
MAULE,NEXO SPA,76.864.017-3,"XIMENA DE LOURDES DURAN ROJA LA MARQUEZA CALLE MANUEL CORREA N° 257, CASA 9 CURICO",752336761,ximena.nexo@gmail.com,TERCERA,974 / 24-11-2020
MAULE,EGIS PROGRESA SPA,77.171.635-0,CARLOS ANTONIO NUÑEZ FARIAS MAIPU N° 479 CURICO (75)2260594,,egis.progresaspa@gmail.com,TERCERA,987 / 27-11-2020
MAULE,CONSULTORA CURICOSUR LIMITADA,77.027.272-6,MARIA CORDERO AVENIDA CAVALIN N° 87 SARMIENTO CURICO,984709909,info.curicosur@gmail.com,TERCERA,997 / 21-10-2021
MAULE,ASESORIA JOSE QUEZADA SALAS EMPRESA INDIVIDUAL DE RESPONSABILIDAD LIMITADA,76.719.162-6,"JOSE QUEZADA SALAS BALMACEDA 221, OFICINA Nº12 CAUQUENES",942955336,fuentesalegria.psat@gmail.com,TERCERA,1044 / 03-11-2021
MAULE,CONSTRUCTORA CARLOS GONZÁLES BELTRÁN EMPRESA INDIVIDUAL DE RSPONSABILIDAD LIMITADA,76.925.960-0,"CARLOS GONZALEZ BELTRAN MERCED 255, OFICINA 402 CURICO (75)2315821",,constructora.murano@gmail.com,TERCERA,1061 / 03-11-2021
MAULE,EGIS E Y M LIMITADA,76.219.594-1,ESTEBAN PEREZ ARRIAGA POBL. MAITENHUAPI 15 ORIENTE N° 1672 TALCA (71)2247432,,egiseym@gmail.com,SEGUNDA,1075 / 08-11-2021
MAULE,CONSTRUCTORA LOMAS DEL MAULE LTDA.,52.001.128-5,MARIO ALFONSO PEREZ VILCHES O'HIGGINS N°583 OFICINA 3 CONSTITUCION,98850953 71-2676751,Constructoramperez@gmail.com,PRIMERA,1101 / 17-11-2021
MAULE,EGIS BARRIO VIVO SpA,76.846.095-7,"URIEL ISAAC VELOSO LAGOS VILLA DOÑA GLORIA II, 15 PONIENTE 22 1/2 SUR N° 0274 TALCA /",228862217 / 9520145 37,egisbarriovivo@gmail.com,SEGUNDA,1102 / 17-11-2021
MAULE,LAMBDA INMOBILIARIA SPA,76.760.839-K,"RODRIGO ARIEL GARCIA GONZALEZ 1 PONIENTE N° 1258, 5 PISO OFICINA 501 TALCA / /",71-2273608 / 965992112 / 9666895 80,lambdainmobiliaria@gmail.com,TERCERA,1103 / 17-11-2021
MAULE,INMOBILIARIA SOCIAL GENIAL TU CASA LTDA,77.035.015-8,OSVALDO SALAS 1 SUR 1 Y 2 ORIENTE #85 EDIFICIO TORRE TALCA PISO 12 OFICINA 121 TALCA / / .,981378446 / 94927789 / 712472685,egisgenialtucasa@gmail.com,TERCERA,1161 / 29-11-2021
MAULE,ENTIDAD ACROPOLIS MAXIMILIANO ANDRES URBINA SAAVEDRA EIRL,77.464.097-5,MAXIMILIANO ANDRES URBINA SAAVEDRA 2 SUR N 870 PISO 15 OF 1502 TALCA,956502176,acropolis.egis.vii@gmail.com,TERCERA,1210 / 07-12-2021
MAULE,INMOBILIARIA ANDES DEL MAULE SPA,77.449.624-6,WILMA ELIZABETH SALAZAR OSSES CALLE INDEPENDENCIA N 85 OF 501 LINARES,973061862,andesdelmaule@gmail.com,TERCERA,1267 / 17-12-2021
MAULE,CIMA ASESORES SPA,77.455.031-3,JOSE MATIAS MUÑOZ JARA 2 NORTE N° 1681 OFICINA 1 TALCA,974187250,cimaasesores.talca@gmail.com,TERCERA,1268 / 17-12-2021
MAULE,OIKOS SPA,77.470.319-5,GINET MICAL ZUÑIGA ALDANA SARGENTO ALDEA N 2626 SAN JAVIER,957907726,egisoikosspa@gmail.com,TERCERA,1289 / 23-12-2021
ÑUBLE,ASISTENCIA TÉCNICA ALTO HORIZONTE LIMITADA,76.940.287-K,NICOLE CABRERA PARRA CALLE ERASMO ESCALA N° 125 CHILLÁN VIEJO,422252074 930759733,asistenciatecnicaaltohorizonte@gmail.com,TERCERA,208 / 01-08-2019
ÑUBLE,ENTIDAD PATROCINANTE CONSTRUCTORA IRAIRA LTDA.,76.524.990-2,FRANZ IRAIRA QUEZADA AVENIDA FRANCIA N° 325 CHILLÁN,422272062 989205668,info@iraira.cl / firaira@iraira.cl,PRIMERA,218 / 12-08-2019
ÑUBLE,SERVICIOS Y ASESORÍAS INMOBILIARIAS Y HABITACIONALES CENTRO LIMITADA,76.972.118-5,"NICOLÁS BADILLA GUTIÉRREZ CALLE 18 DE SEPTIEMBRE N° 246, PISO 11, OF.1109 CHILLÁN",982488916,epcentronuble@gmail.com,PRIMERA,248 / 23-08-2019
ÑUBLE,ENTIDAD PATROCINANTE LOS LLEUQUES SPA,76.869.281-5,KAREN FUENTES NAVARRETE CALLE MATTA N° 327 SAN CARLOS,422476264,eploslleuques@gmail.com,SEGUNDA,258 / 03-09-2019
ÑUBLE,ASISTENCIA TÉCNICA LOS NOGALES SPA,76.987.421-6,CIRO RUBILAR ALARCÓN BULNES N° 309 CHILLÁN,986444591,ep.losnogales@gmail.com,TERCERA,278 / 23-09-2019
ÑUBLE,ILUSTRE MUNICIPALIDAD DE QUIRIHUE,69.140.100-6,LEILA GASAUI IRRIBARRA CALLE ESMERALDA N° 698 QUIRIHUE,422531393 978211599,egisquirihue@gmail.com,ÚNICA,279 / 23-09-2019
ÑUBLE,CONSTRUCCIÓN Y GESTIÓN INMOBILIARIA CREA LTDA.,76.918.995-5,SIHGRI RIVERA JARA CALLE 18 DE SEPTIEMBRE N° 14 CHILLÁN,422323503,egrcrealtda@gmail.com,SEGUNDA,288 / 26-09-2019
ÑUBLE,ENTIDAD PATROCINANTE GESTIÓN ACTIVA LTDA.,77.008.083-5,LUIS TORRES ARTEAGA CALLE CONSTITUCIÓN N° 339 CHILLÁN,974358465,epgestionactiva@gmail.com,TERCERA,284 / 26-09-2019
ÑUBLE,SOCIEDAD CONSULTORA MARGARITA BRAVO LTDA.,77.006.862-2,MARGARITA BRAVO SÁNCHEZ GAMERO N° 964 CHILLÁN,422503048 985068415,mbravoconsultoresltda@gmail.com,TERCERA,294 / 02-10-2019
ÑUBLE,CARRASCO Y CARRASCO CONSULTORES SPA,76.610.870-9,"RAQUEL VILUGRÓN FERNÁNDEZ FUNDO SAN JOAQUÍN LOTE 7 Y 8, KM. 7,9 CHILLÁN VIEJO",422423710 42452590,egis@hyc.cl,PRIMERA,350 / 22-11-2019
ÑUBLE,ILUSTRE MUNICIPALIDAD DE PORTEZUELO,69.140.200-2,YECSICA FARÍAS PONCE O'HIGGINS N° 403 PORTEZUELO,422200800 227976858,egis@mportezuelo.cl / viviendaportezuelo@gmail.com,ÚNICA,388 / 17-12-2019
ÑUBLE,ENTIDAD PATROCINANTE FUENZALIDA Y VILLA LTDA.,77.052.353-2,"OLGA SEPÚLVEDA PÉREZ CALLE 18 DE SEPTIEMBRE N° 414, OF. 3, SEGUNDO PISO CHILLÁN",990223511,puelo.entidadpatrocinante@gmail.com,TERCERA,394 / 23-12-2019
ÑUBLE,SOCIEDAD DE GESTIÓN INMOBILIARIA ANDALUZ LTDA.,76.319.623-2,"YOSELIN SEPÚLVEDA MAUREIRA AV. LIBERTAD N° 640, OF. 209 CHILLÁN",422835224,egisandaluz@gmail.com,PRIMERA,1 / 03-01-2020
ÑUBLE,CONSULTORA E INMOBILIARIA CONKRETA SPA,76.358.869-6,EDGARDO SILVA SANDOVAL BLANCO ENCALADA N° 39 CHILLÁN,422329261 977492874,consultoraconkreta@gmail.com,TERCERA,3 / 03-01-2020
ÑUBLE,ILUSTRE MUNICIPALIDAD DE BULNES,69.141.200-8,FAHD HIDD VIVALLOS CARLOS PALACIOS N° 418 BULNES,422631488,egisbulnes@imb.cl,ÚNICA,2 / 03-01-2020
ÑUBLE,CONSTRUCTORA Y ASISTENCIA TÉCNICA LA TOSCANA LTDA.,76.411.500-7,"IRMA PLACENCIA CAVALLIERI JOSÉ JOAQUÍN PÉREZ N° 360, SEGUNDO PISO QUIRIHUE",422530437,sociallatoscana@gmail.com / casastoscana@yahoo.es,SEGUNDA,36 / 31-01-2020
ÑUBLE,ENTIDAD DE GESTIÓN INMOBILIARIA Y SOCIAL LOS OLIVOS LTDA,76.607.029-9,MARYORIE SEPÚLVEDA CRISÓSTOMO CALLE VEGA DE SALDÍAS N° 428 CHILLÁN,422234460,egis.losolivosltda@gmail.com,SEGUNDA,34 / 31-01-2020
ÑUBLE,"INGENIERÍA, DISEÑO, ARQUITECTURA Y CONSTRUCCIÓN LTDA.",76.085.781-5,"ORLANDO MÉNDEZ ZURITA MARTÍN RUIZ DE GAMBOA N° 634, LOCAL 10 CHILLÁN",994725106,epatrocinante.idac@gmail.com / epatrocinante2.idac@gmail.com,TERCERA,35 / 31-01-2020
ÑUBLE,SOCIEDAD CONSTRUCTORA MOLINA Y ROMERO LTDA.,89.903.500-3,VÍCTOR ROMERO MOLINA AV. COLLÍN N° 950 CHILLÁN,42227743,constructoraromero@gmail.com,TERCERA,37 / 31-01-2020
ÑUBLE,SERVICIOS Y CONSTRUCCIONES LC LTDA.,76.077.348-4,"BERNARDO HEREDIA NÚÑEZ LOTE 2-C, FUNDO BOYÉN, CAMINO A PINTO CHILLÁN",412222951 974763118,bheredia@constructoralc.cl,TERCERA,44 / 07-02-2020
ÑUBLE,ILUSTRE MUNICIPALIDAD DE EL CARMEN,69.141.700-K,ELIZABETH UMANZOR SEPÚLVEDA JUVENAL HERNÁNDEZ JAQUE N° 314 EL CARMEN,422503385 950920184,egis@municipalidadelcarmen.cl,ÚNICA,65 / 25-02-2020
ÑUBLE,SOCIEDAD DE SERVICIOS INMOBILIARIOS Y HABITACIONALES ESPINOZA Y AEDO LTDA.,76.059.088-6,"VERÓNICA ESPINOZA FUENTES CALLE 5 DE ABRIL N° 934, OF. 11 CHILLÁN",422548083,egis.aye@gmail.com,PRIMERA,75 / 09-03-2020
ÑUBLE,SERVICIOS FINANCIEROS E INMOBILIARIOS CREDYHOGAR LIMITADA,76.062.200-1,MARÍA INÉS RODRÍGUEZ CONSTITUCIÓN N° 215 CHILLÁN,984799646 225519674,mrodriguez@credyhogar.cl / avcnuble@credyhogar.cl,TERCERA,76 / 09-03-2020
ÑUBLE,ILUSTRE MUNICIPALIDAD DE COELEMU,69.150.200-7,FRANCISCO MALIO CAAMAÑO PEDRO LEÓN GALLO N° 609 COELEMU,422556605,epcoelemu@gmail.com,ÚNICA,78 / 09-03-2020
ÑUBLE,ENTIDAD PATROCINANTE EMMANUEL SPA,76.044.052-3,FRANCISCO MACHUCA HERNÁNDEZ BARBOZA N° 528 CHILLÁN VIEJO,422250030,ep.emmanuel.spa@gmail.com,PRIMERA,144 / 13-05-2020
ÑUBLE,SOCIEDAD INMOBILIARIA GARCÍA Y BARBERIS LTDA.,76.016.702-9,"LUIS GUSTAVO DURÁN SOTO INDEPENDENCIA N° 233, OF. 6 CHILLÁN",412221597 976497518,egisconastec@gmail.com,PRIMERA,138 / 13-05-2020
ÑUBLE,GESTIONES LONQUEN LTDA.,76.768.255-7,"MAURO ESPINOZA BRIONES CALLE 5 DE ABRIL N° 611, OF. 2, SEGUNDO PISO CHILLÁN",422503160 997112554,gestioneslonquen@gmail.com,PRIMERA,140 / 13-05-2020
ÑUBLE,ENTIDAD DE GESTIÓN INMOBILIARIA Y SOCIAL SAN AGUSTÍN LTDA.,76.450.754-1,MARCELO MELLA CONTRERAS CALLE RIQUELME N° 188 SAN CARLOS,422412176,egissanagustin@gmail.com,TERCERA,141 / 13-05-2020
ÑUBLE,CONSULTORA DE GESTIÓN HABITACIONAL AREASUR LIMITADA,76.041.780-7,"JAVIER NOVOA CAPPONI AV. LIBERTAD N° 455, PISO 13, OFICINA 1305 CHILLÁN",412210168 953841598,areasur@areasur.cl,PRIMERA,171 / 28-05-2020
ÑUBLE,SERVICIOS Y ASESORÍAS INMOBILIARIAS Y HABITACIONALES BIOBÍO LTDA.,76.011.034-5,ENRIQUE MARTÍNEZ HERNÁNDEZ CALLE PURÉN N° 425 CHILLÁN,949706721,biocej@gmail.com,PRIMERA,182 / 03-06-2020
ÑUBLE,ENTIDAD PATROCINANTE SUR LTDA.,76.749.551-K,ANDRÉS VERA SANDOVAL CALLE LIBERTAD N° 140 CHILLÁN,949706721,epsurltda@gmail.com,PRIMERA,185 / 03-06-2020
ÑUBLE,COOPERATIVA DE TRABAJO ASECOOP LTDA.,77.885.200-4,"ROBERTO GARCÍA RAMÍREZ AV. ARGENTINA N° 23, OF. 5 CHILLÁN",984821918,asecoop@gmail.com,SEGUNDA,183 / 03-06-2020
ÑUBLE,COSTA Y ASOCIADOS LIMITADA,76.796.680-6,ÁLEX COSTA CORNEJO CONSTITUCIÓN N° 1050 CHILLÁN,422281287 994608092,ep.sanjoseltda@gmail.com / alexcostacornejo@gmail.com,TERCERA,184 / 03-06-2020
ÑUBLE,ENTIDAD DE GESTIÓN INMOBILIARIA Y SOCIAL PROYEKTA LTDA.,76.810.803-K,"MARCELO MELLA CONTRERAS CALLE RIQUELME N° 188, OF. 2 SAN CARLOS",940908140,egisproyektaltda@gmail.com,TERCERA,190 / 08-06-2020
ÑUBLE,ENTIDAD PATROCINANTE ACOGE ASESORÍAS Y CONSULTORÍAS LTDA.,76.556.762-9,"MAURICIO MORA BARRERA JOSÉ JOAQUÍN PRIETO N° 324, 2° PISO CHILLÁN",422542444 978503940,acogeconsultorias@gmail.com,TERCERA,201 / 12-06-2020
ÑUBLE,ILUSTRE MUNICIPALIDAD DE SAN NICOLÁS,69.140.800-0,MARTA PARRA BELLO AVENIDA ARTURO PRAT N° 202 SAN NICOLÁS,997358412,sannicolas.ep@gmail.com / dideco.munisannicolas@gmail.com,ÚNICA,204 / 15-06-2020
ÑUBLE,MARÍA IGNACIA ROMO ZIEBRVECHT,17.128.715-4,"MARÍA IGNACIA ROMO ZIEBRVECHT PASAJE 12 N° 272, VILLA SAN MARTÍN CHILLÁN",998448760,entidadpatrocinante.mirz@gmail.com,TERCERA,213 / 22-06-2020
ÑUBLE,ENTIDAD PATROCINANTE EMPRESA CONSTRUCTORA PAOLA LAMAS Y COMPAÑÍA LTDA.,77.834.330-4,PAOLA LAMAS ALEGRÍA SAMUEL BAMBACH N° 254 COELEMU,443687864 983500897,constructoralamas@hotmail.com,TERCERA,222 / 01-07-2020
ÑUBLE,SOCIEDAD CONSULTORA DIGNIFICA LTDA.,76.332.067-7,"NATALIA VENEGAS SEPÚLVEDA CALLE 18 DE SEPTIEMBRE N° 695, OFICINA N° 4A, EDIFICIO ALICO CHILLÁN",4224161831 963358369,consultoradignifica@gmail.com,PRIMERA,235 / 13-07-2020
ÑUBLE,SOCIEDAD CONSTRUCTORA COIQUEN LTDA.,76.249.889-8,HERNÁN BUSTOS ROMERO ESMERALDA N° 575 QUIRIHUE,942585458,constructoracoiquen@gmail.com,TERCERA,245 / 20-07-2020
ÑUBLE,NUEVA COIQUEN ENTIDAD DE GESTION INMOBILIARIA SOCIAL SOCIEDAD DE RESPONSABILIDAD LIMITADA,76.643.347-2,JONATHAN SOTO RAMÍREZ ESMERALDA N° 575 A QUIRIHUE,422530130 942585458,egr.nuevacoiquen@gmail.com,TERCERA,244 / 20-07-2020
ÑUBLE,CONSULTORA E INVERSIONES RED ÑUBLE LTDA.,76.141.663-4,"PAOLA MUÑOZ RODRÍGUEZ CALLE BULNES N° 470, PISO 3, OF. 36 CHILLÁN",42876146 42876145,rednubleinversiones@gmail.com,SEGUNDA,250 / 21-07-2020
ÑUBLE,ORGANIZACIÓN NO GUBERNAMENTAL DE DESARROLLO Y JUSTICIA SOCIAL ACCIÓN SOLIDARIA,65.070.982-9,SUSANA VIDAL PEÑA CALLE 5 DE ABRIL N° 191 CHILLÁN,942299784,ong.accionsolidaria@gmail.com,TERCERA,279 / 13-08-2020
ÑUBLE,SERVICIOS SOCIALES Y DE GESTIÓN ÑUBLEHOGAR LTDA.,76.799.055-3,"OMAR REBOLLEDO SÁEZ MAIRA CASTELLÓN N° 386, ÑIPAS RÁNQUIL",422556010,nublehogar@gmail.com,TERCERA,310 / 02-09-2020
ÑUBLE,ENTIDAD PATROCINANTE LA MIA ATTIVITÁ LIMITADA,76.591.554-6,SOLANGE LEONELLI MARTÍNEZ LUIS ARELLANOS N° 109 CHILLÁN VIEJO,422521328 963921497,sleonelli.sl@gmail.com / lma.ltda.e.p.@gmail.com,TERCERA,395 / 03-11-2020
ÑUBLE,ENTIDAD DE GESTIÓN INMOBILIARIA Y SOCIAL PUNILLA SPA,77.204.801-7,"VÍCTOR SEPÚLVEDA NAVARRETE CALLE BULNES N° 695, OF. 3 CHILLÁN",926192775,ep.punilla@gmail.com,TERCERA,9 / 14-01-2021
ÑUBLE,ENTIDAD DE GESTIÓN INMOBILIARIA Y SOCIAL MEJOR HOGAR SPA,77.196.061-8,"VÍCTOR SEPÚLVEDA NAVARRETE CALLE BULNES N° 695, OF. 5 CHILLÁN",996314568,ep.mejorhogar@gmail.com,TERCERA,11 / 14-01-2021
ÑUBLE,RODRIGO VELOSO AEDO,15.217.770-4,"RODRIGO VELOSO AEDO FUNDO SAN ANTONIO, LOTE 2-1, KM. 0,2, VARIANTE A SAN IGNACIO S/N SAN IGNACIO",966545582 956191131,eprodrigoveloso@gmail.com,TERCERA,103 / 26-03-2021
ÑUBLE,SOCIEDAD INMOBILIARIA G Y C GESTIÓN LIMITADA,76.031.053-0,"ALEXIS CASTILLO ALARCÓN CALLE FREIRE N° 496, 1° PISO SAN CARLOS",977755181,gycgestionlimitada@gmail.com,PRIMERA,147 / 07-05-2021
ÑUBLE,INGENIERÍA GESTIÓN Y SERVICIOS LIMITADA,77.083.409-0,OLGA ANTEZANA ZURITA CALLE MAIPÓN N° 577 CHILLÁN,948556341,ingese.oficial@gmail.com,TERCERA,148 / 07-05-2021
ÑUBLE,SOCIEDAD CONSULTORA MARGARITA BRAVO SPA,77.279.241-7,MARGARITA BRAVO SÁNCHEZ GAMERO N° 964 CHILLÁN,985068415,mbravoconsultores.spa@gmail.com,TERCERA,218 / 09-07-2021
ÑUBLE,ASISTENCIA TÉCNICA CONSTRUYE LTDA.,77.303.661-6,SOFÍA MEDINA GUTIÉRREZ GENERAL VELÁSQUEZ N° 499 CHILLÁN VIEJO,422252074 930759733,asistenciatecnicaconstruye@gmail.com,TERCERA,231 / 14-07-2021
ÑUBLE,SOCIEDAD CONSULTORA CUMBRES LIMITADA,76.029.886-7,ERICA SANDOVAL GARAY GAMERO N° 520 CHILLÁN,998726094,cumbres.limitada@gmail.com,SEGUNDA,258 / 05-08-2021
ÑUBLE,ASISTENCIA TÉCNICA 3 MONTES LTDA.,77.310.963-K,NATALY DOMÍNGUEZ MUNDACA CALLE ROSAS N° 694 CHILLÁN,233660901 957865348,asistenciatecnicatresmontes@gmail.com,TERCERA,264 / 09-08-2021
ÑUBLE,SERVICIOS HABITACIONALES CHILE LIMITADA,76.229.208-4,"DENNIS MACAYA ESPINOZA CALLE 18 DE SEPTIEMBRE N° 246, OF. 711, SÉPTIMO PISO, EDIFICO 18-S CHILLÁN",413160205 413160200,dmacaya@shchile.cl / lluna@ihv.cl,PRIMERA,272 / 17-08-2021
ÑUBLE,ILUSTRE MUNICIPALIDAD DE PEMUCO,69.141.600-3,VIOLETA VEGA ABELLO SAN MARTÍN N° 498 PEMUCO,422259500 978482451,egis.pemuco@gmail.com,ÚNICA,273 / 17-08-2021
ÑUBLE,GESTIÓN INMOBILIARIA Y SOCIAL TRAYENCO SPA,77.285.025-5,BÁRBARA RODRÍGUEZ CEA GAMERO N° 338 CHILLÁN,974783710,eptrayencospa@gmail.com,PRIMERA,312 / 02-09-2021
ÑUBLE,ILUSTRE MUNICIPALIDAD DE CHILLÁN,69.140.900-7,RODRIGO MONTENEGRO SAGREDO 18 SEPTIEMBRE N° 510 CHILLÁN,422832820 422832822,rmontenegro@municipalidadchillan.cl / ccarrasco@municipalidadchillan.cl,ÚNICA,271 / 21-12-2021
ÑUBLE,M Y C SPA,77.270.195-0,"MARIO SALGADO MIRANDA EL ROBLE N° 627, 3° PISO CHILLÁN",932478978,entidadpatrocinantemycspa@gmail.com,TERCERA,10 / 13-01-2022
ÑUBLE,SERVICIOS Y ASESORÍAS INMOBILIARIAS Y HABITACIONALES ÑUBLE UNIÓN SPA,77.003.841-3,"IRMA BUSTOS GATICA CALLE BULNES N° 832, OF. 21 CHILLÁN",933775108,nubleunion@gmail.com,TERCERA,116 / 22-02-2022
ÑUBLE,CONSULTORA NUEVO DESARROLLO GESTIÓN INMOBILIARIA Y SOCIAL SPA.,77.486.895-K,"JUAN PONCE SANDOVAL LIBERTAD N° 887, OF. 301 CHILLÁN",422595170,consultoranuevodesarrollo@gmail.com,TERCERA,122 / 28-02-2022
ÑUBLE,ASISTENCIA TÉCNICA LOS ALPES SPA,77.497.815-1,"CAROLINA BAO CÁCERES VEGA DE SALDÍAS N° 428, OFICINA C CHILLÁN",994737767 972968047,asistenciatecnica.losalpes@gmail.com,TERCERA,146 / 10-03-2022
ÑUBLE,ASESORÍAS HABITACIONALES CUMELEN LTDA.,77.451.104-0,"SERGIO PINO GONZÁLEZ JOSÉ JOAQUÍN PRIETO N° 324, 1° PISO CHILLÁN",422294918,egiscumelen@gmail.com,TERCERA,213 / 20-04-2022
ÑUBLE,CONSULTORA NUEVA VISIÓN SPA,77.556.841-0,"ELIZABETH RIVAS LÓPEZ CAMINO LAS PIEDRAS S/N, SECTOR QUIRIQUINA SAN IGNACIO",986533109,consultoranuevavisionspa@gmail.com,TERCERA,260 / 30-05-2022
ÑUBLE,SERVICIOS HABITACIONALES ITATAHOGAR LTDA.,77.562.604-6,OMAR REBOLLEDO SÁEZ PUEBLO VIEJO S/N RÁNQUIL,422556010 977273043,itatahogar@gmail.com,TERCERA,289 / 10-06-2022
ÑUBLE,ASISTENCIA TÉCNICA SAN ALBERTO LIMITADA,77.603.359-6,"MARYORIE SEPÚLVEDA CRISÓSTOMO CALLE BULNES N° 470, 2° PISO, OF. 22, PUERTA C CHILLÁN",972968047,asistenciatecnicasanalberto@gmail.com,TERCERA,435 / 25-08-2022
ÑUBLE,ENTIDAD PATROCINANTE INNOVA SPA,77.600.454-5,"LUIS TORRES ARTEAGA PASAJE PALMA N° 518, ARBOLEDA LANTAÑO CHILLÁN",986426386,entidadpatrocinante.innova@gmail.com,TERCERA,434 / 25-08-2022
ÑUBLE,ENTIDAD PATROCINANTE PEHUEN SPA,77.606.525-0,"CRISTOPHER ABATTE HEPP LOTE 2, EL MAITÉN LOTE 12 COIHUECO",985133837,cabatte@inmobiliariapehuen.com,TERCERA,509 / 29-09-2022
ÑUBLE,GESTIÓN INMOBILIARIA TRINIDAD SPA,77.650.878-0,BELÉN LEMUNAO NAVARRETE PROLONGACIÓN RECABARREN N° 214 CHILLÁN,422296170,gestioninmobiliariatrinidad@gmail.com,TERCERA,41 / 17-02-2023
ÑUBLE,ENTIDAD PATROCINANTE EMUNÁ LIMITADA,77.629.983-9,DANIELA OLATE SCHURCH CALLE ROSAS N° 569 CHILLÁN,923940017 422873121,entidadpatrocinanteemuna@gmail.com,TERCERA,97 / 28-03-2023
ÑUBLE,OVAL ENTIDAD PATROCINANTE LIMITADA,76.094.195-6,"YASNA MATURANA WILDE ARAUCO N° 405, OF. 7 CHILLÁN",998271113,ymaturana@constructoraoval.cl,PRIMERA,191 / 12-04-2023
ÑUBLE,SERÓN SPA,77.627.564-6,ERICA UTRERAS SERÓN ITATA N° 628 A CHILLÁN,947369723 954902904,entidadsocialseron@gmail.com / ericautrerassocial@gmail.com,TERCERA,466 / 18-05-2023
ÑUBLE,ASESORÍA Y GESTIÓN RENUEVA SPA,77.782.353-1,MARGARITA BRAVO SÁNCHEZ GAMERO N° 964 CHILLÁN,422503048 958251317,gerencia@renuevaspa.cl / asesoriaygestion.renuevaspa@gmail.com,SEGUNDA,991 / 22-08-2023
ÑUBLE,ASESORÍA Y GESTIÓN INMOBILIARIA UMBRAL SPA,77.129.518-5,AMANDA CONTRERAS PAVÉZ CONDE DEL MAULE N° 431 CHILLÁN VIEJO,991484073,e.p.umbralspa@gmail.com,PRIMERA,1278 / 29-09-2023
ÑUBLE,ENTIDAD PATROCINANTE SUYAI LTDA.,77.793.966-1,"CRISTINA CEA CABRERA ITIHUE N° 530, DEPTO. 204, BLOCK 5 SAN CARLOS",923896805 954261160,ep.suyailtda@gmail.com,PRIMERA,1279 / 29-09-2023
ÑUBLE,ENTIDAD DE GESTIÓN INMOBILIARIA SOCIAL YESICA ANDREINA HIGUERA E.I.R.L.,77.801.142-5,"YESICA HIGUERA BERMUDEZ CALLE 18 DE SEPTIEMBRE N° 246, EDIFICIO 18-S, PISO 8, OF. 813 CHILLÁN",988103329,yesicahiguerab@gmail.com,TERCERA,1586 / 08-11-2023
ÑUBLE,ASISTENCIA TÉCNICA SAN JUAN LTDA.,77.764.216-2,CARLOS NAVARRETE MORAGA CALLE BULNES N° 997 CHILLÁN,422598893 945886962,entidadpatrocinantesanjuan@gmail.com,TERCERA,1585 / 08-11-2023
ÑUBLE,ENTIDAD DE GESTIÓN INMOBILIARIA BULNES SPA,77.823.592-7,NELSON VIVALLOS URREA JOSÉ JOAQUÍN PÉREZ N° 532 BULNES,422253893 951122056,entidadbulnes@gmail.com,TERCERA,1954 / 21-12-2023
ÑUBLE,GESTIÓN INMOBILIARIA E.P. EL PORTAL SPA,77.817.674-2,"ANAIS MAS SÁNCHEZ AV. PORTAL DEL LIBERTADOR N° 205, VILLA PORTAL DEL LIBERTADOR CHILLÁN",991484073,e.p.elportalspa@gmail.com,TERCERA,2035 / 27-12-2023
ÑUBLE,EGIS DIGUILLÍN SPA,77.746.628-3,"BÁRBARA ORTEGA LARA CALLE 18 DE SEPTIEMBRE N° 666, OF. 668 CHILLÁN",422464375 940497436,informaciones@egisdiguillin.cl,TERCERA,244 / 22-02-2024
ÑUBLE,ENTIDAD PATROCINANTE SESTRA SPA,77.854.498-9,"FABIAN QUINTANA VÁSQUEZ CALLE MAIPÓN N° 570, OF. 5 CHILLÁN",930258037,epsestra@gmail.com,TERCERA,237 / 22-02-2024
ÑUBLE,E.P. RÍO ÑUBLE SPA,77.834.499-8,"GLENDA URIBE MAYER PASAJE RÍO GRANDE N° 884, VILLA RÍOS DEL SUR CHILLÁN VIEJO",951478326,eprionublespa@gmail.com,TERCERA,412 / 15-03-2024
ÑUBLE,ENTIDAD PATROCINANTE NOTHOFAGUS LTDA.,77.892.136-7,KAREN FUENTES NAVARRETE CALLE IGNACIO SERRANO N° 81 SAN CARLOS,422416264 958570313,epnothofagus@gmail.com,TERCERA,697 / 23-04-2024
ÑUBLE,ENTIDAD PATROCINANTE ASTUDILLO Y RABIÉ SPA,77.862.484-2,SOLEDAD RABIÉ TORRES ARAUCO N° 340 CHILLÁN,976664286,epvisol@gmail.com,TERCERA,821 / 10-05-2024
ÑUBLE,ENTIDAD PATROCINANTE URBANA BIOBÍO LTDA.,76.849.242-5,"ALICIA MORALES MUÑOZ EL ROBLE N° 627, 3° PISO, OF. 10 CHILLÁN",422325076 961687334,urbanabiobiobb@gmail.com,TERCERA,921 / 27-05-2024
ÑUBLE,ENTIDAD PATROCINANTE PIAMONTE LTDA.,77.362.569-7,"DIEGO TORRES PLACENCIA JOSÉ JOAQUÍN PÉREZ N° 360, SEGUNDO PISO QUIRIHUE",422530437 999341073,entidadpatrocinantepiamonte@gmail.com,TERCERA,1078 / 18-06-2024
ÑUBLE,CASA SUSTENTABLE CONSULTORES SPA,77.734.794-2,FABIOLA NAVARRETE FUENTES BALMACEDA N° 189 SAN CARLOS,964289807,casasustentable.consultores@gmail.com,PRIMERA,1136 / 02-07-2024
ÑUBLE,ASESORÍA Y GESTIÓN Z Y G LIMITADA,77.893.279-2,BÁRBARA ZAPATA GUAJARDO MANUEL RODRÍGUEZ N° 967 SAN IGNACIO,443695481 978825355,asesoriazyg@gmail.com,TERCERA,1281 / 22-07-2024
ÑUBLE,ASISTENCIA TÉCNICA GESTIÓN SOCIAL DE PROYECTOS LIMITADA,77.877.693-6,"CAROLINA BAO CÁCERES PASAJE LOS ADOBES N° 312, VILLA DON MARTÍN CHILLÁN",994737767,inmobiliaria.gestionsocial@gmail.com,TERCERA,1355 / 30-07-2024
ÑUBLE,ASISTENCIA TÉCNICA INTEGRAL SPA,77.926.958-2,LUIS JARA CAMPODÓNICO BULNES N° 309 CHILLÁN,986444591,ep.integral293@gmail.com,TERCERA,1356 / 30-07-2024
ÑUBLE,ENTIDAD PATROCINANTE EDIFICA SPA,77.917.002-0,LEONEL LOPEZ QUINTULEN CALLE 5 DE ABRIL N° 97 CHILLÁN,926499971,egredifica@gmail.com,TERCERA,1354 / 30-07-2024
ÑUBLE,ENTIDAD PATROCINANTE PATAGONIA SPA,77.934.132-1,BASTIÁN SOTO OLAVE CALLE O'HIGGINS N° 046 SAN CARLOS,927100110,eppatagonia.spa@gmail.com,TERCERA,1398 / 06-08-2024
ÑUBLE,CONSULTORA E INMOBILIARIA RÍO BRAVO SPA,77.969.356-2,"FELIPE CERNA CAMPOS FUNDO SAN ANTONIO, LOTE 2-1, KM. 0,2, VARIANTE A SAN IGNACIO S/N SAN IGNACIO",956191131 989461026,riobravoconsultora@gmail.com,TERCERA,1464 / 16-08-2024
ÑUBLE,ENTIDAD BIENESTAR SOCIAL SPA,77.943.864-3,ERICA UTRERAS SERÓN CALLE ITATA N° 658 A CHILLÁN,947369723 954902904,bienestarsocialspa@gmail.com,TERCERA,1520 / 26-08-2024
ÑUBLE,ENTIDAD PATROCINANTE Y ENTIDAD DE GESTIÓN RURAL LOS BOLDOS SPA,77.950.994-K,ENRIQUE RIVAS RIVAS EL ROBLE N° 627 CHILLÁN,969096267,enrique.rivas.icivil@gmail.com,TERCERA,1621 / 30-08-2024
ÑUBLE,ASESORÍAS QUEZADA SPA,77.988.291-8,MARÍA CRISTINA QUEZADA GUTIÉRREZ AV. FRANCIA N° 325 CHILLÁN,422272062 994501416,asesoriasquezadaspa@gmail.com,TERCERA,1978 / 29-10-2024
ÑUBLE,BET-EL CONSULTORES LIMITADA,76.042.231-2,CLAUDIO CISTERNAS CORTÉS SAMUEL BAMBACH N° 254 INTERIOR COELEMU,968674698,betel.consultores24@gmail.com,TERCERA,1979 / 29-10-2024
ÑUBLE,INMOBILIARIA CONCEPTO LIMITADA,78.032.977-7,"PATRICIA ARAVENA PAREDES AV. LIBERTAD N° 683, 2° PISO CHILLÁN",422223113 977696330,epconcepto@gmail.com,TERCERA,2211 / 03-12-2024
ÑUBLE,NEICON LIMITADA,76.529.775-3,JAVIER NEIRA SALGADO PASAJE PUYEHUE N° 224 CHILLÁN,932404936,egisneicon.nuble@gmail.com,TERCERA,118 / 22-01-2025
ÑUBLE,ENTIDAD PATROCINANTE HOGAR Y FAMILIA SPA,78.056.941-7,LAURA GARRIDO ROMERO EL ROBLE N° 627 CHILLÁN,972770664,ephogaryfamilia@gmail.com,PRIMERA,205 / 14-02-2025
ÑUBLE,GESTION DE SOLUCIONES HABITACIONALES SUBSIDIA SPA,78.010.258-6,"MARÍA JOSÉ GAJARDO RETAMAL PASAJE CERRO PANGAL N° 1422, LOMAS DE ORIENTE 3 CHILLÁN",923883074,ep.subsidia.spa@gmail.com,TERCERA,291 / 28-02-2025
ÑUBLE,NOVATERRA SPA,78.021.336-1,KARINA ZÚÑIGA RODRÍGUEZ CALLE BRASIL N° 682 CHILLÁN,930020836,novaterra.entidadpatrocinante@gmail.com,TERCERA,383 / 13-03-2025
ÑUBLE,ENTIDAD PATROCINANTE HOGAR SUSTENTA+ SPA,78.068.651-0,CATALINA RODRÍGUEZ BASCUÑÁN PASAJE 1 ORIENTE N° 41 CHILLÁN,989881339,ep.hogarsustenta@gmail.com,TERCERA,386 / 14-03-2025
ÑUBLE,HUELLAS SPA,77.992.708-3,MAURICIO OLIVA ANDANA LUIS HERMOSILLA N° 987 COIHUECO,949130848,ephuellas@gmail.com,TERCERA,388 / 17-03-2025
ÑUBLE,ENTIDAD PATROCINANTE RUKAN ÑUBLE LIMITADA,78.088.819-9,"CARLOS CORDERO VERGARA CALLE ISABEL RIQUELME N° 85, DEPTO. 32 CHILLÁN",971394644,eprukan@gmail.com,PRIMERA,480 / 25-03-2025
ÑUBLE,ENTIDAD PATROCINANTE BETEL SPA,78.105.616-2,"KAREM SOLEDAD JIMÉNEZ MUÑOZ CALLE CARRERA N° 121, CONDOMINIO VILLA FRANCO N° 12 SAN CARLOS",994484613,epbetelspa@gmail.com,TERCERA,478 / 25-03-2025
ÑUBLE,ENTIDAD PATROCINANTE ALTURAS SPA,78.088.228-K,CATALINA LARRAÍN NOVOA AVENIDA LIBERTAD N° 31 CHILLÁN,961538751,epalturasspa@gmail.com,TERCERA,482 / 25-03-2025
ÑUBLE,INMOBILIARIA BULARCO,78.094.718-7,"KATHERINE SEPÚLVEDA FLORES EXEQUIEL LARENAS N° 579, OFICINA 4 COELEMU",957918328,katherine@bularco.cl,TERCERA,485 / 26-03-2025
ÑUBLE,ASISTENCIA TÉCNICA QUIDEL ÑUBLE LIMITADA,78.103.701-K,BENJAMÍN BRAVO CAMPOS CERRO TORRES DEL PAINE N° 746 CHILLÁN,985064833,epquidel@gmail.com,TERCERA,623 / 22-04-2025
ÑUBLE,ENTIDAD PATROCINANTE CREANDOHOGAR SPA,78.054.197-0,RUBÉN SANDOVAL GANGAS EL ROBLE N° 627 CHILLÁN,983206842,epcreandohogar@gmail.com,PRIMERA,702 / 28-04-2025
ÑUBLE,ENTIDAD PATROCINANTE TIKVA SPA,78.047.887-K,ARIEL SEPÚLVEDA ALARCÓN EL ROBLE N° 627 CHILLÁN,986644508,tikva.entidadpatrocinante@gmail.com,TERCERA,731 / 07-05-2025
ÑUBLE,NUEVA VIDA SPA,78.131.141-3,PAOLA ALARCÓN NAVARRETE GAMERO N° 115 CHILLÁN,88784628,nuevavida.psat@gmail.com,PRIMERA,870 / 14-05-2025
ÑUBLE,INMOBILIARIA MAS & MAS SPA,78.126.518-7,VALENTINA MAS CONTRERAS CONDE DEL MAULE N° 467 CHILLÁN VIEJO,934628409,e.p.masymas@gmail.com,TERCERA,873 / 14-05-2025
ÑUBLE,ILUSTRE MUNICIPALIDAD DE COIHUECO,69.141.100-1,MAURICIO ROJAS PINCHEIRA AV. ARTURO PRAT N° 1675 COIHUECO,983258850,mrojas@municoihueco.cl,ÚNICA,872 / 14-05-2025
ÑUBLE,ENTIDAD PATROCINANTE ISABELLA LIMITADA,77.791.974-1,YENNY GALDAMES GARCÍA PASAJE EL BOLDO N° 1301 CHILLÁN VIEJO,94705979,egisisabella@gmail.com,TERCERA,890 / 16-05-2025
ÑUBLE,INVERSIONES YIN YANG SPA,76.934.173-0,"SUSAN SAEZ ALBORNOZ CALLE 12 DE OCTUBRE N° 884, CAMPANARIO YUNGAY",981578043,yinyang.asesoria@hotmail.com,TERCERA,915 / 29-05-2025
ÑUBLE,ENTIDAD PATROCINANTE ARKITEC LIMITADA,78.143.901-0,"MICHAEL ESCOBAR DÍAZ MANUEL JESÚS ORTÍZ N° 501 B, OF. 5 SAN IGNACIO",942299784,eparkitecltda@gmail.com,SEGUNDA,1025 / 05-06-2025
ÑUBLE,ENTIDAD PATROCINANTE SUMMIT SPA,78.059.626-0,MATÍAS ÁGUILA PHILIMON EL ROBLE N° 627 CHILLÁN,994123122,entidad.p.summit@gmail.com,TERCERA,1024 / 05-06-2025
ÑUBLE,INMOBILIARIA JOMAR SPA,77.853.970-5,DANIELA PINO PARRA AVENIDA LIBERTAD N° 781 CHILLÁN,968450556,danielapino@martabid.com / jemartabid@martabid.com,PRIMERA,1072 / 10-06-2025
ÑUBLE,ENTIDAD PATROCINANTE LOS AROMOS SPA,78.048.164-1,GABRIELA MEDINA CONTRERAS EL ROBLE N° 627 CHILLÁN,922244997,ep.los.aromos.spa@gmail.com,TERCERA,1085 / 13-06-2025
ÑUBLE,SOCIEDAD APOYO HABITACIONAL SPA,78.145.885-6,GICELLA ACUÑA AGUILERA CALLE YERBAS BUENAS N° 1052 CHILLÁN,552962001 971414649,apoyohabitacional@gmail.com,TERCERA,1126 / 18-06-2025
ÑUBLE,ENTIDAD PATROCINANTE ORO VERDE SPA,78.121.767-0,MILLARAY MELLADO NAVARRETE AVENIDA NUEVA UNO N° 214 CHILLÁN,982550479,egisoroverde@gmail.com,TERCERA,1459 / 07-08-2025
ÑUBLE,ASISTENCIA TÉCNICA Y SOCIAL INNOVA HOGAR CÁNDIDA ALEJANDRA JARA MORA E.I.R.L.,78.177.429-4,CÁNDIDA JARA MORA COLEAL CENTRAL S/N COIHUECO,995940323,asistenciatecnicaysocialinnova@gmail.com,TERCERA,1627 / 29-08-2025
ÑUBLE,ASESORIAS ACEVEDO Y ONELL SPA,78.193.365-1,LEANDRO ACEVEDO ONELL TOMÁS YAVAR N° 29 SAN CARLOS,442856314,epacevedoyonellspa@gmail.com,TERCERA,1648 / 04-09-2025
ÑUBLE,ENTIDAD PATROCINANTE DE LA PARRA SPA,78.198.055-2,ELSA PARRA FERNÁNDEZ CALLE INDEPENDENCIA N° 445 CHILLÁN,422503208,epdelaparra@gmail.com,TERCERA,1964 / 07-10-2025
ÑUBLE,ASISTENCIA TECNICA GRUPO AMADY LIMITADA,78.219.038-5,CAMILO MOLINA MOLINA CALLE ERASMO ESCALA N° 125 CHILLÁN VIEJO,422252074,grupoamady@gmail.com,TERCERA,1984 / 14-10-2025
ÑUBLE,ASISTENCIA TECNICA ELQUIN LIMITADA,78.218.585-3,YERLY VALDÉS SOTO CALLE ROSAS N° 694 CHILLÁN,975419857,asistenciatecnicaelquin@gmail.com,TERCERA,2178 / 28-10-2025
ÑUBLE,QUEIROLO CRUCHAGA LIMITADA,76.668.501-3,MARILÚ MUNDIGO URZÚA AVENIDA MATTA N° 294 SAN CARLOS,222168746,contacto@gestionql.cl / mmundigo@gestionql.cl,TERCERA,2295 / 21-11-2025
ÑUBLE,EGIS KYM SPA,78.280.517-7,"KATHERINE OLIVARES TRIVIÑO CALLE VÍCTOR BIANCHI N° 393, OFICINA 1 BULNES",975324231,egiskymspa@gmail.com,TERCERA,2727 / 29-12-2025
ÑUBLE,ENTIDAD PATROCINANTE SIENA LIMITADA,78.166.606-8,RICARDO TORRES PLACENCIA O'HIGGINS N° 130 QUIRIHUE,982949856,entidadpatrocinantesiena@gmail.com,TERCERA,86 / 10-02-2026
ÑUBLE,EP ARKA SUR SPA,78.289.928-7,DANITZA CASTRO PÉREZ AV. PORTAL DEL LIBERTADOR N° 205 CHILLÁN,223184762,castroperezdanitza@gmail.com,TERCERA,87 / 10-02-2026
ÑUBLE,GVS CONSULTORA SPA,77.922.349-3,PAOLA MUÑOZ GARCÍA CALLE 18 DE SEPTIEMBRE N° 1067 CHILLÁN,977775161,gvsconsultoraspa@gmail.com,TERCERA,394 / 06-03-2026
ÑUBLE,SOCIEDAD INVERSIONES E INMOBILIARIA SERRECORP SPA,77.954.609-8,PAMELA VIVANCO ARIAS AV. COLLÍN N° 956 CHILLÁN,422464372,contacto@serrecorp.cl / pamela.vivanco@serrecorp.cl,TERCERA,412 / 11-03-2026
ÑUBLE,ENTIDAD PATROCINANTE EL AVANCE SPA,77.730.783-5,"BERTA REBOLLEDO VALLEJOS CERRO NEGRO, SECTOR EL MAITÉN, KM. 10 QUILLÓN",992647753,entidadpatrocinante.elavance@gmail.com,TERCERA,419 / 12-03-2026
ÑUBLE,INMOBILIARIA PROYECTA TU BARRIO - PTB LIMITADA,77.718.434-2,"PATRICIA SALAZAR ZAPATA PASAJE LOS PINOS, PARCELA 23, SECTOR LAGUNA SANTA ELENA, LIBUY BULNES",976041683,patriciasalazarzapata@gmail.com,TERCERA,421 / 13-03-2026
ÑUBLE,ENTIDAD DE GESTIÓN INMOBILIARIA Y SOCIAL PROYEKTA LIMITADA,78.212.456-0,MARCELO MELLA CONTRERAS ARAUCO N° 331 CHILLÁN,422873059,egisproyektaltda2025@gmail.com,PRIMERA,599 / 27-04-2026
ÑUBLE,ENTIDAD DE GESTIÓN INMOBILIARIA Y SOCIAL NUEVA LUNA SPA,77.855.839-4,"ALANIZ ZAMBRANO CERDA CALLE BULNES N° 695, PRIMER PISO CHILLÁN",944903630,egisnuevalunaspa@gmail.com,TERCERA,616 / 06-05-2026
ÑUBLE,GESTIÓN Y ASESORÍA RENOVAHOGAR SPA,78.080.472-6,"CLAUDIA GUAJARDO LAGOS CALLE LAS PRADERAS N° 689, HUERTOS DE CHILLÁN II CHILLÁN",422251779,asesoria.renovahogar@gmail.com,TERCERA,617 / 06-05-2026
ÑUBLE,ILUSTRE MUNICIPALIDAD DE ÑIQUÉN,69.140.600-8,"ALEXIS DE LA FUENTE SOTO CALLE ESTADO N° 188, SAN GREGORIO ÑIQUÉN",99100084,alexis.delafuente@muniniquen.cl,ÚNICA,619 / 06-05-2026
ÑUBLE,URBANIX CONSULTORES SPA,78.296.714-2,"JONATHAN GRANDÓN RÍOS PARCELA EL CIPRÉS KM. 12, LOTE N° 5, PARCELA 8 CHILLÁN",422565540,epurbanix@gmail.com,TERCERA,752 / 20-05-2026
BIOBÍO,ACOGE ASESORIAS Y CONSULTORIAS LIMITADA,76.556.762-9,MAURICIO EDUARDO MORA BARRERA CALLE JOSÉ JOAQUÍN PRIETO N° 324 CHILLÁN,56422542444 56998181416,acogeconsultorias@gmail.com / mproyect@gmail.com,TERCERA,1617 / 24-11-2016
BIOBÍO,AGENCIA CONSULTORA GENNIER LIMITADA,77.755.614-2,DANIEL JESÚS SILVA SILVA AV. CHACABUCO 532 - 2° PISO CONCEPCIÓN,56413606068 56938990017,dss.ingc@gmail.com / gennier.oficina@hotmail.com,TERCERA,940 / 23-10-2023
BIOBÍO,ALARCÓN ARQUITECTO Y COMPAÑÍA LIMITADA,77.283.540-K,JULIA GUANTIANTE SOTOMAYOR 610 PISOS 2 Y 3 CORONEL,56412711900 56412773338 56999392603,jguantiante.cal@gmail.com / ralarcon.cal@gmail.com,PRIMERA,318 / 24-03-2017
BIOBÍO,ALEXIS DANIEL TOLOZA ROA,15.189.644-8,ANA MARÍA SILVA AGUAYO AVENIDA PEDRO HUERTA 2227 LA PEÑA CORONEL,56413326536 56988125314,atoloza@alpaconstructora.cl / asilva@alpaconstructora.cl,TERCERA,60 / 19-01-2017
BIOBÍO,ALIHUEN SPA,77.801.138-7,KATHERINE SOBARZO AVDA. LOS CANELOS N°1783 LAGUNILLAS 3 CORONEL,56933807632,egis.alihuen@gmail.com,TERCERA,265 / 22-04-2024
BIOBÍO,ANDREA GARCÉS ÁLVAREZ,19.052.568-6,"ANDREA GARCÉS ÁLVAREZ CALLE MANUEL RODRIGUEZ N°1082, TORRE 4 DEPTO 107 LOS ÁNGELES",56963750772 56432239383,andreagarcesalvarez95@gmail.com,TERCERA,4497 / 30-12-2025
BIOBÍO,ASESORIA TECNICA GUILLERMO HERNANDEZ MORIS E.I.R.L.,77.163.847-3,TAMARA HERNÁNDEZ ISLA SOTOMAYOR 1175-B 2°PISO OF. N°1 TOMÉ,56999523842,habitar.casablanca@gmail.com,TERCERA,1886 / 11-11-2024
BIOBÍO,ASESORIA Y CONSULTORIA DIAZ LIMITADA,77.366.162-6,RAQUEL VALERIA PUENTES DÍAZ PAICAVÍ 940 DEPTO 10 OFICINA 1 CONCEPCIÓN,56988824830,epdiaz.spa@gmail.com,TERCERA,574 / 12-08-2022
BIOBÍO,ASESORÍAS E INVERSIONES MOSAICO LIMITADA,76.769.310-9,GONZALO FIGUEROA OROZIMBO BARBOZA N° 669 POB. PEDRO LAGOS LOS ÁNGELES,56994329585,mosaico.limitada@gmail.com,PRIMERA,1008 / 26-09-2017
BIOBÍO,ASESORÍAS HABITACIONALES Y GESTIÓN DE PROYECTOS SOCIALES GLADYS BELTRAN F. E.I.R.L.,76.815.282-9,GLADYS BELTRÁN FONSECA CALLE LONCO N°139 VILLA JARDINES DE RUCAHUE LOS ÁNGELES,56432318824 56978096627,asesoriassanjoseobrero@gmail.com,TERCERA,269 / 14-03-2018
BIOBÍO,ASESORÍAS NEWEN SPA,77.121.863-6,PABLO ALEJANDRO MORAGA MACAYA VOLCÁN MICHIMAHUIDA N° 3096 ESCUADRÓN SUR CORONEL,56413604158 56977419686,a.newenspa@gmail.com,TERCERA,308 / 20-04-2020
BIOBÍO,ASESORIAS PADSUR SPA,77.301.029-3,YESSICA FABIOLA LINCOPI HUAIQUILAF ÑUBLE N°1897 LOS ÁNGELES,56981846413,padsurbiobio@gmail.com,TERCERA,3643 / 23-10-2025
BIOBÍO,ASESORIAS Y CONSULTORIAS LA VICTORIA LIMITADA,77.768.958-4,JOHANNA ÁLVAREZ BASCUÑÁN ARTURO PRAT 58 HUALQUI,56999146803 56988276096,asesoriaslavictoria@gmail.com / joalvarezb2@gmail.com / egagarciats2017@gmail.com,TERCERA,1839 / 06-11-2024
BIOBÍO,ASESORIAS Y GESTION HABITACIONAL OCTAVA LIMITADA,77.227.387-8,MARÍA CECILIA TORRES SAN GUILLERMO Nº 197 CONCEPCIÓN,56954965761 56953528556,gestionoctava.ep@gmail.com,TERCERA,95 / 12-03-2021
BIOBÍO,ASISTENCIA TÉCNICA BIOCONSTRUYE SpA,76.056.914-3,DANIEL GALLARDO ANGOL 967 CONCEPCIÓN,56412953236 56994807623 56994013704,bioconstruye1@gmail.com / ossesklein@gmail.com,TERCERA,630 / 09-07-2018
BIOBÍO,ASISTENCIA TÉCNICA Y SOCIAL PARA PROYECTOS HABITACIONALES LAS ARAUCARIAS LIMITADA,76.342.565-7,LUIS OBREQUE MENDEZ GLEISNER Nº 1830 CONCEPCIÓN,56996274946 56452642395,eplasaraucarias@gmail.com,PRIMERA,465 / 09-07-2020
BIOBÍO,ASTRO SPA,77.835.044-0,ALEJANDRO CUEVAS CONTRERAS PASAJE LOS VIEJOS ESTANDARTES N° 372 LOS ÁNGELES,56988195849,alejandrocuevas.arq@gmail.com,TERCERA,174 / 01-04-2024
BIOBÍO,BET-EL CONSULTORES LIMITADA,76.042.231-2,CAMILO ESTEBAN ALEGRÍA ROMERO MAIPÚ 1020 OFICINA 6 CONCEPCIÓN,56968674698,betel.consultores24@gmail.com,TERCERA,3915 / 11-11-2025
BIOBÍO,CARLOS ABEL TIZNADO ALVIAL,13.377.206-5,CARLOS ABEL TIZNADO ALVIAL COLO COLO N° 379 OF. 1009 CONCEPCIÓN,56412797453 56998257512,epctiznado@gmail.com / damian.cortes86@gmail.com,TERCERA,800 / 02-12-2020
BIOBÍO,CARRASCO Y CARRASCO CONSULTORES LIMITADA,76.610.870-9,HUGO CARRASCO HURTADO SAN DIEGO N° 240 TUCAPEL,56422423712 56422423710 56992282203,egis@hyc.cl / hcarrasco@hyc.cl,SEGUNDA,887 / 22-08-2017
BIOBÍO,CHILE VIVIENDA SPA,76.771.302-9,ALFREDO FELIPE REYES ALVAREZ 12 DE FEBRERO N° 36 LOCAL 4(D) TUCAPEL,56991589260 56942510918,felipereyes@nidosur.cl / emylizama@gmail.com,TERCERA,927 / 19-10-2023
BIOBÍO,CONSTRUCCIÓN Y GESTIÓN INMOBILIARIA CREA LIMITADA,76.918.995-5,HÉCTOR ARIEL NAVARRETE SALAZAR AVENIDA MATTA 493 POLCURA TUCAPEL,56959118042,egrcrealtda@gmail.com,TERCERA,500 / 30-07-2020
BIOBÍO,CONSTRUCCIÓN Y GESTIÓN INMOBILIARIA JORGE TORRES ROA EMPRESA INDIVIDUAL DE RESPONSABILIDAD LIMITADA,76.000.711-0,FANY MELIÁN GABRIELA VEGA LAS HERAS 1932 B CONCEPCIÓN,56992120491,miro.egis@gmail.com,TERCERA,447 / 25-04-2017
BIOBÍO,CONSTRUCCIÓN Y GESTIÓN INMOBILIARIA VALDÉS CHANDÍA LIMITADA,76.391.188-8,NATHALIA VALDÉS LAS HERAS 1932 B CONCEPCIÓN,56413252342 56999174575 56413215365,chilecrece@outlook.com / chilecrece.ep@gmail.com / jacquelinemrchilecrece@gmail.com,SEGUNDA,35 / 11-01-2017
BIOBÍO,CONSTRUCTORA Y ASISTENCIA TÉCNICA LA TOSCANA LIMITADA,76.411.500-7,RICARDO TORRES ARTURO PRAT N°309 OF.904 EDIFICIO NEOCENTRO CONCEPCIÓN,56412305874 56422530437 56981931334,casastoscana@yahoo.es / sociallatoscana@gmail.com,TERCERA,307 / 23-03-2017
BIOBÍO,CONSTRUCTORA E INVERSIONES RED ÑUBLE LIMITADA,76.141.663-4,PAOLA SOLEDAD MUÑOZ RODRIGUEZ BULNES N°470 OFICINA 76 CHILLÁN,56422876145 56944478905,rednubleinversiones@gmail.com,TERCERA,507 / 30-05-2018
BIOBÍO,CONSTRUCTORA IRAIRA LIMITADA,76.524.990-2,FRANZ IRAIRA COCHRANE 1298 CONCEPCIÓN,56422272061 56422272062 56989205668,firaira@iraira.cl / sgutierrez@iraira.cl / cristian@iraira.cl,SEGUNDA,483 / 04-05-2017
BIOBÍO,CONSTRUCTORA MENURAL LIMITADA,76.016.843-2,EMILIA SAEZ HERMOSILLA CRUCE CARAMPANGUE NORTE HIJUELA 2 CARAMPANGUE ARAUCO,56412572335 56989028382,constructoramenural@gmail.com / sodeserfo_vys@hotmail.com / entidad.patrocinante.menural@gmail.com,TERCERA,965 / 14-09-2017
BIOBÍO,CONSTRUCTORA YUBINI ARAYA Y COMPAÑÍA LIMITADA,76.046.833-9,KELLY YUBINI PASAJE PEDRO BONAL N°1487 VILLA SAN PEDRO SAN PEDRO DE LA PAZ,56413189610,egisyubini@yubini.cl / constructorayubini@gmail.com / yenny.cid@gmail.com,PRIMERA,299 / 19-03-2018
BIOBÍO,CONSULTORA ÁLVARO MIRANDA CÁCERES LIMITADA,76.917.298-K,ÁLVARO MIRANDA CÁCERES 2° DE LÍNEA N°251 CAÑETE,56442889754 56982359139,consultora.aemc@gmail.com,TERCERA,187 / 08-03-2019
BIOBÍO,CONSULTORA ANTU SPA,77.499.465-3,JORGE IGNACIO MELITA ULLOA O´HIGGINS N° 1082 OFICINA 102 CONCEPCIÓN,56442903224 56961136293,consultora.antu.spa@gmail.com,TERCERA,265 / 11-04-2023
BIOBÍO,CONSULTORA BIOHABITAT LIMITADA,76.690.906-K,DANIELA ANGÉLICA MUÑOZ SAN MARTÍN LOS LIRIOS 555 CONCEPCIÓN,56412315774 56954965761 56956060421,biohabitat.ep@gmail.com / martasoto44@gmail.com,TERCERA,742 / 24-07-2017
BIOBÍO,CONSULTORA DALCAHUE SPA,77.273.754-8,MARÍA VICTORIA NÚÑEZ VIDELA PEDRO AGUIRRE CERDA N° 1619 SAN PEDRO DE LA PAZ,56412892442,contactodalcahue@gmail.com,TERCERA,223 / 14-05-2021
BIOBÍO,CONSULTORA DE GESTION HABITACIONAL AREA SUR LIMITADA,76.041.780-7,SOLEDAD HORMAZABAL CALLE OHIGGINS PONIENTE NRO 77 PISO 10 OFICINA 1005 EDIFICIO FUTURO CENTER CONCEPCIÓN,56412887200 56962469254,areasur@areasur.cl / nsazo@areasur.cl,PRIMERA,326 / 29-03-2018
BIOBÍO,CONSULTORA JACINTO MANQUEPI VIVANCO LIMITADA,78.141.873-0,JACINTO MANQUEPI VIVANCO BULNES N°220 OF. N°603 EDIFICIO PUERTO MAYOR LOS ÁNGELES,56942613704,jemanquepi@yahoo.com,TERCERA,3994 / 14-11-2025
BIOBÍO,CONSULTORA OMEGA LIMITADA,77.335.476-6,JOSÉ CUEVAS CHAMORRO ERRÁZURIZ N° 2950 POB. SANTA CLARA TALCAHUANO,56932222618,omegaconsultora.ltda@gmail.com,TERCERA,564 / 13-09-2021
BIOBÍO,CONSULTORA PADRE HURTADO LIMITADA,76.024.922-k,ADRIANA RAMOS SERRANO 540 CONCEPCIÓN,56412467330 56973304338,egis@tpcristo.cl / aramos.tpcristo@gmail.com / pvallejos@tpcristo.cl,PRIMERA,177 / 21-02-2017
BIOBÍO,CONSULTORA PEHUEN SPA,77.326.338-8,SOLEDAD BAEZA VERGARA PACÍFICO NRO 7 CHIGUAYANTE,56975645982 56942761290,nbaezaneira@gmail.com / pehuenbiobio@gmail.com / entidadpatrocinantepehuen.la@gmail.com,TERCERA,504 / 20-08-2021
BIOBÍO,CONSULTORA RAULÍ SPA,76.836.148-7,ERICA UTRERAS CALLE BULNES N° 470 OFICINA 132 CHILLÁN,56422213861 56954902904,ericautrerassocial@gmail.com / entidadrauli@gmail.com / rocabrera1963@gmail.com,TERCERA,369 / 12-04-2018
BIOBÍO,CONSULTORA SOCIAL & HABITACIONAL IDENTIDADES LIMITADA,76.413.791-4,FRANCISCA ARAGÓN HUMBERSTONE N°237 VILLA PARQUE NORTE LOS ÁNGELES,56432394275 56941240815,ofcentral@consultoraidentidades.com / fmella@consultoraidentidades.com / f.aragon@consultoraidentidades.com,PRIMERA,451 / 15-07-2022
BIOBÍO,CONSULTORA WILFREDO ALEJANDRO CASTRO DURÁN LIMITADA,76.962.790-1,WILFREDO CASTRO DURÁN HIPÓLITO SALAS N°266 CONCEPCIÓN,56412737223 56951798589,postulaciones.proyecta@gmail.com / proyecta.consultora@gmail.com / wcastro.proyecta@gmail.com,TERCERA,325 / 29-03-2018
BIOBÍO,CONSULTORA Y ASESORIA TECNICA DYA LIMITADA,77.741.707-K,DANIELA PATRICIA FERNÁNDEZ FUENTES AURELIO MANZANO N° 575 OF. 201 CONCEPCIÓN,56413164954,consultorayasesoriasdya@gmail.com,TERCERA,6 / 14-01-2026
BIOBÍO,CONSULTORA Y ASESORIA TECNICA FABIAN ORELLANA ROMERO E.I.R.L.,77.503.234-0,FABIÁN ORELLANA ROMERO AURELIO MANZANO 575 CONCEPCIÓN,56412569007,fabianorellanar@gmail.com,TERCERA,364 / 25-05-2022
BIOBÍO,CONSULTORA Y ASESORÍA TÉCNICA GONYVEN LIMITADA,76.222.811-4,BLANCA WAGHORN LIBERTADOR BERNARDO O´HIGGINS 236 OFICINA 701 CONCEPCIÓN,56412151948 56999959800,erika.waghorn@gmail.com / egis.gonyven@gmail.com,PRIMERA,371 / 05-04-2017
BIOBÍO,CONSULTORA Y ASESORIA TECNICA HABITAR LIMITADA,76.826.121-0,FABIÁN ANDRÉS ORELLANA ROMERO AURELIO MANZANO 575 OF 201-A CONCEPCIÓN,56998761463 56413164954 56932678282,habitarchileltda@gmail.com,SEGUNDA,549 / 12-06-2018
BIOBÍO,CONSULTORA Y ENTIDAD PATROCINANTE SUR MUJER LIMITADA,77.109.935-1,MARÍA ELISA JERÉZ SALAZAR AVDA. ALEMANIA N° 355 SEGUNDO PISO LOS ÁNGELES,56229195817 56993581227,consultoraep@surmujerltda.cl,SEGUNDA,209 / 18-03-2020
BIOBÍO,CONSULTORÍA Y ASESORÍAS GENKURA LIMITADA,77.752.956-0,CARLOS VIDAL CALDERÓN PELANTARO N°867 CONCEPCIÓN,56412858597 56989272370,cvidal@genkura.cl,PRIMERA,916 / 17-10-2023
BIOBÍO,CONSULTORÍA Y DESARROLLO SOCIAL LIMITADA,77.065.797-0,MARIBEL DE CÁRMEN BUSTAMANTE ANDÍA CONDOMINIO EL AVELLANO CASA 139 LOS ÁNGELES,56432362299 56954092791,egiscodes@gmail.com,SEGUNDA,480 / 20-07-2020
BIOBÍO,COPHA SPA,76.959.756-5,PABLO IGNACIO HERNÁNDEZ ANDRADE CARAMPANGUE N° 34 HUALPÉN,56413132467 56962476522,cophaspa@gmail.com / ivettetorres84@gmail.com,SEGUNDA,108 / 07-02-2020
BIOBÍO,DANIELA JACQUELINE FLORES TORRES,15.671.025-3,DANIELA FLORES CALLE MANUEL MONTT 1121 SEGUNDO PISO TOMÉ,56990533593 56922492527,egisdaflor@gmail.com,TERCERA,463 / 28-04-2017
BIOBÍO,DAVID OSVALDO RIVERA BELLO (NODOS),13.381.167-2,EVA ESPINOZA CRUCES COLO COLO N°222 OF. 1008 CONCEPCIÓN,56995627855,davidrnodosconsultores@gmail.com,TERCERA,138 / 19-02-2020
BIOBÍO,DK INMOBILIARIA E INVERSIONES SPA,78.150.983-3,"KAREN GISLAINE GARCÍA LEIVA CALLE DIEGO DE ORO, N° 382 CONCEPCIÓN",56983962946,contacto.dkinmobiliaria@gmail.com,TERCERA,141 / 04-02-2026
BIOBÍO,DUMO SPA,76.943.825-4,PAULA MOZO AVDA. O´HIGGINS N° 236 OF. 706 EDIFICIO STUDIO WORK CONCEPCIÓN,56412461404 56992122485,pmozo@idumo.cl,TERCERA,790 / 29-07-2024
BIOBÍO,EGIS KYRIOS LIMITADA,76.936.792-6,JUAN CARLOS SAAVEDRA NAVARRO SQUELLA N° 226 LOTA BAJO LOTA,56412872431 56972661226,egiskyrios.ltda@gmail.com,TERCERA,44 / 21-01-2019
BIOBÍO,"EGIS, GESTIÓN INMOBILIARIA SANTA FRANCISCA LIMITADA",76.042.887-6,CLAUDIO ALEGRIA CALLE ANIBAL PINTO N°266 TORRE B DEPTO N°404 CONCEPCIÓN,56413238875 56979673747 56979673749,mguajardo@epsantafrancisca.cl / calegria@epsantafrancisca.cl,PRIMERA,1731 / 19-12-2016
BIOBÍO,EMMANUEL SpA / EX CALONNA,76.044.052-3,HÉCTOR BARRA CAUPOLICÁN N° 374 CONCEPCIÓN,56984304611 56957091088,ep.emmanuel.spa@gmail.com / hbcbarra@gmail.com / macolsanmartin@gmail.com,PRIMERA,506 / 30-05-2018
BIOBÍO,EMPRESA CONSTRUCTORA PAOLA LAMAS Y COMPAÑÍA LIMITADA,77.834.330-4,PAOLA LAMAS ALEGRIA BOMBERO FUENTES NRO 27 OFICINA 504 CONCEPCIÓN,56982991339 56940757005 56443687864,sociallamas@gmail.com / constructoralamas@hotmail.com / lamasconcepcion@hotmail.com,TERCERA,484 / 04-05-2017
BIOBÍO,EMPRESA CONSTRUCTORA Y ASESORÍAS HABITACIONALES MIGUEL ÁNGEL MONTANARES ORTEGA E.I.R.L.,76.235.704-6,MIGUEL ÁNGEL MONTANARES CALLE MANSO DE VELASCO N° 221 CITY CENTER OFICINA 1101 PISO 11. LOS ÁNGELES,56432295754 56962280941,arq.miguelmontanares@gmail.com,TERCERA,517 / 18-05-2017
BIOBÍO,ENTIDAD DE GESTIÓN INMOBILIARIA SOCIAL BANEM LIMITADA,78.076.629-8,EDUARDO BELTRÁN MINERO ESTOLFIO CEBALLOS MELLA N°1290 CORONEL,56442888539,ep.banem@gmail.com,TERCERA,1382 / 08-05-2025
BIOBÍO,ENTIDAD DE GESTIÓN INMOBILIARIA Y SOCIAL LOS OLIVOS LIMITADA,76.607.029-9,DYANA SAN MARTIN VALLEJOS CALLE BULNES N° 470 OFICINA 22 SEGUNDO PISO CHILLÁN,56422234460 56950390164,egis.losolivosltda@gmail.com,TERCERA,1779 / 23-12-2016
BIOBÍO,ENTIDAD INMOBILIARIA HABITACIONAL COMPLEMENTA LIMITADA,76.461.033-4,PAMELA ESTER RAMOS ARAYA MANUEL BULNES N° 140 4TO PISO OFICINA 11 TALCAHUANO,56981549774 56981582229,egiscomplementa@gmail.com,TERCERA,757 / 10-09-2019
BIOBÍO,ENTIDAD ORGANIZADORA Y CONSULTORA HABITACIONAL NUEVA VIVIENDA SPA,76.625.360-1,ALEJANDRO PACHECO AV. BERNARDO O’HIGGINS PONIENTE N°77 OFICINA 1908 CONCEPCIÓN,56413337003 56222471100 56998710036,contacto@nuevavivienda.cl / alejandro.pacheco@nuevavivienda.cl / hortensia.mansilla@nuevavivienda.cl,SEGUNDA,741 / 21-07-2017
BIOBÍO,ENTIDAD PATROCINANTE AUSTRAL SPA,76.477.131-1,CAMILO BAHAMONDES FERREIRA MANUEL LUENGO N° 352 CARAMPANGUE ARAUCO,56982995233,australpda@gmail.com,TERCERA,99 / 10-02-2023
BIOBÍO,ENTIDAD PATROCINANTE BUEN FUTURO SPA,78.018.314-4,CRISTINA DURÁN DONOSO OFICINA ANIBAL PINTO 560 OF°508 CONCEPCIÓN,56412121337,epbuenfuturo@gmail.com,TERCERA,3929 / 11-11-2025
BIOBÍO,ENTIDAD PATROCINANTE CAÑETE SPA,77.533.676-5,ANGELA CARRASCO FUENTES VILLAGRAN N° 980 CAÑETE,56443198052 56987549592,egiscanete.spa@gmail.com / egiscanete1@gmail.com,TERCERA,432 / 04-07-2022
BIOBÍO,ENTIDAD PATROCINANTE CONSTRUYENDO SUEÑOS LTDA.,77.101.728-2,MARÍA ANTONIETA SEPÚLVEDA SEPÚLVEDA LAUTATO N°724 OF. 29 LOS ÁNGELES,56988084063 56432410651,e.p.construyendosuenos@gmail.com,TERCERA,162 / 26-02-2020
BIOBÍO,ENTIDAD PATROCINANTE DEL BIO BÍO SpA,76.623.542-5,ANTONIO ARRIAGADA LAS HERAS N° 705 2° PISO CONCEPCIÓN,56413163922 56992300764,epdelbiobio@gmail.com,TERCERA,1291 / 28-09-2016
BIOBÍO,ENTIDAD PATROCINANTE DEL SUR SPA,76.778.096-6,ELIZABETH SANHUEZA ANÍBAL PINTO N° 910 PISO 1 CONCEPCIÓN,56413347789 56999206470 56954052346,eliz.same@gmail.com / entidadpatrocinantedelsur@gmail.com,TERCERA,1352 / 14-12-2017
BIOBÍO,ENTIDAD PATROCINANTE EL AVANCE SPA,77.730.783-5,BERTA REBOLLEDO VALLEJOS ONGOLMO N° 1131 DEPTO. 613 PISO 6 BRISAS DEL BIO BIO CONCEPCIÓN,56992647753,entidadpatrocinante.elavance@gmail.com,TERCERA,227 / 12-04-2024
BIOBÍO,ENTIDAD PATROCINANTE FUNDAR SPA,77.846.958-8,JOSÉ EFRAÍN MOLINA RUIZ MAIPÚ N° 1339 DEPTO. 1202 EDIFICIO NEO MAIPÚ CONCEPCIÓN,56950829015,epfundar@gmail.com,PRIMERA,1794 / 10-06-2025
BIOBÍO,ENTIDAD PATROCINANTE GLOVALMAX SPA,76.830.565-K,GLORIA CALLUPE RAIN ANIBAL PINTO N° 531 OFICINA 41 CONCEPCIÓN,56412224418 56412337272 56968106260,epglovalmax@gmail.com / gloria.callupe@gmail.com,TERCERA,548 / 12-06-2018
BIOBÍO,ENTIDAD PATROCINANTE KARIN MORGADO CONCHA LIMITADA,76.566.435-7,KARIN ANGÉLICA MORGADO CONCHA PLAZA ESPAÑA N° 514 OF. 405-B EDIFICIO PLAZA ESPAÑA CONCEPCIÓN,56964395777 56932488576 41227691694,epdelsur@gmail.com / karimorgado@gmail.com,PRIMERA,224 / 01-03-2018
BIOBÍO,ENTIDAD PATROCINANTE MANUEL MEDINA LIMITADA,77.104.631-2,SANDRA SAEZ CRUZ N°484 CONCEPCIÓN,56958062200,entidadpatrocinante.mym.gerencia@gmail.com / ep.mym.tecnico@gmail.com / mym.adm.concepcion@gmail.com,PRIMERA,259 / 06-04-2023
BIOBÍO,ENTIDAD PATROCINANTE PROAYUDA SPA,77.962.375-0,SAVKA AMIGO PINO AVENIDA LA FORESTA N° 365 CONDOMINIO LOS NOTROS CASA 4 SAN PEDRO DE LA PAZ,56413430865,ep.proayuda@gmail.com,TERCERA,2314 / 24-12-2024
BIOBÍO,ENTIDAD PATROCINANTE PROYECTA SPA,77.580.586-2,GRACIELA VIDAL MUÑOZ CAHITÉN 8024 TORRE-D DEPTO.1603-B HUALPÉN,56412793690 56967069226,epproyectaspa@gmail.com,TERCERA,514 / 14-07-2023
BIOBÍO,ENTIDAD PATROCINANTE SUR LIMITADA,76.749.551-K,ENRIQUE MARTÍNEZ HERNÁNDEZ AVDA. LIBERTAD N°140 CHILLÁN,56971394619 56971394644,epsurltda@gmail.com,TERCERA,970 / 15-09-2017
BIOBÍO,ENTIDAD PATROCINANTE UNIÓN SUR SPA,78.034.428-8,MAURICIO ANDRÉS CONTRERAS SILVA O´HIGGINS 5297 VILLA PRODUCCIÓN Y COMERCIO CHIGUAYANTE,56976913126,ep.unionsur@gmail.com,TERCERA,2275 / 22-07-2025
BIOBÍO,ENTIDAD PATROCINANTE VICASA SPA,77.502.049-0,CRISTÓBAL VARGAS MELLA LAS MURTAS N° 200 ARBOLEDA LOMAS COLORADAS SAN PEDRO DE LA PAZ,56224582772 56939302592,epvicasa@gmail.com / tecnicovicasa@gmail.com,SEGUNDA,151 / 10-03-2022
BIOBÍO,EP INNOVASUR SPA,76.707.395-K,JOSÉ RODRIGO ARÉVALO SOTOMAYOR 994 2DO PISO OFICINA 2 CORONEL,56412714035 56991533783,epinnovasur@gmail.com / josarevalo@gmail.com,PRIMERA,912 / 25-08-2017
BIOBÍO,FUNDACIÓN UN TECHO PARA CHILE,65.533.130-1,EDUARDO VERA CHACABUCO N°1042 CONCEPCIÓN,56995514973 56989216379,eduardo.vera@techo.org / tania.gribbell@techo.org,PRIMERA,909 / 12-09-2018
BIOBÍO,GESTIÓN AYUDA KURT LANDSBERGER E.I.R.L.,76.934.588-4,KURT LANDSBERGER COLO COLO N° 156 - A CONCEPCIÓN,56412214477,egisgestionayuda@gmail.com,TERCERA,126 / 12-02-2019
BIOBÍO,GESTION HABITACIONAL RAICES LIMITADA,76.059.978-6,ALEJANDRA CONTRERAS PAVEZ SERRANO N° 495 PISO 3 CONCEPCIÓN,56413239509 56963208836,acontrerasp.raices@gmail.com / alejandracontreraspavez@gmail.com,TERCERA,550 / 12-06-2018
BIOBÍO,GESTION INMOBILIARIA INVODEC SPA,77.399.062-K,BEATRIZ ISABEL LEIVA CIFUENTES COLO COLO N° 222 OFICINA 903 CONCEPCIÓN,56954373689,gestioninmobiliariainvodec@gmail.com,TERCERA,777 / 02-12-2021
BIOBÍO,GESTION INMOBILIARIA Y SOCIAL GODOY LIMITADA (Ex-Zuchel),77.493.086-8,YANINA GODOY LAGOS CALLE ARCE N ° 185 SANTA LEONOR TALCAHUANO,56975550087,contactozuchel@gmail.com,PRIMERA,367 / 19-05-2023
BIOBÍO,I. MUNICIPALIDAD DE ALTO BIOBÍO,69.264.600-2,ANDRÉS ARTURO RÍOS ALARCÓN AVENIDA ALTO BIOBÍO #790 ALTO BIOBIO,56432545773 56432545572 56954064622,epaltobiobio@gmail.com / altobiobioegr@gmail.com,ÚNICA,337 / 29-03-2017
BIOBÍO,I. MUNICIPALIDAD DE CABRERO,69.151.000-k,JAIME CHAVARRÍA GALAZ LAS DELICIAS N°355 CABRERO,56432401853 56432401855,egis.cabrero@gmail.com / tacevedo@cabrero.cl,ÚNICA,827 / 07-08-2017
BIOBÍO,I. MUNICIPALIDAD DE CHIGUAYANTE,69.264.700-9,HÉCTOR RODRÍGUEZ ORTEGA CALLE OROZIMBO BARBOSA N° 104 CHIGUAYANTE,56412675006 56968329382,hector.rodriguez@munichiguayante.cl / catalina.yanez@munichiguayante.cl / rodrigo.villarroel@munichiguayante.cl,ÚNICA,615 / 28-06-2018
BIOBÍO,I. MUNICIPALIDAD DE CONCEPCIÓN,69.150.400-K,CAMILA MERINO GONZÁLEZ O’HIGGINS N° 525 CONCEPCIÓN,56412266710 56412266719 56996095246,cmanriquez@concepcion.cl / camilamerino@concepcion.cl,ÚNICA,211 / 03-03-2017
BIOBÍO,I. MUNICIPALIDAD DE CONTULMO,69.160.600-7,PEDRO FELIPE ESCOBAR PALMA NAHUELBUTA N° 109 CONTULMO,56412618111 56966550811,viviendacontulmo@gmail.com,ÚNICA,175 / 21-02-2017
BIOBÍO,I. MUNICIPALIDAD DE CORONEL,69.151.200-2,MARCO ECHEVERRÍA SOTOMAYOR 851 LOCAL 1 CORONEL,56412407049 56412407052 56412407054,coronelegis@gmail.com / mecheverria@coronel.cl,ÚNICA,416 / 03-05-2018
BIOBÍO,I. MUNICIPALIDAD DE HUALPÉN,69.264.400-K,ANA MARIA LEMUS HENRIQUEZ PATRIA NUEVA N°1035 HUALPÉN,56412668140 56412668143 56412668138,ana.lemus@hualpenciudad.cl / esteban.garrido@hualpenciudad.cl / cstuardo@hualpenciudad.cl,ÚNICA,95 / 29-01-2018
BIOBÍO,I. MUNICIPALIDAD DE LEBU,69.160.300-8,MARÍA EUGENIA GONZALEZ NOVOA CARRERA N°585 LEBU,56412888756 56412888757 56412888757,vivienda@lebu.cl / egisvivienda@lebu.cl / areatecnica@gmail.com,ÚNICA,1597 / 22-11-2016
BIOBÍO,I. MUNICIPALIDAD DE LOTA,69.151.300-9,CAROLINA SANZANA COUSIÑO N° 295 LOTA BAJO LOTA,56959797094 56959565357 56967202755,egismunicipal@lota.cl / egismunicipalidadlota@gmail.com / jaime.vasquez@lota.cl,ÚNICA,1121 / 24-10-2017
BIOBÍO,I. MUNICIPALIDAD DE MULCHÉN,69.170.500-5,FELIPE AGUIAR VALENZUELA ANIBAL PINTO 495 MULCHÉN,56432401497 56995577518,egis@munimulchen.cl / carolinacastillo@munimulchen.cl,ÚNICA,1147 / 31-10-2017
BIOBÍO,I. MUNICIPALIDAD DE NACIMIENTO,69.170.700-8,PABLO CARTES ALARCÓN SANTA MARGARITA Nº 695 NACIMIENTO,56432404691 56973889011 56432404692,pablo.cartes@nacimiento.cl / cristian.vera@nacimiento.cl,ÚNICA,967 / 15-09-2017
BIOBÍO,I. MUNICIPALIDAD DE QUILACO,69.172.600-2,JAIME IGNACIO ECHEVERRÍA FIERRO CALLE MANUEL CÓRDOVA N°46 QUILACO,56432633602 56432633604 56966375220,vivienda@municipalidadquilaco.cl / secplan@municipalidadquilaco.cl,ÚNICA,946 / 07-09-2017
BIOBÍO,I. MUNICIPALIDAD DE QUILLECO,69.170.400-9,YOMARA CARRILLO TAPIA CALLE LOS CARRERA 460 QUILLECO,56940183903,epmunicipalquilleco@gmail.com / egis@municipalidadquilleco.cl / secplan@municipalidadquilleco.cl,ÚNICA,807 / 04-08-2017
BIOBÍO,I. MUNICIPALIDAD DE SAN PEDRO DE LA PAZ,69.264.800-5,CLAUDIA ANDREA JARA ESCRIBANO PASAJE CURALABA 1471 VILLA SAN PEDRO SAN PEDRO DE LA PAZ,56993256097,deptovivienda.spp@gmail.com,ÚNICA,170 / 15-02-2018
BIOBÍO,I. MUNICIPALIDAD DE TALCAHUANO,69.150.800-5,LUIS HERNÁN ULLOA BELLEMANS SAN MARTÍN 260 TALCAHUANO,56413835377,talcahuanoep@gmail.com / claudia.ulloa@talcahuano.cl,ÚNICA,254 / 09-03-2018
BIOBÍO,I. MUNICIPALIDAD DE TIRÚA,69.160.700-3,BENJAMÍN ANTONIO VÁSQUEZ ACUÑA AVDA. COSTANERA 080 TIRÚA,56412445813 56962096676,egisviviendatirua@gmail.com / carlosherrera@munitirua.com / camilatapia@munitirua.com,ÚNICA,546 / 26-05-2017
BIOBÍO,I. MUNICIPALIDAD DE TOMÉ,69.150.100-0,ALBIO LUCIANO ROMERO MOLINA IGNACIO SERRANO N°1185 SEGUNDO PISO EDIFICIO MUNICIPAL TOMÉ,56412174402 56412174401,albio.romero@tome.cl / vivienda@tome.cl / elisa.cisternas@tome.cl,ÚNICA,691 / 06-07-2017
BIOBÍO,ILUSTRE MUNICIPALIDAD DE HUALQUI,69.150.600-2,AURORA TERESA MILLACOI AGUAYO FREIRE N° 351 HUALQUI,56412101155 56996711646,hualquiegismunicipal@gmail.com / auroramillacoi@gmail.com,ÚNICA,889 / 22-08-2017
BIOBÍO,ILUSTRE MUNICIPALIDAD DE SANTA JUANA,69.151.400-5,MARICELA PINCHEIRA HERRERA YUNGAY 125 SANTA JUANA,56939433551 56978647785,vivienda@santajuana.cl,ÚNICA,1467 / 27-10-2016
BIOBÍO,INGENIERIA Y CONSTRUCCION ECOINNOVA LIMITADA,78.075.058-8,ANLLI ISABEL RODRIGUEZ TORRES LOS DIAGUITAS ST 42 SN BUEN RETIRO CORONEL,56942625661,ecoinnovaltda@gmail.com,TERCERA,2377 / 28-07-2025
BIOBÍO,INGENIERÍA Y CONSTRUCCIÓN PEHUEN LIMITADA,76.399.069-9,ELIZARDO HENRÍQUEZ O´HIGGINS 375-A PENCO,56938906254,ingenieriapehuen@gmail.com,TERCERA,154 / 13-02-2018
BIOBÍO,"INGENIERÍA, CONSTRUCCIÓN Y ASESORÍA INMOBILIARIA RUKA NUTRAM SPA",77.811.176-4,MANUEL IGNACIO ALARCÓN MEDINA COVADONGA N°230 ARAUCO,56995135192 56991576586 56226726545,ingenieriarukanutram@gmail.com,TERCERA,206 / 09-04-2024
BIOBÍO,"INGENIERÍA, DISEÑO, ARQUITECTURA Y CONSTRUCCIÓN LIMITADA",76.085.781-5,ORLANDO MÉNDEZ LAS HERAS N° 412 SEGUNDO PISO CONCEPCIÓN,56412250299 56994725106,mendez360@gmail.com / epatrocinante.idac@gmail.com / idac.social@gmail.com,PRIMERA,849 / 10-08-2017
BIOBÍO,INMOBILIARIA BIOBIO HOGAR SPA,77.829.884-8,CRISTINA DURÁN DONOSO ANIBAL PINTO N° 560 PISO 4 CONCEPCIÓN,56412121337 56997768619,ibbhogar@gmail.com / cristina.duran.donoso@gmail.com,TERCERA,229 / 12-04-2024
BIOBÍO,INMOBILIARIA CIMIENTOS LIMITADA,76.824.442-1,RODRIGO MARCELO BAEZ SCHAAF AVENIDA CATALUÑA N°1172 OFICINA 310 VALLE ESCONDIDO CONCEPCIÓN,56412460100 56950904759,contacto@inmobiliariacimientos.cl / contratacioncimientos@gmail.com / rbaez@inmobiliariacimientos.cl,TERCERA,404 / 25-04-2018
BIOBÍO,INMOBILIARIA E INVERSIONES DOBLE V SPA,76.456.034-5,CAROLINA COX ERNESTO PINTO LAGARRIGUE N° 835 SAN PEDRO DE LA PAZ SAN PEDRO DE LA PAZ,56412798643 56996792580,ccox@idoblev.com / aibacache@idoblev.com / pmendoza@idoblev.com,PRIMERA,569 / 18-06-2018
BIOBÍO,INMOBILIARIA H&C SpA,76.618.399-9,DANIEL HENRÍQUEZ ORLEANS 1326 VILLA FRANCIA LOS ÁNGELES,56432299089 56956592430 56978871665,inmob.hc@gmail.com / calusave@hotmail.com / daniel.a.h.j@gmail.com,TERCERA,1591 / 21-11-2016
BIOBÍO,INMOBILIARIA JOMAR SPA,77.853.970-5,DANIELA PINO PARRA AVDA. FRANCISCO ENCINA N°1140 LOCAL 4 LOS ÁNGELES,56968450556 56987454640,danielapino@martabid.com / marcoavila@martabid.com,PRIMERA,690 / 26-02-2026
BIOBÍO,INMOBILIARIA KUYEN LIMITADA,76.619.366-8,XIMENA RIFFO SERRANO 551 OFICINA216 CONCEPCIÓN,56412222294 56967170815,info.epkuyen@gmail.com,SEGUNDA,174 / 21-02-2017
BIOBÍO,INMOBILIARIA PROYECTA TU BARRIO - PTB LIMITADA,77.718.434-2,PATRICIA DEL CARMEN SALAZAR ZAPATA O´HIGGINS N° 630 OFICINA 304 CONCEPCIÓN,56948909218,patriciasalazarzapata@gmail.com / egis.tecnicasocialpsz@gmail.com,TERCERA,809 / 25-09-2023
BIOBÍO,INMOBILIARIA ROMINA DEL PILAR SILVA SOUBELET EIRL,77.927.514-0,ROMINA DEL PILAR SILVA SOUBELET IGNACIO CARRERA PINTO 958B LOS ÁLAMOS,56944422253,egisnuevofuturo@gmail.com,TERCERA,1996 / 19-06-2025
BIOBÍO,INMOBILIARIA SALFA AUSTRAL LIMITADA,96.610.790-1,ANTONIO POBLETE AVDA. BELLAVISTA N° 1320 SECTOR TORREONES CONCEPCIÓN,56948024949 56979797636 56942992176,cvicunad@salfaustral.cl / vfritz@salfaustral.cl,PRIMERA,388 / 31-05-2024
BIOBÍO,INMOBILIARIA SOCIAL RUKA FELEY LIMITADA,78.195.327-K,PAULINA ANDREA JARA HENRIQUEZ CALLE BALMACEDA N°233 CORONEL,56979724966,ruka.feley.ltda@gmail.com,TERCERA,191 / 25-05-2026
BIOBÍO,INMOBILIARIA VIMAR LIMITADA,77.253.035-8,VÍCTOR JAVIER MARTÍNES OVIEDO CORBETA CONSTITUCIÓN N° 652 VILLA CHIGUAYANTE SUR I CHIGUAYANTE,56975100991,inmobiliariavimarltda@gmail.com / nmartinezovi@gmail.com / diana292510@gmail.com,TERCERA,572 / 21-09-2021
BIOBÍO,INMOBILIARIA VIPA LIMITADA,76.494.369-4,PATRICIO ESTEBAN HUILIPÁN MORAGA DIEGO DE ORO NRO 382 CONCEPCIÓN,56931876657 56412906416 56998051883,inmobiliariavipa.spa@gmail.com / inmobiliariavipa.ts@gmail.com,TERCERA,759 / 03-08-2018
BIOBÍO,INMOBILIARIA Y GESTORA CREAVIVIENDA SPA,76.996.701-K,PAULA CID NAVARRETE DIEGO DE ORO NRO 382 OFICINA G CONCEPCIÓN,56413601278 56994934825,epcreavivienda@gmail.com,TERCERA,835 / 03-10-2019
BIOBÍO,INMOBILIARIA Y GESTORA INMOBILIARIA LUIS HANS LAURIE FUENTES EMPRESA INDIVIDUAL DE RESPONSABILIDAD LIMITADA,76.038.852-1,LUIS LAURIE FUENTES AVENIDA IGNACIO CARRERA PINTO N° 958 LOS ÁLAMOS,56443157915 56956890380 56967796463,egisnuevohorizonte@gmail.com / vicmar97@gmail.com,PRIMERA,253 / 09-03-2018
BIOBÍO,"INMOBILIARIA, INGENIERÍA Y GESTIÓN BIG LIMITADA",76.261.676-9,KATHERINE MATAMALA SERRANO N° 889 LOTA BAJO LOTA,56442161730 56976002690,biggestionltda@gmail.com / katherinematamala.big@gmail.com,TERCERA,1022 / 12-10-2018
BIOBÍO,INVERSIONES EXUS LIMITADA,76.333.956-4,EVELYN ANDREA TORRES TORRES GENERAL NOVOA N°871 CONCEPCIÓN,56413240040 56942423972,evelyn.torres@exus.cl / catherine.camacho@exus.cl / leonardo.galvez@exus.cl,TERCERA,967 / 02-10-2018
BIOBÍO,INVERSIONES YIN YANG SPA,76.934.173-0,SUSAN SAEZ CALLE INDEPENDENCIA N° 398 HUEPIL,56443281319,saezsusan@hotmail.com,TERCERA,4505 / 31-12-2025
BIOBÍO,KATHERINE TOBOSQUE ASESORÍA TÉCNICA Y CONSULTORIA SOCIAL E.I.R.L.,77.261.342-3,KATHERINE TOBOSQUE PRAT N°546 LOCAL 1 PLAZA ESPAÑA CONCEPCIÓN,56954896119,mayninmobiliariasocial@gmail.com,TERCERA,128 / 30-03-2021
BIOBÍO,LEVIANTE&EMHART ASOCIADOS SpA,76.836.182-7,MARTINA JOSABET CALCAGNO SOTO CALLE A. PINTO LT 97 222 DEPARTAMENTO 148 TALCAHUANO,56950100005,contacto@lye.cl,TERCERA,3917 / 11-11-2025
BIOBÍO,MARÍA IGNACIA ROMO ZIEBRVECHT,17.128.715-4,MARIA IGNACIA ROMO PASAJE 12 N°272 VILLA DON MARTÍN CONCEPCIÓN,56422225172 56998448760,entidadpatrocinante.mirz@gmail.com,TERCERA,464 / 28-04-2017
BIOBÍO,MARIBEL MARGARITA MUÑOZ MUÑOZ,13.972.536-0,MARIBEL MUÑOZ MUÑOZ CALLE CHAITÉN N° 8024 TORRE D DEPARTAMENTO N° 1603 HUALPÉN,56412793690 56964994374,g.inmobiliaria.maribelmunoz@gmail.com,TERCERA,305 / 23-03-2017
BIOBÍO,MAURO ESPINOZA Y COMPAÑÍA LIMITADA,76.768.255-7,JORGE CAAMAÑO MALIO LAUTARO N°948 CONCEPCIÓN,56961553415,gestioneslonquen@gmail.com,PRIMERA,1171 / 06-11-2017
BIOBÍO,MAYU GESTORA INMOBILIARIA SPA,76.842.381-4,JOSÉ SANTIBAÑEZ ANIBAL PINTO N°340 CASA W CONCEPCIÓN,56991596382,felixescudero0@gmail.com / jsantibanez@twh.cl,TERCERA,3177 / 22-09-2025
BIOBÍO,MUNICIPALIDAD DE ARAUCO,69.160.100-5,EDUARDO DAVID TADEO SOTO ABURTO ESMERALDA N°411 ARAUCO,56934461095 56971310379 56993893678,esotoaburto@gmail.com / neiramaricela@gmail.com / torresmarce@gmail.com,ÚNICA,1174 / 28-11-2018
BIOBÍO,MUNICIPALIDAD DE CURANILAHUE,69.160.200-1,SERGIO NEIRA BELTRÁN AVDA. ARTURO PRAT N° 801 CURANILAHUE,56412720870 56412720818,egis@munichue.cl,ÚNICA,552 / 12-06-2018
BIOBÍO,MUNICIPALIDAD DE LAJA,69.170.300-2,GISSELA SOTO BALMACEDA 292 LAJA,56432524677 56432524681 56432524607,egis@munilaja.cl / abeltran@munilaja.cl,ÚNICA,1655 / 01-12-2016
BIOBÍO,MUNICIPALIDAD DE LOS ÁLAMOS,69.160.400-4,ERIC POBLETE GALLEGOS LIBERTAD N° 300 LOS ÁLAMOS,56443678409 56412261000 56412261004,vivienda@munilosalamos.cl / viviendamunilosalamos@gmail.com,ÚNICA,1193 / 09-09-2016
BIOBÍO,MUNICIPALIDAD DE LOS ÁNGELES,69.170.100-K,MELIZA CONTRERAS VILLANUEVA COLO COLO N° 484 2DO PISO LOS ÁNGELES,56432409489,egismunicipal@losangeles.cl,ÚNICA,1393 / 27-12-2017
BIOBÍO,MUNICIPALIDAD DE PENCO,69.150.500-6,ROMINA ROSELLA PAMPALONI PEDRERO LAS HERAS N° 305 PENCO,56412261536 56951897448 56966791549,rsoto@penco.cl / ep@penco.cl / stroncoso@penco.cl,ÚNICA,665 / 30-06-2017
BIOBÍO,MUNICIPALIDAD DE YUMBEL,69.150.900-1,PATRICIA MARÍA BARRÍA GÓMEZ O´HIGGINS N° 851 YUMBEL,56432875822 56975483289,alcalde@yumbel.cl / karem24@gmail.com / veronica.bascunant@gmail.com,ÚNICA,633 / 09-07-2018
BIOBÍO,MYC SPA,77.270.195-0,"MARIO HERNÁN SALGADO MIRANDA O""HIGGINS 680 OFICINA 203 (GALERÍA OLIVIERI) CONCEPCIÓN",56412738333 56944290842,entidadpatrocinantemycspa@gmail.com / darlingfreire.ts@gmail.com,TERCERA,224 / 14-05-2021
BIOBÍO,NAMAR INMOBILIARIA SOCIAL SPA,77.609.469-2,NATALIA PAREDES MUÑOZ ANÍBAL PINTO N° 215 OF. 502 5° PISO CONCEPCIÓN,56412858459 56997897827,inmobiliariasocial@epnamar.cl,TERCERA,1122 / 21-12-2022
BIOBÍO,NEICON LIMITADA,76.529.775-3,KATHERINE SOBARZO CASTILLO LOS RAULIES 3443 CORONEL,56933807632,egis.neicon@gmail.com / coordinadora@neicon.cl / neicon.tecnico@gmail.com,TERCERA,789 / 09-12-2021
BIOBÍO,NEXO CONSULTORES PROFESIONALES LIMITADA,76.674.160-6,ALVARO RUÍZ RUÍZ CASTELLÓN 941 CONCEPCIÓN,56412463883 56987297562,proyectos@nexoconsultores.cl,PRIMERA,1089 / 17-10-2017
BIOBÍO,ONG DE DESARROLLO Y JUSTICIA SOCIAL ACCIÓN SOLIDARIA,65.070.982-9,MICHAEL JOEL ESCOBAR DÍAZ LAS AZALEAS N° 19 CABRERO,56432428863 56954127927,contacto@ongaccionsolidaria.cl / ong.accionsolidaria@gmail.com,TERCERA,317 / 24-03-2017
BIOBÍO,OPTIMUS CONSULTORES LIMITADA,76.532.982-5,NANCY SEPÚLVEDA MEJÍAS PAICAVI N° 982 OF N°14 CONCEPCIÓN,56949487959 56972185055,nsepulveda@optimusconsultores.cl,TERCERA,110 / 22-03-2021
BIOBÍO,OVAL ENTIDAD PATROCINANTE LIMITADA,76.094.195-6,"CLAUDIA HERNÁNDEZ AVDA. O´HIGGINS PONIENTE N°77 OF.2206, EDIFICIO FUTURO CENTER CONCEPCIÓN fcampos@constructoraoval",56953606066 56979675630,ymaturana@constructoraoval.cl / chernandez@constructoraoval.cl,PRIMERA,151 / 27-04-2026
BIOBÍO,PAMELA ANGÉLICA CARRILLO FENÁNDEZ,10.984.928-6,PAMELA ANGÉLICA CARRILLO FENÁNDEZ NAHUELCURA N° 56 CHIGUAYANTE,56412737065,pamecarrillof.arq@gmail.com,TERCERA,474 / 05-07-2023
BIOBÍO,RAYÉN ENTIDAD DE GESTION SOCIAL SPA,77.397.892-1,PAULA CARTES CORTES AVENIDA PRAT N° 538 PISO 4 OFICINA 4B-1 CONCEPCIÓN,56412737974 56999948730 56972215034,rayen.entidadsocial@gmail.com / paula.carttes@gmail.com,TERCERA,256 / 08-04-2022
BIOBÍO,REFIN SPA,76.829.704-5,JORGE ALBERTO BARRUETO POBLETE LAS CODORNICES N°760 HUALPÉN,56412308584 56933268938,consultorarefin1@gmail.com,TERCERA,546 / 12-06-2018
BIOBÍO,RICARDO ANDRÉS ZUCHEL ROA,14.576.515-3,RICARDO ANDRÉS ZUCHEL ROA CALLE ARCE N° 185 SECTOR SANTA LEONOR TALCAHUANO,56933976753 56987288773,contactozuchel@gmail.com,TERCERA,43 / 21-01-2019
BIOBÍO,RICHARD ALEX MAUREIRA VERGARA,14.028.536-6,RICHARD MAUREIRA PASAJE LOS LAURELES N° 1180 VILLA CORDILLERA HUÉPIL TUCAPEL,56972189917,entidadpatrocinante.r.m.v@gmail.com,TERCERA,754 / 25-07-2017
BIOBÍO,RODRIGO ORLANDO POZA GODOY,12.920.355-2,RODRIGO ORLANDO POZA GODOY ALMAGRO 824 OFICINA 22 LOS ÁNGELES,56962696732 56984481208,luiscastillo144@gmail.com / entidadpatrocinante.r.poza@gmail.com,TERCERA,752 / 25-07-2017
BIOBÍO,SCARLET KATHERINE VERGARA LOPEZ ASESORÍA TÉCNICA Y CONSULTORÍA SOCIAL E.I.R.L.,77.705.667-0,SCARLET KATHERINE VERGARA LOPEZ ANIBAL PINTO 817 OFICINA 817 4TO PISO CONCEPCIÓN,56937765505 56946412805,asesoria.consultorasocial@gmail.com / epmillan788@gmail.com,TERCERA,418 / 14-06-2023
BIOBÍO,SERVICIOS PROFESIONALES DE CONSULTORÍA Y ASESORIAS LAUFER SPA,76.759.126-8,LAURA MORALES BULNES 1100 CORONEL,56443019073 56968661155,consultoralaufer@gmail.com,TERCERA,770 / 13-09-2019
BIOBÍO,"SERVICIOS DE ARQUITECTURA Y GESTIÓN INMOBILIARIA GINO AEDO VALLEJOS, EMPRESA INDIVIDUAL DE RESPONSABILIDAD LIMITADA",76.144.569-3,GINO AEDO VALLEJOS FREIRE 374 OFICINA 9-10 NACIMIENTO,56949487959 56986420918,ginoark@gmail.com,SEGUNDA,272 / 01-04-2019
BIOBÍO,SERVICIOS DE ASESORÍA PROFESIONAL Y TÉCNICA FODESCHILE LIMITADA,76.810.590-1,PAMELA ESTER RAMOS ARAYA CALLE BULNES N° 140 OFICINA 12 PISO 4 TALCAHUANO,56981582229,fodeschile@gmail.com,TERCERA,72 / 07-04-2026
BIOBÍO,SERVICIOS DE ASISTENCIA TÉCNICA CHÁVEZ LIMITADA,77.889.479-3,VALENTINA NICOLE CHÁVEZ LEAL LAGUNA LOS BATROS 151 POBLACIÓN LANALHUE CAÑETE,56979682999,asistencias.tecnicasch@gmail.com,TERCERA,1840 / 06-11-2024
BIOBÍO,SERVICIOS DE ASISTENCIA TÉCNICA Y SOCIAL PARA PROYECTOS HABITACIONALES SURVIDA LIMITADA,76.231.455-k,MABEL ZUÑIGA YAÑEZ CALLE ALMAGRO N° 250 OFICINA 812 EDIFICIO BUSINESS CENTER LOS ÁNGELES,56985652243 56968087781 56995983690,contacto@survida.cl / danielafigueroa@survida.cl / areasociallosangeles@survida.cl,SEGUNDA,387 / 19-04-2018
BIOBÍO,SERVICIOS FINANCIEROS E INMOBILIARIOS CREDYHOGAR LIMITADA,76.062.200-1,ANA MARIA FIGUEROA CALLE O'HIGGINS PONIENTE N°077 OFICINA N°2008 CONCEPCIÓN,56412643506 56984799646 56984798449,david.vasquezalarcon@gmail.com / bjara@credyhogar.cl,PRIMERA,1722 / 14-12-2016
BIOBÍO,SERVICIOS HABITACIONALES CHILE LIMITADA,76.229.208-4,ANGELA BUSTOS ISLA PASAJE LOS LINGUES N°15 LOMAS COLORADAS SAN PEDRO DE LA PAZ,56934012447 56413160200,dmacaya@shchile.cl / promero@shchile.cl / prebolledo@shchile.cl,PRIMERA,888 / 22-08-2017
BIOBÍO,SERVICIOS PROFESIONALES DE ARQUITECTURA Y CONSTRUCCIÓN LAWEN LIMITADA,76.865.961-3,NATALIA GONZÁLEZ AVENIDA GRAN BRETAÑA N°4733-B TALCAHUANO,56412435008 56995547106,ep.lawen@gmail.com / social.ep.lawen@gmail.com,SEGUNDA,617 / 28-06-2018
BIOBÍO,SERVICIOS SOCIALES Y DE GESTIÓN ÑUBLEHOGAR LIMITADA,76.799.055-3,OMAR FELIPE REBOLLEDO SÁEZ ANÍBAL PINTO N° 2284 DEPTO. 403-E VALLE ESCONDIDO CONCEPCIÓN,56977273043 56422556010 56950136710,nublehogar@gmail.com / hibiehi@yahoo.es / feliperanquil@gmail.com,TERCERA,168 / 15-02-2018
BIOBÍO,SERVICIOS Y ASESORÍAS INMOBILIARIAS Y HABITACIONALES BIO BIO LIMITADA,76.011.034-5,PAULA CARTES AVDA. PRAT N°538 DEPTO 4-A (PLAZA ESPAÑA) CONCEPCIÓN,56964828324,biocej@gmail.com / biocejconcepcion@gmail.com,PRIMERA,99 / 31-01-2017
BIOBÍO,SERVICIOS Y CONSTRUCCIONES LC LIMITADA,76.077.348-4,BERNARDO HEREDIA O´HIGGINS 196 PISO 2 CONCEPCIÓN,56412222951 56974763118,bheredia@constructoralc.cl / bheredia@udec.cl,TERCERA,308 / 23-03-2017
BIOBÍO,SIÓN GESTIÓN Y ASESORÍA INMOBILIARIA LIMITADA,76.311.649-2,DIEGO ARTURO NEIRA VILLARROEL HIJUELA 2 LOTE C SECTOR HORCONES ARAUCO,56997480184,sion.gestioninmobiliaria@gmail.com / diegoneira.sion@gmail.com,TERCERA,159 / 15-02-2017
BIOBÍO,SOCIEDAD COFRÉ Y COMPAÑÍA LIMITADA,76.564.710-K,WALDO ANTONIO COFRÉ RAMOS SOTOMAYOR 92 CONCEPCIÓN,56412212568 56412216943 56991917554,gerencia@procas.cl / concepcion@procas.cl / contacto@procas.cl,PRIMERA,911 / 25-08-2017
BIOBÍO,SOCIEDAD CONSTRUCTORA COIQUEN LIMITADA,76.249.889-8,ELIANA VERGARA GARCÍA CALLE ESMERALDA N°575 QUIRIHUE,56944073560 56422530130 56942585458,constructoracoiquen@gmail.com / h_bustos620@yahoo.es,TERCERA,545 / 26-05-2017
BIOBÍO,SOCIEDAD CONSULTORA DIGNIFICA LIMITADA,76.332.067-7,ARACELY VENEGAS OTAROLA VICUÑA MACKENNA N° 976 OFICINA C TOMÉ,56963358369 56941858101 56982176619,consultoradignifica@gmail.com / aracelyvenegas.ts@gmail.com / nvenegas.social@gmail.com,PRIMERA,383 / 07-04-2017
BIOBÍO,SOCIEDAD CONSULTORA E INMOBILIARIA URBANO LIMITADA,76.051.863-8,GONZALO EDGARDO ITURRA SOTO COLO COLO N° 222 OFICINA 1002 CONCEPCIÓN,56412459090,consultoraurbano@gmail.com / aldogarcial@gmail.com,PRIMERA,115 / 01-02-2017
BIOBÍO,SOCIEDAD CONSULTORA GNOSIS LIMITADA,76.029.250-8,MARIO GUAJARDO ESPINOZA SEGUNDO DE LÍNEA 1054 CAÑETE,56412619421 56412619400 56976091187,consultoragnosis@gmail.com / cgnosis@gmail.com,PRIMERA,485 / 04-05-2017
BIOBÍO,SOCIEDAD CONSULTORA Y DE GESTIÓN URBANA Y HABITACIONAL HABILITA LIMITADA,76.028.478-5,MARCELA PÉREZ ESCAMILLA LINCOYÁN 445 INTERIOR 2DO PISO CONCEPCIÓN,56412521852 56975786609,mperez@habilita.cl / guillermosalazar@habilita.cl,PRIMERA,262 / 13-03-2017
BIOBÍO,SOCIEDAD CONSULTORA-CONSTRUCTORA DEL SUR FERREIRA LTDA,76.011.917-2,ANA MARÍA FERREIRA JUAN ANTONIO RÍOS N°29 (ESQ. O´HIGGINS) LEBU,56412511636 56966781361,domosurltda@gmail.com / egisdomosur@gmail.com,TERCERA,1802 / 30-12-2016
BIOBÍO,SOCIEDAD DE ASISTENCIA TÉCNICA Y SOCIAL RENOVA HABITAD LIMITADA,77.108.266-1,JAVIER OSVALDO IGNACIO OLIVARES NAVARRO ALMAGRO 1596 LOS ÁNGELES,56432540028 56988927342,renovahabitad@gmail.com,TERCERA,525 / 30-08-2021
BIOBÍO,SOCIEDAD DE GESTIÓN INMOBILIARIA ANDALUZ LIMITADA,76.319.623-2,YOSELIN ALEJANDRA SEPÚLVEDA MAUREIRA AVDA. LIBERTAD N° 640 OF. 209 CHILLÁN,56972036577 56422503055,yoselin.sepulveda.maureira@gmail.com / egisandaluz@gmail.com,PRIMERA,223 / 01-03-2018
BIOBÍO,SOCIEDAD DE GESTIÓN INMOBILIARIA TRES BOLDOS SpA,77.009.649-9,DANIELA PADILLA ELÍAS LAUTARO N° 268 OF. N° 303 EDIFICIO DEL DESARROLLO LOS ÁNGELES,56432354427 56954162752,tresboldos@gmail.com,TERCERA,110 / 07-02-2020
BIOBÍO,SOCIEDAD DE SERVICIOS INMOBILIARIOS Y HABITACIONALES ESPINOZA Y AEDO LIMITADA,76.059.088-6,VERÓNICA ESPINOZA 5 DE ABRIL 934 2DO PISO OFICINA 11 CHILLÁN,56422548083 56991594021,espinozafuentes_5@hotmail.com / egis.aye@gmail.com,TERCERA,684 / 06-07-2017
BIOBÍO,SOCIEDAD GUTIÉRREZ Y VERA LIMITADA,76.737.289-2,JAIME GUTIÉRREZ M. LOS ALERCES 1741 VILLA SAN PEDRO SAN PEDRO DE LA PAZ,56413834387 56973762585,jgutierrezmelo@gmail.com,TERCERA,277 / 15-03-2018
BIOBÍO,SOCIEDAD INMOBILIARIA GARCÍA Y BARBERIS LIMITADA,76.016.702-9,GUSTAVO DURÁN AINAVILLO N°643-A CONCEPCIÓN,56412221597 56973084077 56973084078,egisconastec@gmail.com,PRIMERA,1266 / 23-11-2017
BIOBÍO,SOCIEDAD INMOBILIARIA SOCIAL S.A.,76.095.361-K,MAGDALENA GARRIDO O'HIGGINS PONIENTE N°77 OF.1405 CONCEPCIÓN,56413173628,sociedadinmobiliariasocial@gmail.com,PRIMERA,481 / 23-05-2018
BIOBÍO,SOLUCIONES HABITACIONALES SU CASA SPA,76.794.300-8,VILLEGAS DUHALDE AVDA. PEDRO DE VALDIVIA N° 45 OFICINA 20 CONCEPCIÓN,56412464943,sucasaconcepcion@gmail.com,TERCERA,1017 / 12-10-2018
BIOBÍO,URBANA BIO BIO LIMITADA,76.849.242-5,ANIBAL TORO PUERTO DOMÍNGUEZ N°9316 HUALPÉN,56413196444,urbanabiobio@gmail.com / urbanabiobiobb@gmail.com,TERCERA,551 / 12-06-2018
BIOBÍO,VIDA SPA,77.569.743-1,CRISTIAN ALBERTO VENEGAS OTÁROLA PASAJE LOS PERALES N° 303 CABRERO,56998449515,epvidaspa@gmail.com,TERCERA,938 / 11-11-2022
BIOBÍO,YURI CARTES RIFFO ARQUITECTURA Y GESTIÓN E.I.R.L.,77.087.101-8,YURI ALEXIS CARTES RIFFO PASAJE FELIPE II N° 123 VILLA GALILEA LOS ÁNGELES,56432662386 56962385760,vetasurarquitectura@gmail.com,TERCERA,139 / 19-02-2020
ARAUCANÍA,ENTIDAD PATROCINANTE LOS ROBLES LIMITADA,77.957.926-3,MARYERIE PASCHE HETZ VILLA ALEGRE N° 721 VICTORIA,976183723,eplosrobles@gmail.com,TERCERA,652 / 28-06-2024
ARAUCANÍA,"AXIONA GESTION INMOBILIARIA Y HABITACIONAL SPA ""AXIONA SPA""",77.396.374-6,JAVIERA NICOLE GUERRERO CACERES CLARO SOLAR N° 950 TEMUCO,934529606,contacto.axiona@gmail.com,TERCERA,656 / 01-07-2024
ARAUCANÍA,GVS CONSULTORA SPA,77.922.349-3,"GIAN HUMBERTO CAPURRO BARNERT RUTA , CAMINO A LABRANZA TEMUCO",5 - 30 07724 / 977775161,gvsconsultoraspa@gmail.com,TERCERA,699 / 08-07-2024
ARAUCANÍA,"ENTIDAD PATROCINANTE LOS ROBLES LIMITADA ""LOS ROBLES LTDA.""",77.903.729-0,SARA CHINCHON SOTO A. VARAS N° 979 OF. 801 PISO 8 TEMUCO,974536768,sara.chinchon@gmail.com,TERCERA,699 / 08-07-2024
ARAUCANÍA,MUNICIPALIDAD DE CHOL CHOL,69.265.000-K,ALVARO LABRAÑA OPAZO JOAQUIN PEREZ N° 449 CHOL CHOL,968273172,vivienda@municholchol.cl,TERCERA,699 / 08-07-2024
ARAUCANÍA,ASESORIA GAMMAN LIMITADA,76.542.813-0,"MARCELO SEPULVEDA ALARCON PARCELA A5 SANTA JUSTA, METRENCO PADRE LAS CASAS",990746778 45 2622004,as.gamman@gmail.com / silvia@gamman.cl,TERCERA,740 / 12-07-2024
ARAUCANÍA,"SOCIEDAD DE ASESORIA EN GESTION HABITACIONAL Y SERVICIOS SOCIALES LIMITADA ó ""SOCIEDAD HABITARK LTDA.""",76.042.944-9,LORENZA GOMEZ ACUÑA Y/0 CAROLINA MELGAREJO FUENTES LAGOS N° 515 OFIUCINA 1 TEMUCO,995225271,lorenzagomez@gmail.com,TERCERA,740 / 12-07-2024
ARAUCANÍA,ASISTENCIA TECNICA Y PROYECTOS INGESUR SPA,76.743.012-4,PAOLA HENRIQUEZ PADILLA ALDUNATE N° 427 OFICINA 401 TEMUCO,996101069,ep.ingesur@gmail.com,TERCERA,773 / 24-07-2024
ARAUCANÍA,FERNANDA DE LA CRUZ CAMPOS CARDENAS,18.942.430-2,"FERNANDE DE LA CRUZ CAMPOS CARDENAS EL LINGUE N° 160, VILLA PEHUEN CURACAUTIN",945872794,epfernandacampos@gmail.com,TERCERA,773 / 24-07-2024
ARAUCANÍA,CONSULTORA RAICES DEL SUR SPA,77.974.355-1,VICTOR DANIEL CEA DIAZ CONDOMINIO SAN PEDRO N° 59 ANGOL,971404997,consultoraraicesdelsur@gmail.com,TERCERA,773 / 24-07-2024
ARAUCANÍA,CONSULTORA ACCION SOCIAL SPA,77.902.207-2,JOSE FELIPE DEL VILLAR GOYTISOLO GENERAL URRUTIA N° 283 OFICINA 37 PUCON,989321903,accionsocial140@gmail.com,TERCERA,773 / 24-07-2024
ARAUCANÍA,ENTIDAD DE ASISTENCIA TECNICA CAR SPA ó CAR SPA,76.829.065-2,"CRISTINA DEL PILAR PINTO VASQUEZ BAQUEDANO N° 270, OFICINA N° 8 NUEVA IMPERIAL",979445313,epcarspa@gmail.com,TERCERA,773 / 24-07-2024
ARAUCANÍA,ENTIDAD DE GESTION RURAL WE NEWEN SPA,77.962.609-1,"GABRIELA DEL PILAR CURIQUEO MERCADO LOS PIONEROS N° 1684, VILLA ALTAMIRA TEMUCO",989907471,egr.wenewen@gmail.com,TERCERA,778 / 25-07-2024
ARAUCANÍA,SOCIEDAD CONSULTORA DE GESTION URBANA Y HABITACIONAL HABILITA LIMITADA,76.028.478-5,MARIA PAULINA BONILLA MUÑOZ BULNES N° 351 OFICINA 64 TEMUCO,978782670,paulinabonilla@habilita.cl,SEGUNDA,814 / 30-07-2024
ARAUCANÍA,"SOCIEDAD DE PROFESIONALES ASISTENCIA TECNICA SOCIAL PARA PROYECTOS HABITACIONALES LAS ARAUCARIAS LIMITADA ""LAS ARAUCARIAS LTDA.",76.342.565-7,IGNACIO POBLETE POBLETE - JUAN FRITZ JARA LAS HERAS N° 711 TEMUCO,996274946,seba2320@gmail.com,PRIMERA,837 / 06-08-2024
ARAUCANÍA,SERVICIO DE ASISTENCIA TECNICA Y SOCIAL PARA PROYECTOS HABITACIONALES ABRIGA SPA,77.560.822-6,CAMILA CONSTANZA BRUN CORTES LUIS DURAND N° 02087 OFICINA 1 TEMUCO,975486021,contacto@abrigaep.cl,TERCERA,837 / 06-08-2024
ARAUCANÍA,"SOCIEDAD CONSULTORA Y GESTION INMOBILIARIA SURCAP LIMITADA ó ""SURCAP CONSULTORES LIMITADA""",77.902.207-2,CLAUDIO ORTIZ ESPINOZA ó CAROLINA RUBIO ALBORNOZ A. PRAT N° 350 OFICINA 509 TEMUCO,996237160,surcapconsultores@gmail.com,TERCERA,927 / 27-08-2024
ARAUCANÍA,PATRICIA ANDREA ITURRA APABLAZA,14.078.150-9,PATRICIA ANDREA ITURRA APABLAZA GERMAN WINKEL N° 646 TEODORO SCHMIDT,941883978 453205409,egrpatriciaiturra@gmail.com,TERCERA,927 / 27-08-2024
ARAUCANÍA,"INMOBILIARIA Y GESTION HABITACIONAL VILLMAPU LIMITADA ó ""INMOBILIARIA VILLMAPU LTDA""",76.784.366-5,"MARIA ALEJANDRA SEPULVEDA YAÑEZ CORONEL URRUTIA N° 830 B, 1° PISO TRAIGUEN",962279171,epvillmapu@gmail.com,TERCERA,928 / 27-08-2024
ARAUCANÍA,CONSULTORA LAGO BUDI SPA,77.947.209-4,MACARENA ANDREA SILVA LIENLAF Y MONICA ANDREA DIAZ PAREDES CHACAO N° 415 TEMUCO,967372004,m.silva@rhavil.cl,TERCERA,928 / 27-08-2024
ARAUCANÍA,SOCIEDAD DE ASESORIAS HABITACIONALES NUEVO HORIZONTE SPA ó NUEVO HORIZONTE SPA,76.814.914-3,JORGE ANDRES ESPINOZA LEON PEDRO LAGOS N° 579 NUEVA IMPERIAL,985546235 998411826,soc.nuevohorizonte@gmail.com,TERCERA,1012 / 10-09-2024
ARAUCANÍA,SOCIEDAD CONSULTORA Y ASESORIAS HABITACIONALES DEL SUR SPA ó CONSULTORA DEL SUR SPA.,76.347.788-6,"PAULINA ANDREA NAVARRETE BRIONES SAN MARTIN N° 745, EDIFICIO UNO OFICINA 302 TEMUCO",990775349,pnavarrete@consultoradelsur.cl,PRIMERA,1012 / 10-09-2024
ARAUCANÍA,MUNICIPALIDAD DE NUEVA IMPERIAL,69.190.400-8,CESAR SEPULVEDA HUERTA PRAT N° 65 NUEVA IMPERIAL,982009096,rvasquez@nuevaimperial.cl,ÚNICA,1012 / 10-09-2024
ARAUCANÍA,ENTIDAD PATROCINANTE ECOVITA SPA ó ECOVITA SPA,77.503.471-8,ANDRES BARRIGA LAVIN JOSE REYES MORALES N° 2067 TEMUCO,950417524,epecovita@gmail.com,TERCERA,1012 / 10-09-2024
ARAUCANÍA,RUKA PEWEN GESTIONES SPA,76.843.606-1,JUAN PABLO MILLALEO MORA TIRSO DE MOLINA N° 03541 TEMUCO,983829464,rukapewenpppf@gmail.com,TERCERA,1073 / 27-09-2024
ARAUCANÍA,SERVICIO DE ASESORIA TECNICA Y SOCIAL MAGENTA LIMITADA ó EP MAGENTA LTDA.,77.117.649-6,OLGA ESTER ACUÑA PINEDA/ANA BARRIL AGURTO GENERAL CRUZ N° 632 B TEMUCO,962729895,entidadmagentaltda@gmail.com,TERCERA,1073 / 27-09-2024
ARAUCANÍA,FUNDARE SPA,77.082.593-8,LUIS ALBERTO ROJAS TEJO CLARO SOLAR N° 942 OFICINA 603 TEMUCO,971410902,carolinabetancour@fundare.cl,TERCERA,1073 / 27-09-2024
ARAUCANÍA,MUNICIPALIDAD DE VILLARRICA,69.191.500-K,PABLO ASTETE MERMOUD PEDRO DE VALDIVIA N° 810 VILLARRICA,983194256,ep@munivillarrica.cl,ÚNICA,1073 / 27-09-2024
ARAUCANÍA,MUNICIPALIDAD DE LUMACO,69.180.800-9,"RICHARD ALEXI LEONELLI CONTRERAS ISABEL ALLENDE N° 20, CAPITAN PASTENE LUMACO",962034318,epmunicipalidaddelumaco@gmail.com,ÚNICA,1141 / 11-10-2024
ARAUCANÍA,SOCIEDAD EL OLIVAR SPA Ó RUCALWE SPA,77.994.281-3,YENYFER PATRICIA SAN MARTIN SEGURA SAN MARTIN N°924 OFICINA 213 TEMUCO,945457313,olivadavid@gmail.com,TERCERA,1141 / 11-10-2024
ARAUCANÍA,ASESORIA INMOBILIARIA RUKANEWEN SPA,76.655.229-3,"HECTOR PATRICIO BECERRA ESCALONA GENERAL URRUTIA N° 788, LOCAL 14 VILLARRICA",954013486,Fabiolita.perales@gmail.com,TERCERA,1141 / 11-10-2024
ARAUCANÍA,ENTIDAD PATROCINANTE AUSTRAL SPA,76.477.131-1,"CAMILO BAHAMONDES FERREIRA A. VARAS N° 687, OFICINA 1405 TEMUCO",452756046,austral.ep@gmail.com,TERCERA,1147 / 15-10-2024
ARAUCANÍA,CONSTRUCTORA RIOSALCO SPA,76.274.066-4,"RODRIGO FERNANDO RIOS SALAZAR LINCOÑIR N° 600, VILLA MANKEMALEN PADRE LAS CASAS",988678281,epriosalco@gmail.com,TERCERA,1147 / 15-10-2024
ARAUCANÍA,MUNICIPALIDAD DE LAUTARO,69.190.100-9,RICARDO JARAMILLO GALINDO BERNARDO O´HIGGINS N° 1032 LAUTARO,452 591564,mcifuentes@munilautaro.cl,ÚNICA,1258 / 12-11-2024
ARAUCANÍA,MUNICIPALIDAD DE TRAIGUEN,69.180.700-2,RICARDO JAVIER SANHUEZA PIRCE BASILIO URRUTIA N° 914 TRAIGUEN,987653821,bmunoz@mtraiguen.cl,ÚNICA,1258 / 12-11-2024
ARAUCANÍA,CONSULTORA ANTU KUYEN SPA,77.575.516-4,"ALEXSANDRA ELIANA OVALLE HUICHAMIL M. BULNES N° 368, EDIF T. RIVERA, OFICINA 802 TEMUCO",993947882,consultora.antukuyen@gmail.com,TERCERA,1258 / 12-11-2024
ARAUCANÍA,CONSULTORA ROBERTO BARRA RIFFO E.I.R.L. ó CONSULTORA QUELTEHUE E.I.R.L.,76.300.098-2,ROBERTO BARRA RIFFO PEREZ N° 630 TRAIGUEN,986581690,rabari66@hotmail.cl,TERCERA,1258 / 12-11-2024
ARAUCANÍA,CONSTRUCTORA E INMOBILIARIA MICHEL VELASQUEZ LIMITADA Ó CITYACONST LTDA.,77.986.915-6,MECHEL VELASQUEZ VELASQUEZ SALTO EL LEON N° 1670 PUCON,975458057,sergio.construccion88@gmail.com,TERCERA,1306 / 29-11-2024
ARAUCANÍA,MUNICIPALIDAD DE ANGOL,69.180.100-4,ENRIQUE NEIRA NEIRA PEDRO AGUIRRE CERDA N° 509 ANGOL,453224303,jeannette.pulgar@angol.cl,TERCERA,1306 / 29-11-2024
ARAUCANÍA,CONSULTORA PROSUR SPA,77.571.769-6,CRISTIAN FUENTES FUENTES Y RAMON CLAVERIA CARO BULNES 368 OFICINA 802 TEMUCO,986994532,egisprosur@gmail.com,TERCERA,1306 / 29-11-2024
ARAUCANÍA,CONSULTORA Y GESTION ENTRE ARAUCARIAS SPA ó ENTRE ARAUCARIAS SPA,77.044.267-2,JESSICA LORENA GONZALEZ MONTOYA VERGARA 645 B VICTORIA,957886360,entidad.entrearaucarias@gmail.com / gvega@entrearaucarias.cl,TERCERA,1325 / 06-12-2024
ARAUCANÍA,CONSULTORA STR LIMITADA,78.050.023-9,MARCOS SEPULVEDA IBAÑEZ Y MANUEL RODRIGUEZ BELLO SAN MARTIN N° 428 TEMUCO,978815482,str.consultora@gmail.com,TERCERA,1325 / 06-12-2024
ARAUCANÍA,ASESORIAS Y SERVICIOS INMOBILIARIOS INTERVIVA LIMITA ó INTERVIVA LTDA.,76.003.965-9,JUAN CARLOS SANDOVAL RIVAS LAS HERAS N° 811 TEMUCO,984393861,jsandoval@interviva.cl,PRIMERA,1329 / 06-12-2024
ARAUCANÍA,SOCIEDAD CONSULTORA BRISAS DEL ÑIELOL LIMITADA,78.025.952-3,MIGUEL HERNAN CALDERON TASCON CLAUDIO VICUÑA N° 0899 TEMUCO,972125571,contacto@brisasdelnielol.cl,TERCERA,1329 / 06-12-2024
ARAUCANÍA,INMOBILIARIA Y GESTION HABITACIONAL TIERRA DDEL FUEGO LIMITADA ó INMOBILIARIA TIERRA DEL FUEGO LTDA.,76.004.978-6,JUAN CARLOS MORALES ZUÑIGA CENTENARIO 01322- PUEBLO NUEVO TEMUCO,989860647,gafebe@hotmail.com,PRIMERA,1330 / 06-12-2024
ARAUCANÍA,ASESORIA HABITACIONAL LOS CIPRESES SPA,77.973.354-8,SERGIO ELIAS TRANAMIL TRANAMIL PASASJE SAN DIEGO N° 01764 TEMUCO,958598002,loscipreses@gmail.com,TERCERA,1330 / 06-12-2024
ARAUCANÍA,GESTION INMOBILIARIA BAMBU LIMITADA,76.529.696-K,ANA LUCY VALLEJOS HERRERA LLANQUIHUE N° 01525 TEMUCO,452607411,gi.bambu.ltda@gmail.com,TERCERA,1330 / 06-12-2024
ARAUCANÍA,ECOSUR SPA,76.880.676-4,MARIO MARCOS RAMIREZ SANCHEZ ANIBAL PINTO N° 792 NUEVA IMPERIAL,971675038,entidad.ecosurspa@gmail.com,TERCERA,1525 / 26-12-2024
ARAUCANÍA,"ENTIDAD PATROCINANTE DE GESTION SOCIAL E INMOBILIARIA CRISTINA CASTILLO ALFAHOGAR E.I.R.L. ""ALFAHOGAR E.I.R.L.""",76.390.115-7,CRISTINA JEANETTE CASTILLO MEDINA LAUTARO 1205 - OF. 402 TEMUCO,984873853 452482642,ccastillo@alfahogar.cl,TERCERA,53 / 21-01-2025
ARAUCANÍA,"GENTE EXPRESA, ASESORÍAS HABITACIONALES LIMITADA ""GENTEXPRESA LIMITADA""",76.002.605-0,HÉCTOR EUGENIO JORQUERA ESCARES ANTONIO VARAS N° 687 OFICINA 411 TEMUCO,979574271,vlasserre@gentexpresa.cl,PRIMERA,53 / 21-01-2025
ARAUCANÍA,SOCIEDAD DE ASESORIAS Y SERVICIOS SOCOSUR LIMITADA ó SOCOSUR LTDA.,76.180.558-4,MARCO ARTURO VENEGAS DOMINGUEZ O'HIGGINS 563 OFICINA 3 TEMUCO,452766777,socosurlimitada@gmail.com,SEGUNDA,137 / 10-02-2025
ARAUCANÍA,PULSOS DE BARRIO LIMITADA,77.010.036-4,"CRISTIAN SEPULVEDA ROCHA - CLAUDIO PONS GALLEGOS HOCHSTETTER N° 1002, OFICINA 714 TEMUCO",984369249,pulsosdebarrio@gmail.com,TERCERA,166 / 24-02-2025
ARAUCANÍA,CONSULTORA PROGESTION LIMITADA,77.923.981-0,"LUZ ARACELY ARIZ SANZANA ALDUNATE N° 77, ODICINA 202 TEMUCO",982348612,progestion.consultora@gmail.com,TERCERA,166 / 24-02-2025
ARAUCANÍA,MUNICIPALIDAD DE TEMUCO,69.190.700-7,"ROBERTO NEIRA ABURTO A. PRAT N° 650, 3° PISO TEMUCO",942159159,gabriela.ceballo@temuco.cl / erika.quezada@temuco.cl,ÚNICA,175 / 28-02-2025
ARAUCANÍA,ARQUISUR CONSULTORA LIMITADA,76.121.893-K,NORA SMITH GUERRERO A. VARAS N° 854 OFICINA 903 TEMUCO,996119417,arquisurconsultora@gmail.com,SEGUNDA,230 / 14-03-2025
ARAUCANÍA,PROYECTOS E INSPECCION TECNICA DE OBRAS RESCALAT LIMITADA,76.654.115-1,RENE EDUARDO ESCALA TAMPE LOS ALPES N° 01705 TEMUCO,997484304,e.escala@rescalat.cl,PRIMERA,230 / 14-03-2025
ARAUCANÍA,ARQUITECTURA Y CONSTRUCCION ALEGRIA OYARZUN LIMITADA,76.064.031-K,LUIS ALEGRIA VILLENA Y JOSE OYARZUN VILLA LOS CASTAÑOS N° 530 PUCON,998747007,egis.alegria@gmail.com,PRIMERA,230 / 14-03-2025
ARAUCANÍA,ARQUITECTURA Y CONSTRUCCION ALEGRIA OYARZUN LIMITADA,76.064.031-K,LUIS ALEGRIA VILLENA Y JOSE OYARZUN VILLA LOS CASTAÑOS N° 530 PUCON,998747007,egis.alegria@gmail.com,PRIMERA,230 / 14-03-2025
ARAUCANÍA,CONSULTORA PLAN SOCIAL LIMITADA,77.235.354-5,VANESSA SCHNEIDER MARTINEZ SAN MARTIN N° 680 TEMUCO,995450252,consultoraplansocial@gmail.com / epplansocial@gmail.com,PRIMERA,249 / 20-03-2025
ARAUCANÍA,PROBERME SPA,78.124.824-K,JESSICA DANIELA LASTRA TORRES AVDA. SAN MARTIN N° 02105 TEMUCO,93182461,proyectosproberme@gmail.com,TERCERA,370 / 17-04-2025
ARAUCANÍA,MUNICIPALIDAD DE VILCUN,69.190.800-3,KATHERINNE MIGUELES MUÑOZ CHORRILLOS N° 362 VILCUN,953900244,lcampos.vilcun@gmail.com,ÚNICA,405 / 29-04-2025
ARAUCANÍA,MUNICIPALIDAD DE CARAHUE,69.190.500-4,HELMUTH MARTINEZ LLANCAPAN DIEGO PORTALES N° 295 CARAHUE,956643754,vivienda@carahue.cl,ÚNICA,405 / 29-04-2025
ARAUCANÍA,ENTIDAD PATROCINANTE SAN GUILLERMO SPA,77.659.654-K,SEBASTIAN SANDOVAL BAEZA CORVALAN N° 2225 PADRE LAS CASAS,926967114,epsanguillermo@gmail.com,TERCERA,405 / 29-04-2025
ARAUCANÍA,CONSULTORA DEM SPA,76.831.603-1,MARITZA OLGAORFILIA VERGARA BELLO M. MONTT N° 850 OFICINA 307 TEMUCO,953005545,fdemspa@gmail.com,TERCERA,405 / 29-04-2025
ARAUCANÍA,"SERVICIOS PROFESIONALES ASISTENCIALES Y DE CONSTRUCCION LIMITADA ó ""ASESORIAS LANFOR LTDA""",76.588.510-8,CARLOS LANDAETA FONSECA CLARO SOLAR N° 996 OFICINA 4 TEMUCO,992201733,asesoriaslanfor@gmail.com,PRIMERA,492 / 23-05-2025
ARAUCANÍA,"ENTIDAD PATROCINANTE ROCA DEL SUR LIMITADA ó ""E.P. ROCA DEL SUR LTDA.""",78.126.147-5,JONATHAN ALEXIS MARQUEZ ARIAS A. VARAS N° 979 OFICINA 801 TEMUCO,976995453,rocadelsur.ep@gmail.com,TERCERA,492 / 23-05-2025
ARAUCANÍA,CONSULTORA INNOVA VIDA SPA,78.135.504-6,ALEJANDRO BUSTAMANTE GONZALEZ AV. SAN MARTIN N° 1325 OFICINA 4 TEMUCO,957408272,a.bustamante@gmail.com,TERCERA,492 / 23-05-2025
ARAUCANÍA,ENTIDAD PATROCINANTE RIO IMPERIAL LIMITADA,77.314.447-8,"EVELYN MANRIQUEZ GUTIERREZ BULNES N° 699, OFICINA 414, PISO 4°, EDIFICIO DIARIO AUSTRAL TEMUCO",922128323,eprioimperial@gmail.com,TERCERA,558 / 11-06-2025
ARAUCANÍA,LEVIANTE & EMHART ASOCIADOS SPA,76.836.182-7,DAMIAN LEVIANTE HENRIQUEZ GENERAL MACKENNA N° 593 TEMUCO,950100005,contacto@lye.cl,TERCERA,558 / 11-06-2025
ARAUCANÍA,MUNICIPALIDAD DE PITRUFQUÉN,69.191.300-7,JACQUELINE ROMERO INZUNZA FRANCISCO BILBAO N° 593 PITRFQUEN,966498200,jimenavera@mpitrufquen.cl,ÚNICA,572 / 13-06-2025
ARAUCANÍA,AGENCIA DE SERVICIOS HABITACIONALES VIGO LIMITADA,78.879.980-2,ADRIANA VILCHES CAMPOS INGLATERRA N° 820 TEMUCO,981492990,jvilchesc@gmail.com,TERCERA,572 / 13-06-2025
ARAUCANÍA,INMOBILIARIA Y SERVICIOS DE ASESORIA HABITACIONAL RUKACURA LIMITADA,76.626.563-4,ALEJANDRA ARRATIA SEGUEL Y PAULINA ANDREA PEREZ BOISIER SAN EUGENIO N° 0999 TEMUCO,971321123,ep.rukacura@gmail.com,SEGUNDA,596 / 18-06-2025
ARAUCANÍA,INMOBILIARIA Y CONSULTORA INNOVASUR SPA,76.574.331-1,JORGE INOSTROZAQUIÑIÑIR Y ROCIO NAVARRETE VENEGAS VICUÑA MACKENNA N° 678 OFICINA 1204 TEMUCO,933488366,innovasurtemuco@gmail.com,TERCERA,596 / 18-06-2025
ARAUCANÍA,SUSANA MAGDALENA SOLAR VALENZUELA,13.316.597-5,SUSANA MAGDALENA SOLAR VALENZUELA LOS AJENJOS N° 07271 TEMUCO,993085460,egrsolar@gmail.com,TERCERA,605 / 23-06-2025
ARAUCANÍA,RONALD MAURICIO ZAMBRANO NAVARRETE CONSULTORA E.I.R.L.,76.511.460-8,RONALD MAURICIO ZAMBRANO NAVARRETE,,,,
ARAUCANÍA,SOCIEDAD CONSTRUCTORA Y CONSULTORA OLAM SPA,77.204.216-7,CECILIA MARGOT SANTIBAÑEZ CURIFUTA LOS PIONEROS N° 1684 TEMUCO,967795907,asesoriasocial2020@gmail.com,TERCERA,610 / 23-06-2025
ARAUCANÍA,PEUMAN RUKA SPA,78.133.586-K,"YOSELIN FABIOLA JARA SALAZAR ISLA JUAN FERNANDEZ N° 03720, BARRIO LAS TRANQUERAS TEMUCO",939716962,peumanruka@gmail.com,TERCERA,610 / 23-06-2025
ARAUCANÍA,CONSULTORA PAREDES & BARTHELD AVANZA CAUTIN LIMITADA,78.148.268-4,"DELIA DEL CARMEN LLEUFUL ALCAVIL VICUÑA MECKANNA N° 678, OFICINA 306 TEMUCO",964755868,vanzacautinlimitada@gmail.com,TERCERA,622 / 26-06-2025
ARAUCANÍA,CONSULTORA VORTICE SOCIEDAD DE RESPONSABILIDAD LIMITADA,77.743.292-3,CRISTIAN ESTEBAN ORTUYAR LEFENDA VICUÑA MAKENNA N° 678 TEMUCO,968785018,hcruz.vortice@gmail.com,TERCERA,622 / 26-06-2025
ARAUCANÍA,MUNICIPALIDAD DE PERQUENCO,69.190.300-1,ALEJANDRO SEPULVEDA TAPIA ESMERALDA N°497 PERQUENCO,950287429 452756226,lgallegos@perquenco.cl,ÚNICA,682 / 14-07-2025
ARAUCANÍA,"SERVICIOS DE ASESORIA Y CONSULTORIA ESTEFANIA FERNANDEZ E.I.R.L. ""CONSULTORA AMANECER E.I.R.L.",77.743.022-K,"ESTEFANIA FERNANDEZ SALAS M. BULNES N° 1067 OFICINA 1, 2° PISO TEMUCO",968057247,ep.amanecer@gmail.com,TERCERA,682 / 14-07-2025
ARAUCANÍA,MUNICIPALIDAD DE PADRE LAS CASAS,61.955.000-5,MARIO GONZALEZ REBOLLEDO AVDA. MAQUEHUE N° 1441 PADRE LAS CASAS,997417880 96874280 452590449,entidadpatrocinante@padrelascasas.cl / wceballos@padrelascasas.cl,ÚNICA,743 / 28-07-2025
ARAUCANÍA,ASESORIAS PADSUR SPA,77.301.029-3,DANIELA FERNANDA PADILLA TORRES ANTIFIL N° 0151 TEMUCO,981846413,dpadillat2@gmail.com / asesoriaspadsur@gmail.com,TERCERA,743 / 28-07-2025
ARAUCANÍA,CONSULTORA PATRICIO AUGUSTO ZEGPI MANCILLA E.I.R.L.,76.587.198-0,"PATRICO ZEGPI MANCILLA A. VARAS N° 979, OFICINA 801 TEMUCO",989004094,consultorazeg@gmail.com,TERCERA,743 / 28-07-2025
ARAUCANÍA,SERVICIOS DE ASISTENCIA TECNICA Y SOCIAL PARA PROYECTOS HABITACIONALES SURVIDA LIMITADA,76.231.455-K,ERWIN SCHEEL ALIAGA PRAT Nº 620 OF 501 TEMUCO,452320910 995983690,consultorasurvida@gmail.com / contacto@survida.cl / alejandravalenzuela@survida.cl,PRIMERA,743 / 28-07-2025
ARAUCANÍA,MUNICIPALIDAD DE GALVARINO,69.190.200-5,HANS OSVALDO GONZALEZ ESPINOZA FRESIA N° 1090 GALVARINO,996505002 452 924791,vivienda@galvarinochile.cl,ÚNICA,781 / 01-08-2025
ARAUCANÍA,ENTIDAD PATROCINANTE GEO CHILE LIMITADA,77.764.914-0,MARICEL AUGENIA MUHADED VILLAGRAN ESPAÑA N° 460 OF 301 TEMUCO .,934990332,epgeochile@gmail.com,TERCERA,781 / 01-08-2025
ARAUCANÍA,INMOBILIARIA RED URBAN SPA,77.565.488-0,"ROMINA MARION SALINAS MADRIS PASAJE ISLA NUEVA N° 262, LABRANZA TEMUCO",931952864,redurban.ar@gmail.com,TERCERA,826 / 12-08-2025
ARAUCANÍA,"ARQUITECTURA, CONSTRUCCION Y SERVICIOS PROFESIONALES MIRTHA SANDOVAL DE LA FUENTE E.I.R.L.",76.489.570-3,SOCIEDAD DE PROFESIONALEWS MAWUN LIMITADA ó CONSULTORA MAWUN LTDA. VALENTIN LETELIER # 805 OF. 403 (EDIFICIO EL PEHUEN) VILLARRICA,994444130,mirthasandoval@gmail.com,TERCERA,826 / 12-08-2025
ARAUCANÍA,SYGMA GESTION DE PROYECTOS LIMITADA,76.056.748-5,"LORENA AVILA FAUNDEZ Y/O GONZALO NECULHUEQUE ZAPATA RUTA 5 SUR 2735, MODULO 4 P. LAS CASAS",452 404004,lavila@sygma.cl,TERCERA,826 / 12-08-2025
ARAUCANÍA,ASESORIAS HABITACIONALES LIMITADA - HABITA LIMITADA,76.056.406-0,"JAIME CORDERO CUEVAS, JAIME CORDERO CORREA M. MONTT N° 1476 TEMUCO",978578364,contabilidad.losnogales1@gmail.com,TERCERA,873 / 21-08-2025
ARAUCANÍA,SOCIEDAD CONSTRUCTORA RAICES LIMITADA,76.274.415-5,CARLA VALENTINA ESPINOZA ARIAS AV. P. DE VALDIVIA N° 03815 TEMUCO,452 921715,mguinez@scraices.cl,TERCERA,873 / 21-08-2025
ARAUCANÍA,MUNICIPALIDAD DE PUCON,69.191.600-6,SEBASTIAN ALVAREZ RAMIREZ AV. O’HIGGINS N°483 PUCON,944202072 452888105,afigueroa@municipalidadpucon.cl,ÚNICA,873 / 21-08-2025
ARAUCANÍA,MUNICIPALIDAD DE COLLIPULLI,69.180.500-K,MANUEL JESUS MACAYA RAMIREZ BELLA ILUSION N° 0244 COLLIPULLI,930898082,inostrozalavin@gmail.com,ÚNICA,873 / 21-08-2025
ARAUCANÍA,"CONSULTORA JHONATAN BARRA TORRES E.I.R.L. ó CONSULTORA PEWEN EIRL""",78.210.596-5,"JHONATAN BARRA TORRES CALLE LA PAZ N° 10, POBLACION MICHIGAN COLLIPULLI",941191245,consultorapewen@gmail.com,TERCERA,932 / 28-08-2025
ARAUCANÍA,CONSULTORA LILIAN SOTO LIMITADA,52.003.402-1,LILIAN SOTO MUÑOZ A. VARAS N° 687 OFICINA 704 TEMUCO,98695514,cliliansoto@hotmail.com,SEGUNDA,932 / 28-08-2025
ARAUCANÍA,PROACTIVA GESTIONES SPA,77.325.971-2,CRISTIAN MARCELO MERCADO RIVERA LAS CAMELIAS N 1403 TEMUCO,993152281,proactivagestiones@gmail.com,TERCERA,1021 / 10-09-2025
ARAUCANÍA,SERVICIOS DE INGENIERIA PROYECTOS CHILE SPA,76.659.052-7,NELIDA DEL CARMEN LEVIPAN PEREZ ZENTENO N° 972 TEMUCO,984385348,nelidalevipan@gmail.com,TERCERA,1021 / 10-09-2025
ARAUCANÍA,"CONSULTORA CRE EMPRENDE, EDUARDO HERNANDEZ MUÑOZ E.I.R.L.",76.522.044-0,"EDUARDO HERNANDEZ MUÑOZ M. MONTT N° 966, OFICINA 302 TEMUCO",953909701,epcreemprende.oficina@gmail.com,TERCERA,1120 / 30-09-2025
ARAUCANÍA,SERVICIO DE ASISTENCIA TECNICA Y SOCIAL ADVANCE LIMITADA,77.537.553-1,MARCOS NAVARRETE FIGUEROA MARCIAL ARANCIBIA MUÑOZ COLIMA N° 0745 TEMUCO,983072487,marcialarancibia@gmail.com / egisadvance@gmail.com,TERCERA,1163 / 07-10-2025
ARAUCANÍA,SERVICIOS PROFESIONALES DE CONSULTORIAS Y ASESORIAS CARLOS CARRILLO TORRES LIMITADA ó CONSULTORA CARLOS CARRILLO TORRES LTDA.,76.021.000-5,"CARLOS CARRILLO TORRES CLARO SOLAR N° 950, EDIFICIO ANTUMALAL OFICINA 51 TEMUCO",979352804,jmora@ccct.cl,SEGUNDA,1189 / 13-10-2025
ARAUCANÍA,SOCIEDAD DE PROFESIONALES ARHAUCO LTDA.,76.289.701-6,KAREN NICOLE RIQUELME CONCHA ALDUNATE N° 656 OFICINA 2 TEMUCO,987098607,arhaucoltda@gmail.com,PRIMERA,1226 / 20-10-2025
ARAUCANÍA,ENTIDAD PATROCINANTE SANTA CLARA LIMITADA ó EP SANTA CLARA LIMITADA,76.016.415-1,"SOL INES GARCIA THIELEMANN PASAJE PIRCUNCHE N° 0655, SANTA ROSA TEMUCO",942723041,entidadpatrocinantelst@gmail.com / lst@lst.cl,PRIMERA,1239 / 23-10-2025
ARAUCANÍA,ARAUCANIA ASESORIA Y CONSTRUCCION SPA,77.192.251-1,"RODOLFO ABEL GALLARDO GONZALEZ AVDA. B. O'HIGGINS N° 659, LOCAL 3 NUEVA IMPERIAL",995248016,araucaniaconstrucciones.spa@gmail.com,TERCERA,1269 / 29-10-2025
ARAUCANÍA,SOCIEDAD PRESTADORA DE SERVICIOS PROFESIONALES DE ARQUITECTURA Y CONSULTORA AIRA LIMITADA,77.180.535-3,CLAUDIA BASCUR HENRCHSSON ALDUNATE N° 719 OFICINA 601 TEMUCO,953341223,aira.consultora@gmail.com,SEGUNDA,1358 / 12-11-2025
ARAUCANÍA,"CONSULTORA Y ASISTENCIA TECNICA PAOLA ANDREA MARTINEZ ITURRA LIMITADA. ""CONSULTORA ANTU LIMITADA""",76.728.638-4,PAOLA ANDREA MARTINEZ ITURRA FREIRE N° 806 COLLIPULLI,991297123,consultorantu@gmail.com,TERCERA,1358 / 12-11-2025
ARAUCANÍA,NEWEN ZOMO AESORIA Y GESTION INMOBILIARIA S.P.A,77.446.957-5,"TERESA BLASCO GONZALEZ AVDA.VALPARAISO N° 285 C , SANTA ROSA TEMUCO",989404705,newenzomo.spa@gmail.com / piliblago67@gmail.com,TERCERA,1399 / 19-11-2025
ARAUCANÍA,SOCIEDAD CONSULTORA NEWENSUR LIMITADA,76.084.499-3,LUCIANO ESTEBAN SALDIAS MEZA/CARLOS TORRES VENEGAS AVDA. BRASIL N° 1160 LAUTARO,978453264,consultoranewensur@gmail.com,TERCERA,1424 / 25-11-2025
ARAUCANÍA,INMOBILIARIA Y GESTION HABITACIONAL ORIGEN SPA ó IGH ORIGEN SPA,77.340.424-0,JOSE APOLINARIO ORTEGA ORTEGA BALMACEDA N° 247 TRAIGUEN,998144687,ghorigen@gmail.com,TERCERA,1482 / 09-12-2025
ARAUCANÍA,CONSULTORIA Y SERVICIOS MS2 LIMITADA,76.633.118-1,MARCOS EDUARDO SILVA CONCHA SOTOMAYOR N° 129 NUEVA IMPERIAL,953002024,ms2.consultora@gmail.com,TERCERA,1514 / 12-12-2025
ARAUCANÍA,INGENIERIA SOCIAL LIMITADA ó INGESOC LTDA.,76.539.809-6,"NANCY ARCOS INZUNZA PASAJE EL PRADO N° 442, VILLA EL VALLE, LABRANZA TEMUCO",950546683,ingesoc.ltda@gmail.com,TERCERA,1599 / 22-12-2025
ARAUCANÍA,INMOBILIARIA JOMAR SPA,77.853.970-5,"JOSE ESTEBAN MARTABID CRUTCHIK, BRYAN SCHNEEBERGER Y FCO. CALDERON BARBAS LAS QUILAS N°1535 TEMUCO",987454640,marcoavila@martabid.com,PRIMERA,24 / 15-01-2026
ARAUCANÍA,GESTION INMOBILIARIA SOCIAL URBANA SPA,77.468.265-1,CAMILO ORTEGA GARRIDO MANUEL RODRIGUEZ N° 825 OF 302 TEMUCO,950944385,gisu.tco@gmail.com,TERCERA,24 / 15-01-2026
ARAUCANÍA,CONSULTORA MGO LIMITADA,77.493.269-0,"MARCIA GARAY OTTESEN O HIGGISNS N° 563, OFICINA 1 TEMUCO",999792887 452766777,marcia.garayottensen@gmail.com,PRIMERA,73 / 04-02-2026
ARAUCANÍA,MUNICIPALIDAD DE SAAVEDRA,69.190.600-0,ROBERTO RICARDO TRIPAINAO CALFULAF EJERCITO 1424 SAAVEDRA,959446807,vivienda@munisaavedra.cl,ÚNICA,98 / 11-02-2026
ARAUCANÍA,"ARQUITECTURA Y CONSTRUCCION CLAUDIO ALEJANDRO ROMO SANHUEZA LIMITADA ""MIRO LTDA.""",76.421.606-7,CLAUDIO ALEJANDRO ROMO SANHUEZA ALDUNATE N° 719 OFICINA 906 EDIFICIO TELAR TEMUCO,976671436,crs@mirolimitada.cl,SEGUNDA,108 / 16-02-2026
ARAUCANÍA,INMOBILIARIA SALFA AUSTRAL LIMITADA,96.610.790-1,"MATIAS STAMM MORENO A. VARAS N° 579, OFICINA 408 TEMUCO",979797636,vfritz@salfaaustral.cl,PRIMERA,108 / 16-02-2026
ARAUCANÍA,CONSULTORA VIDA RENOVABLE SPA- ó VIDA RENOVABLE SPA,77.164.798-7,"PABLO NAMBRAD BARRA RUTA 5 SUR 2735, MODULO 1 PADRE LAS CASAS",963988515,ep.vidarenovable@gmail.com,TERCERA,272 / 06-04-2026
ARAUCANÍA,"PROYEXTA ASESORIA HABITACIONAL LIMITADA ""PLAN VIVIENDA LTDA.""",76.692.385-2,JUAN LUIS CARRILLO VALENZUELA RUTA 5 SUR KM. 689 (ENLACE QUEPE BOROA) - QUEPE FREIRE,974880003 452 747581,pguajardo@proyexta.com,PRIMERA,301 / 13-04-2026
ARAUCANÍA,ASESORIAS HABITACIONALES HABIPAL LIMITADA,78.364.486-K,LUIS ALEJANDRO SAEZ ALLENDE JOSE MANUEL GARZO N° 01658 TEMUCO,452324262 982393478,luissaez@lsaingenieria.cl,TERCERA,301 / 13-04-2026
ARAUCANÍA,"SERVICIOS Y ASESORIAS INMOBILIARIAS Y HABITACIONALES PUCON LTDA ""PUCON LTDA.""",76.261.021-3,"MARIA EUGENIA GONZALEZ BURGOS PRAT N° 350 OFICINA 902, PISO 9 EDIFICIO NEXUS TEMUCO",945480382,egispucon@gmail.com,TERCERA,301 / 13-04-2026
ARAUCANÍA,YAHWEH JIREH ENTIDAD PATROCINANTE SPA,77.871.816-2,CARLOS ALEJANDRO MARQUEZ ARIAS A. VARAS N° 979 OF. 801 PISO 8 TEMUCO,971209205,yahweh.ep@gmail.com,TERCERA,311 / 15-04-2026
ARAUCANÍA,INMOBILIARIA Y ASESORIAS PEUMAYEN SPA,77.186.815-0,SADY ROMINA COÑUENAO PAILLAL BAQUEDANO N° 90 NUEVA IMPERIAL,964409864,soc.peumayen@gmail.com,TERCERA,311 / 15-04-2026
ARAUCANÍA,CONSULTORA CAUTIN LIMITADA,78.103.216-6,ROBERTO ALBARRAN SASLINAS Y ALEXIS SALFATE MUÑOZ CODORNIZ N° 2200 TEMUCO,993188021,asalfatem@gmail.com,TERCERA,311 / 15-04-2026
ARAUCANÍA,CONSULTORA BUONA VITA SPA,76.757.957-8,CARLA VALENTINA ISAACS MUNRO SAN MARTIN N° 924 OFICINA 321 TEMUCO,974300104,contacto@epvita.cl,PRIMERA,392 / 11-05-2026
ARAUCANÍA,SOCIEDAD DE GESTION HABITACIONAL ARMONIAS SPA,77.911.103-2,CAROL CASTILLO CARREÑO HUMBERTO TENORIO N° 216 NUEVA IMPERIAL,958268463,ccastilloc1608@gmail.com,TERCERA,392 / 11-05-2026
ARAUCANÍA,CONSULTORA E INMOBILIARIA PROGRESO SPA,76.762.088-8,DANIELA MARQUEZ GONZÁLEZ MAIPU NORTE N° 047 LOCAL F ANGOL,963304733,progreso.consultora@gmail.com,TERCERA,392 / 11-05-2026
ARAUCANÍA,PRESTACIONES DE SERVICIO DE ASISTENCIA TECNICA PARA PROGRAMAS HABITACIONALES SPA. (PLANISUR),77.368.921-0,"NANCY ANDREA QUIROZ MANQUIAN A. PRAT N° 780, OFICINA 203 A TEMUCO",959205437,planisurep@gmail.com,TERCERA,393 / 11-05-2026
ARAUCANÍA,"JEAN PIERRE MARGOT CASTILLO, ENTIDAD DE GESTIÓN INMOBILIARIA E.I.R.L. "" ARKY PIERRE E.I.R.L.""",76.065.077-3,"JEAN PIERRE MARGOT CASTILLO CARRERA N° 98, TEMUCO TEMUCO",452329251 968406226,arkypierre@gmail.com,TERCERA,393 / 11-05-2026
ARAUCANÍA,"CHRISTOPHER RICARDO HIGUERAS CANDIA E.I.R.L. ""AUKAN ENTIDAD PATROCINANTE E.I.R.L.""",77.423.806-9,CHRISTOPHER RICARDO HIGUERAS CANDIA JOSE LUIS OSORIO N° 206 B ANGOL,997121463,entidad.aukan@gmail.com / higuerascandia@gmail.com,TERCERA,393 / 11-05-2026
ARAUCANÍA,ENTIDAD PATROCINANTES HUGO CRUZ SPA,78.416.278-9,"HUGO CRUZ VELIZ ENRIQUE REYES N° 01930 ST 31, LOS TRIGALES TEMUCO",997661953,hugocruzep@gmail.com,TERCERA,428 / 20-05-2026
LOS LAGOS,EGIS E INMOBILIARIA SAN JOSÉ LIMITADA,76.072.328-2,"MAURICIO LÓPEZ AGÜERO O’HIGGINS N°583, OFICINA 11 OSORNO",(64)2230044 56974652418,egissanjose@gmail.com,SEGUNDA,1142 / 24-05-2017
LOS LAGOS,AGENCIA DE SERVICIOS HABITACIONALES VIGO LIMITADA,78.879.980-2,CLAUDIA VILCHES BUSTOS RAMÓN FREIRE N° 1050 OSORNO (64)2553188,(64)2553183 972165594,consultoravigoltda@gmail.com / vigo.cvilches@gmail.com,SEGUNDA,2579 / 07-12-2016
LOS LAGOS,CONSULTORA VIVE ECO LIMITADA,76.044.695-5,RICARDO TONEATTI DEL RÍO COPIAPÓ N°020. PUERTO MONTT,(65)2253125 56977932892,consultora@viveeco.cl,TERCERA,1852 / 30-08-2016
LOS LAGOS,SOCIEDAD CONSULTORA AUSTRAL LIMITADA,76.009.313-0,IGNACIO BILBAO RAMÍREZ LOTA N° 436 PUERTO MONTT,(65)2395232 56984724085,egis@consultoraaustral.cl / administracion@consultoraaustral.cl,SEGUNDA,186 / 26-02-2019
LOS LAGOS,SOCIEDAD GESTIÓN INMOBILIARIA SOCIAL ELISABETH SALDIVIA LIMITADA,76.043.838-3,"MARIA ELIZABETH SALDIVIA MANCILLA ELEUTERIO RAMIREZ N°977, OFICINA D. OSORNO",(65) 2263612 56 9 5876 9503 56 9 8458 2776,m.e.saldivia@hotmail.com,PRIMERA,150 / 30-01-2017
LOS LAGOS,ULMO CONSULTORES S.A.,76.042.675-K,"SEBASTIAN OROZCO LANFRANCO LIN LIN D6, POBLACIÓN ANEF PUERTO MONTT",(65) 2225996 935676716,sorozco@ulmoconsultores.cl / egis@ulmoconsultores.cl,SEGUNDA,926 / 03-05-2017
LOS LAGOS,INMOBILIARIA CASA ACTIVA LIMITADA,76.146.397-7,"MÓNICA LÓPEZ MUÑOZ LAGUNA ABASCAL N° 4914, VALLE VOLCANES PUERTO MONTT",(64) 2211616 974846671 940188880,monicalopez150@gmail.com / asistentesocialcasactiva@gmail.com,PRIMERA,83 / 18-01-2017
LOS LAGOS,SERVICIOS DE ASISTENCIA HABITACIONAL YESENIA MORALES REYES E.I.R.L.,76.210.847-K,"YESENIA MORALES REYES PORTALES N°678, OFICINA 8, EDIFICIO LOMAS DE CAUQUENES. OSORNO",(64) 2317171 968323857 94436604,ymoralesreyes@hotmail.com / secretariaentidad@gmail.com,TERCERA,736 / 13-04-2017
LOS LAGOS,INMOBILIARIA BEDECARRATZ LTDA.,76.125.807-9,JULIO VARGAS GONZALEZ CASANOVA 1030. OSORNO,(64)2334100 961913571,d.bedecarratz@bedecarratz.cl / e.patrocinante@bedecarratz.cl / entidadyeseniamorales@gmail.com,SEGUNDA,679 / 11-07-2018
LOS LAGOS,AVIFEL GESTION INMOBILIARIA SPA,76.266.917-K,"EDITH SAAVEDRA FUNDO EL CASTILLO LOTE 7, CAMINO A PUERTO OCTAY. OSORNO",(64)2533878 56966213388,esaavedra@avifel.cl / iavila@avifel.cl / j.vargas@bedecarratz.cl,SEGUNDA,671 / 13-10-2020
LOS LAGOS,ASESORÍAS LOS AMANCAYES LIMITADA.,76.393.099-8,"JUAN COMIGUAL BAÑADOS O'HIGGINS N°580, PISO 19, OFICINA 103, (ED. KAHUAK) OSORNO (65)2236330 (65)2236331",,amancayes.social@gmail.com,TERCERA,2680 / 21-12-2016
LOS LAGOS,ARARAT SpA.,76.236.777-7,"ROBERTO SALAMANCA WALKER MARTINEZ N° 430, OF. 43 PUERTO VARAS",55 2 82 2008 56995179569,robertosalamanca@ararat.cl / melconmartabid@ararat.cl / andresmartabid@ararat.cl,PRIMERA,1569 / 23-12-2019
LOS LAGOS,GESTIÓN INMOBILIARIA WALDO ALEX PEREZ SEPULVEDA E.I.R.L.,76.359.036-4,"WALDO PEREZ SEPULVEDA CALLE DALMIRO CATALAN N° 125, POBLACIÓN MANUEL MONTT PUERTO MONTT",64-2226445 56942837479 56995983690,inmb.sanpedro@gmail.com,TERCERA,2681 / 21-12-2016
LOS LAGOS,SERVICIO DE ASISTENCIA TECNICA Y SOCIAL PARA PROYECTOS HABITACIONALES SURVIDA LIMITADA,76.231.455-K,"VIVIANA ALEJANDRA VALENZUELA PUENTE; LILIBETH ALVAREZ BERNARDO O'HIGGINS N°580, OFICINA N° 2, EDIFICIO KAUAK OSORNO '",(65)2283090 56987753688,contacto@survida.cl,PRIMERA,719 / 18-07-2018
LOS LAGOS,INMOBILIARIA FELMER LIMITADA,77.098.160-3,"ANA MONTOYA, CONSUELO SEGUEL FELMER, 0'HIGGINS N° 531 PUERTO MONTT",(65)2283090 56987753688,amontoya@felmer.cl / cseguel@felmer.cl / conseguel@felmer.cl,TERCERA,1856 / 30-08-2016
LOS LAGOS,INMOBILIARIA Y CONSTRUCTORA INSOC LIMITADA,76.961.330-7,"KARINA PÉREZ PAIDANCA ANTONIO VARAS N° 216, OFICINA 609 PUERTO MONTT",(65)2253122 56939518636 56932259762,kperez@insoc.cl / inmobiliariainsoc@gmail.com,PRIMERA,1082 / 18-10-2018
LOS LAGOS,VIARCO SOCIEDAD POR ACCIONES,76.594.009-5,"CAROLINA ROBLES LÓPEZ O'HIGGINS N° 827, OFICINA 1 OSORNO",(64)2629093 56984819676,caisavero@gmail.com / katiparra1813@gmail.com,TERCERA,2514 / 28-11-2016
LOS LAGOS,PROYECTOS MEJORA TU VIVIENDA LIMITADA,76.559.217-8,"DANIEL CASTRO MANQUECHEO RANCAGUA N° 256, OF. 05 PUERTO MONTT",(65)251787 56936300104,proyectosmejoratuvivienda@gmail.com,TERCERA,213 / 10-02-2017
LOS LAGOS,CONSULTORA FLOR PAZ MUÑOZ MOYA SpA.,76.623.807-6,CAROLINA MIRANDA SANTOS VARGAS N° 490 QUELLÓN,56941498616,florpazmunoz@gmail.com,TERCERA,181 / 03-02-2017
LOS LAGOS,CONSULTORA SUNELTO SpA.,76.646.623-0,MARÍA CARDENAS BARRÍA LAS AMERICAS N° 685 ANCUD,(65)2868597 56977074482,lcardenas@sunelto.cl / egis@sunelto.cl / consultorasunelto@gmail.com,TERCERA,360 / 21-03-2017
LOS LAGOS,CONSULTORA MELINKA GESTIÓN HABITACIONAL LIMITADA,76.676.805-9,LORENA PONCE ANDRADE PALENA N° 288 PUERTO MONTT,(65)2250899 56988298658,consultoramelinka@gmail.com,TERCERA,896 / 27-04-2017
LOS LAGOS,CONSULTORA BAKER SOCIEDAD POR ACCIONES,76.516.804-K,"CARMEN SAUTERL ALVAREZ FREIRE N° 1257 OSORNO/ SAN MARTÍN N° 487, SEGUNDO PISO, OFICINA 5 CASTRO OSORNO/CASTRO",(64)2491607 56971843453,consultorabakerosorno@gmail.com / bakergestionosorno@gmail.com / cbakerchiloe@gmail.com,TERCERA,2451 / 20-12-2017
LOS LAGOS,LEVIANTE Y EMHART ASOCIADOS SOCIEDAD POR ACCIONES,76.836.182-7,"DAMIAN LEVIANTE HENRÍQUEZ URMENETA N° 305, OFICINA 309, PISO 8, EDIFICIO ESTUDIO LOS HEROES PUERTO MONTT",56946755915,contacto@lye.cl / cristian.emhart@gmail.com / c.emhart@lye.cl,TERCERA,645 / 22-06-2018
LOS LAGOS,CONSULTORA WE LIWEN SpA,77.060.207-6,DANIZA BARRÍA IBAÑEZ - ROSA SOTO SAN MARTIN ARTURO PRAT N° 780 OSORNO,(64)2202421 56971203097 56975793269,weliwenconsultora@gmail.com,TERCERA,1376 / 22-11-2019
LOS LAGOS,GLOBAL CONSULTORA ASESORÍAS Y GESTIÓN SpA,77.088.849-2,"LUIS BÓRQUEZ PEREIRA MANUEL BULNES N° 590, OFICINA 503 OSORNO (64)2641111",,contacto.globalasesorias@gmail.com,TERCERA,289 / 25-03-2020
LOS LAGOS,CONSULTORA HABITECK SpA,77.022.064-5,RICARDO GAMIN SOTO PASAJE IRENE FREI N° 15 PUERTO MONTT >,56935806859,ricardogamin@gmail.com / contacto@habiteck.cl / quinterolucia8@gmail.com,TERCERA,532 / 27-07-2020
LOS LAGOS,CONSULTORA PAULINA BEATRIZ CASTILLO SpA,76.468.237-0,VICTOR CAMPOS CAMPOS MANUEL MONTT N° 563 OSORNO,56953964704 56994472596,consultorapsicoactiva@gmail.com,TERCERA,44 / 25-01-2021
LOS LAGOS,SOUTH WINDS SpA.,77.207.704-1,"PAZ CEA GONZALEZ PASAJE JUAN LAGOS, 808, PISO 2 OFICINA 203 OSORNO",(64)2677160 56933200754 56936260513,swvientosdelsur@gmail.com,TERCERA,299 / 14-06-2021
LOS LAGOS,CASAS DEL SUR CONSULTORA SpA,77.341.863-2,"JOSÉ PAREDES GUILQUIRUCA NELSON BUSTAMANTE INTERIOR S/N, COMUNA DE ANCUD Y CALLE LOS MAITENES S/N COMUNA DE PALENA ANCUD Y PALENA",(65)2625155 56981615273,casasdelsur1@gmail.com,SEGUNDA,453 / 09-08-2021
LOS LAGOS,CONSULTORA SHALOM LIMITADA,77.281.085-7,SAMUEL COLGUAN ANTONIO VARAS N° 301 LOS MUERMOS,56977792082,constructorashalomeirl7@gmail.com / consultora.shalom@gmail.com,TERCERA,660 / 27-10-2021
LOS LAGOS,CONSULTORA FORJANDO DIGNIDAD LIMITADA,76.842.995-2,"EDOARDO CÁCERES OLATE QUILLOTA N° 175, OFICINA 710 PUERTO MONTT",(65)2267777 56961919823,fodiloslagos@gmail.com,TERCERA,554 / 20-09-2021
LOS LAGOS,INMOBILIARIA JOMAR SpA,77.853.970-5,MARÍA JOSÉ NAVARRO GARCÉS BANAVENTE N° 915 PUERTO MONTT,452456175 56974790628,marcoavila@martabid.com,PRIMERA,652 / 25-10-2021
LOS LAGOS,MAWIDA CONSULTORES SpA,77.458.583-4,JOHANA PÉREZ ANGULO MANUEL ANTONIO MATTA Nº 556 PRIMER PISO CENTRO CULTURAL OSORNO,56966400751 56959299991,mawidaconsultores@gmail.com,TERCERA,25 / 21-02-2022
LOS LAGOS,INVERSIONES INTEGRALES E.I.R.L.,76.857.020-5,DINKO MARCEL HERNANDEZ MALDONADO PUDETO N° 573 ANCUD (65)2289983,,dhmasesorias@gmail.com,TERCERA,518 / 11-08-2022
LOS LAGOS,INMOBILIARIA MAGNUS SpA,77.541.967-9,"NANCY LEVIPANI RUIZ BERNARDO O'HIGGINS N° 485, OFICINA 403, EDIFICIO HORIZONTE OSORNO",56976500886,magnus.gim@gmail.com,TERCERA,623 / 14-09-2022
LOS LAGOS,CONSULTORIA Y ASISTENCIA TÉCNICA HOGARES SPA,77.575.952-6,"AGUSTINA LEIVA ROCA BERNARDO O´HIGGINS N° 774, DEPTO 774 OSORNO",(64)2678190 56974740138,entidadpatrocinantehogares@gmail.com,TERCERA,648 / 23-09-2022
LOS LAGOS,TÉRMICA AUSTRAL SPA,76.891.198-3,"ISABEL TOBAR RUTA V-505, KM 3,5 MÓDULO 34 Y 35, SECTOR LA VARA PUERTO MONTT",56965871609,contactopuertomontt@termicaaustral.cl,TERCERA,699 / 02-05-2024
LOS LAGOS,CONSULTORA PRO SUR SPA,77.571.769-6,"RAMÓN CLAVERÍA CARO MANUEL RODRIGUEZ N° 1081, OFICINA 14, TERCER PISO OSORNO",56972394352,egisprosur@gmail.com / contacto.ep.prosur@gmail.com,TERCERA,1151 / 05-07-2024
LOS LAGOS,ASESORIAS HABITACIONALES TU CASA LTDA,77.929.701-2,"ROBERTO SALAMANCA ANTONIO VARAS LT N-1, NUEVA BRAUNAU PUERTO VARAS",(65)2256330 56962800508,rrhh@ararat.cl,PRIMERA,1152 / 05-07-2024
LOS LAGOS,CONSULTORA PANGAL SPA.,77.738.226-8,"HERNÁN SAUTEREL BERNARDO O´HIGGINS N° 827, OF. 1, SEGUNDO PISO, OSORNO",,joaquinh.sauterel@gmail.com,TERCERA,463 / 25-03-2024
LOS LAGOS,PEWEN SUR GESTIONES SPA,77.757.269-5,"GINO ASTETE MANRÍQUEZ PROFESTA ISAIAS 1010, VILLA SANTISIMA TRINIDAD OSORNO",(64)2235008 56983829464,pewensur@gmail.com,TERCERA,550 / 09-04-2024
LOS LAGOS,MUNICIPALIDAD DE DALCAHUE,69.230.300-8,"FRANCISCA DIAZ OLMEDO MANUEL RODRIGUEZ N° 1081, OFICINA 14, TERCER PISO DALCAHUE (65)2442610",(65)2442611 56968221152,sociologa.vivienda@munidalcahue.cl / arquitecta.vivienda@munidalcahue.cl,ÚNICA,1696 / 30-09-2024
LOS LAGOS,SUBSIDIOS RURALES SpA.,77.982.557-4,"CLAUDIA SALINAS FRANCKEL BENAVENTE 405, EDIFICIO PUERTO NUEVO, OFICINA 504 PUERTO MONTT",56988798973,suralegr@gmail.com,TERCERA,1989 / 14-11-2024
LOS LAGOS,R Y R ASESORÍAS HABITACIONALES SpA,77.976.282-3,"VERONICA CAMPOS SILVA OHIGGINS N° 615, OFICINA 12 OSORNO",56945134412,asesoriashabitacionalesryr@gmail.com,TERCERA,2089 / 26-11-2024
LOS LAGOS,CONSULTORA HABITACIONAL RÍO MAULLÍN LIMITADA,77.953.001-9,"CARLOS OJEDA TOLEDO URMENETA N° 581, OFICINA 43 PUERTO MONTT",56993238457 56994393860,consultorariomaullin@gmail.com,TERCERA,2141 / 05-12-2024
LOS LAGOS,GESTIÓN INMOBILIARIA P&D SpA,78.002.259-0,"DAYANA SALDAÑA LOS CARRERAS N° 992, OFICINA 4 OSORNO",222830289 56978070954 56968391899,egispyd@gmail.com,TERCERA,190 / 07-02-2025
LOS LAGOS,MUNICIPALIDAD DE PUERTO MONTT,69.220.100-0,"EVELYN SANCHEZ QUILLOTA N° 175, 5 PISO PUERTO MONTT",(65)2261831 56984488661,evelyn.sanchez@puertomontt.cl,ÚNICA,137 / 12-02-2018
LOS LAGOS,CONSULTORA CHUYACA SpA,77.269.753-8,"CHRISTIAN FELIPE JARA VIVES MANUEL ANTONIO MATTA N° 595, OFICINA 12 OSORNO",(64)2232368 56995964438,contacto@consultorachuyaca.cl,TERCERA,658 / 27-10-2021
LOS LAGOS,ÑANKU SpA,78.002.765-7,"GLADYS QUIÑENAO ECHEGOYEN 1946, ALERCE SUR PUERTO MONTT",7562279016 983139514,contacto@entidadnanku.cl,TERCERA,326 / 17-03-2025
LOS LAGOS,TERRITORIOTEC SpA,77.977.194-6,"CAROLINA CORNELIO GUILLERMO QUILLOTA N° 175, OFICINA 1214 PUERTO MONTT",(65)2213961 56933988072,territoriotec@territoriotec.com / catalina@territoriotec.com,TERCERA,332 / 18-03-2025
LOS LAGOS,GESTIÓN INMOBILIARIA SURHABIT SpA,78.077.297-2,MELANNIE CASTRO FUENZALIDA DECHER N° 440 PUERTO VARAS,56941195934,proyectos@surhabit.com,TERCERA,638 / 25-04-2025
LOS LAGOS,CONSULTORA SUR HOGAR LTDA.,78.101.221-1,"ROSAMEL VERA SOLIS OHIGGINS N° 615, OFICINA 7A OSORNO",56998359897,consultorasurhogar@gmail.com,TERCERA,1289 / 07-08-2025
LOS LAGOS,DESARROLLADORA Y ASESORÍA INTEGRAL DE PROYECTOS ALEMI SpA,78.035.601-4,"CAMILA NEGRÓN RODRIGUEZ PROFETA ISAÍAS N° 1010, VILLA SANTISIMA TRINIDAD OSORNO",5622184609 56986383636,alemispa2@gmail.com,TERCERA,791 / 26-05-2025
LOS LAGOS,CONSULTORA EDIFIKA LIMITADA,77.900.551-8,"POLLY VERA VIDELA PABLO NERUDA N° 615, PRIMER PISO CASTRO",,finanzasedifika@gmail.com,TERCERA,931 / 10-06-2025
LOS LAGOS,DOMUS NOVA DESARROLLOS LIMITADA,78.134.351-K,MARÍA INES SANCHEZ MANUEL MONTT N° 563 OSORNO,5622612761 56956355468,domusnovaosorno@gmail.com,TERCERA,801 / 29-05-2025
LOS LAGOS,MUNICIPALIDAD DE CHONCHI,69.230.500-0,"MARIA INES COLICOY RIQUELME 11 DE SEPTIEMBRE N° 110, ESQUINA PEDRO AGUIRRE CERDA CHONCHI",(65)2672867 56942502793 56940079430,viviendachonchi@gmail.com,ÚNICA,790 / 20-04-2017
LOS LAGOS,MUNICIPALIDAD DE LOS MUERMOS,69.220.800-5,DEISSY EDUVINA VIDAL GALLEGOS ANTONIO VARAS N°498. LOS MUERMOS,652773946 56941354221,karenelgueta.arq@gmail.com / dvidal368@gmail.com,ÚNICA,1354 / 17-12-2018
LOS LAGOS,MUNICIPALIDAD DE ANCUD,69.230.100-5,MARIA CRISTINA CORBET BLANCO N°660. ANCUD,(65)2487306 56993239522,vivienda@muniancud.cl,ÚNICA,2513 / 28-11-2016
LOS LAGOS,MUNICIPALIDAD DE PUQUELDÓN,69.220.800-K,MARCO SEPULVEDA CARRERA S/N°. PUQUELDÓN,56932657496,vivienda@munipuqueldon.cl,ÚNICA,385 / 16-04-2019
LOS LAGOS,MUNICIPALIDAD DE PURRANQUE,69.210.500-1,LORENA GARNICA CALLE PEDRO MONTT N°249. PURRANQUE,(64)2351128 56978625957,epviviendapurranque@gmail.com / loregarnica@gmail.com,ÚNICA,720 / 18-07-2028
LOS LAGOS,GESTIÓN INMOBILIARIA LOS LAGOS SpA,76.580.281-4,"OSCAR SOTO VARGAS ANTONIO NIETO N° 12, VALLE VOLCANES PUERTO MONTT",(65)2358269 9954001781,info@iloslagos.cl / info@constructorakayros.cl / inmobiliarialoslagos.spa7@gmail.com,TERCERA,1855 / 30-08-2016
LOS LAGOS,MUNICIPALIDAD DE PUERTO VARAS,69.220.200-7,NATALY SCHADOW MUÑOZ SAN FRANCISCO N°441 PUERTO VARAS (65)2361131,(65)2361195 56983270457,evelyn.schadow@ptovaras.cl / vivienda@ptovaras.cl,ÚNICA,1151 / 25-05-2017
LOS LAGOS,MUNICIPALIDAD SAN JUAN DE LA COSTA,69.251.800-4,JOSÉ CAMPOS MANRIQUEZ AVDA. NORTE SUR S/N SAN JUAN DE LA COSTA,642551604 56961671197,jcampos@sanjuandelacosta.cl,ÚNICA,1873 / 31-08-2016
LOS LAGOS,MUNICIPALIDAD DE OSORNO,69.210.100-6,"LESLIE CRISTI CORDERO BILBAO N° 850, QUINTO PISO. OSORNO (64)2218735",,leslie.cristi@imo.cl,ÚNICA,1875 / 31-08-2016
LOS LAGOS,ASESORÍAS HABITACIONALES QUEMCHI LIMITADA,78.158.807-5,LUIS MACIAS DEMARCHI JHONSTONE S/N VILLA LOTE 5B QUEMCHI (65)2691376,56993088280 56994406444,asesoriasquemchi@gmail.com,TERCERA,1825 / 26-09-2025
LOS LAGOS,CONSULTORA REAP SpA.,77.780.541-k,"PATRICIA GUINEO CHACABUCO N° 258, SEGUNDO PISO CASTRO",930820880,consultorareapspa.castro@gmail.com,TERCERA,404 / 27-02-2026
LOS LAGOS,MAKTUB CONSULTORA SpA.,78.091.788-1,"TANIA LAVADO AVDA. FARELLONES NORTE N° 1740, JARDÍN DEL SOL OSORNO",964896636 552845443,maktubconsultora.spa@gmail.com,TERCERA,405 / 27-02-2026
LOS LAGOS,MUNICIPALIDAD DE FRUTILLAR,69.220.700-9,"EVELYN VARGAS WALTHER ALESSANDRI S/N°, EDIFICIO RECINTO ESTACIÓN FERROCARRILES FRUTILLAR",56944933527,viviendafrutillar@gmail.com / vivienda@munifrutillar.cl,ÚNICA,2095 / 27-09-2016
LOS LAGOS,MUNICIPALIDAD DE QUINCHAO,69.230.900-6,"FRNCISCO RUIZ URIBE AMUNATEGUI N° 18, ACHAO QUINCHAO",65-2661180 65- 2661178,viviendaquinchao@gmail.com,ÚNICA,1874 / 31-08-2016
LOS LAGOS,MUNICIPALIDAD DE CALBUCO,69.220.600-2,JACQUELINE VERA DÍAZ ARTURO PRAT N° 250 CALBUCO (65) 2462680,,vivienda@municipalidadcalbuco.cl,ÚNICA,1987 / 14-09-2017
LOS LAGOS,MUNICIPALIDAD DE PURRANQUE,69.210.500-1,LORENA GARNICA CALLE PEDRO MONTT N°249. PURRANQUE,(64) 2351128 978625957,epviviendapurranque@gmail.com / loregarnica@gmail.com,ÚNICA,720 / 18-07-2017
LOS RÍOS,I. MUNICIPALIDAD DE PAILLACO,69.200.900-2,CRISTIAN NAVARRETE QUEZADA VICUÑA MACKENNA N°340 PAILLACO,957795145,ep.mivivienda@munipaillaco.cl,ÚNICA,200 / 20-04-2023
LOS RÍOS,I. MUNICIPALIDAD DE VALDIVIA,69.200.100-1,CARLA ANDREA AMTMANN FECCI JOSE MARTI N° 05 VALDIVIA,63-2220459,viviendamunivaldivia@gmail.com,ÚNICA,26 / 30-01-2017
LOS RÍOS,I. MUNICIPALIDAD DE PANGUIPULLI,69.201.200-3,RODRIGO FERNANDO VALDIVIA ORIAS BERNARDO O¨HIGGINS N° 808 OF.1 PANGUIPULLI,63-2312463 942112513,rodrigo.valdivia@municipalidadpanguipulli.cl,ÚNICA,67 / 18-02-2021
LOS RÍOS,ENTIDAD PATROCINANTE NUEVO SENDERO S.P.A.,77.062.652-8,FRANCISCO JAVIER CASANOVA STREIT CAMINO ANGACHILLA LOTE D N° 2795 VALDIVIA,942956158,epanse.spa@gmail.com,TERCERA,379 / 08-08-2025
LOS RÍOS,ILUSTRE MUNICIPALIDAD DE FUTRONO,69.200.700-K,FERNANDO JAVIER FLÁNDEZ MONTECINOS GASTÓN GUARDA N° 3 FUTRONO,63-2482649 940477271,alcalde@munifutrono.cl,ÚNICA,402 / 28-09-2017
LOS RÍOS,ILUSTRE MUNICIPALIDAD DE RIO BUENO,69.201.000-0,CRISTIAN EDUARDO TENORIO HUENCHUAL CALLE COMERCIO N° 603 RIO BUENO,64 2340476 642- 340451,csilva@municipalidadrb.com,ÚNICA,339 / 22-08-2017
LOS RÍOS,ILUSTRE MUNICIPALIDAD DE MÁFIL,69.200.500-7,GONZALO LARA MARTINEZ BERNARDO O'HIGGINS N°256 MAFIL,63 2411746,glara@munimafil.cl,ÚNICA,685 / 12-12-2025
LOS RÍOS,GESTIÓN DE PROYECTOS CONSTRUYENDO CHILE LTDA.,76.073.866-2,JUAN GARCIA GOMEZ SIMPSON N° 501 VALDIVIA,63 2209785 974650492,jgconstruyendochile@gmail.com,PRIMERA,158 / 15-05-2017
LOS RÍOS,TERMICA AUSTRAL S.P.A.,76.891.198-3,ANDREA MONSALVE NAVARRETE GENERAL LAGOS N° 1100 VALDIVIA,632248900 965871593,termica.austral.valdivia@gmail.com,TERCERA,373 / 24-09-2019
LOS RÍOS,SERVICIOS DE ASISTENCIA TÉCNICA Y SOCIAL PARA PROYECTOS HABITACIONALES SURVIDA LTDA.,76.231.455-K,ERWIN SCHEEL ALIAGA PASEO LIBERTAD N° 491 OF. 405 VALDIVIA,63 2292325 956011316,areasocialvaldivia@survida.cl,SEGUNDA,439 / 12-09-2025
LOS RÍOS,ALTAGRACIA GESTIÓN INMOBILIARIA LIMITADA,77.849.832-4,KATHERINE MASSIEL SILVA SILVA CAMILO HENRIQUEZ N° 789 OF. 3 VALDIVIA,952661368,katherine@altagraciaep.cl,TERCERA,256 / 15-04-2024
LOS RÍOS,SUR INTEGRAL CONSULTORES LIMITADA,76.091.348-0,SERGIO MARDONES -ANGEL NAVARRETE VALPARAISO N° 345 CASA 1 LANCO,981872772,epsuritegral@gmail.com,TERCERA,600 / 03-10-2024
LOS RÍOS,GVS CONSULTORA SPA,77.922.349-3,"GIAN HUMBERTO CAPURRO BARNET O""HIGGINS N° 511 LANCO",977775161,gvsconsultoraspa@gmail.com,TERCERA,779 / 20-12-2024
LOS RÍOS,AINIL INGENIERIA CONSTRUCCION Y DESARROLLO INMOBILIARIO SPA,77.970.066-6,HÉCTOR DAVID CONTRERAS PERALTA CHACABUCO 545 A VALDIVIA,632205587,Ainil.ingenieria@gmail.com,SEGUNDA,765 / 19-12-2024
LOS RÍOS,TERMICA LOS RIOS SPA,77.207.774-2,ANDREA MONSALVE NAVARRETE GENERAL LAGOS N°1100 OF N° 2 VALDIVIA,965871593,termicalosrios.vadivia@gmail.co,TERCERA,156 / 10-04-2025
LOS RÍOS,GESTION DE VIVIENDAS SUR SPA,77.954.289-0,FRANCISCO JAVIER FIGUEROA RODRÍGUEZ MANUEL MONTT N°1153 VALDIVIA,983072655,fco.arellanomaldonado@gmail.com / farellano@gvsur.cl / contacto@gvsur.cl,TERCERA,159 / 10-04-2025
LOS RÍOS,ASESORIA Y GESTION INMOBILIARIA CAROLA LISETTE ORTIZ MOLINA E.I.R.L.,78.036.218-9,CAROLA LIESETTE ORTIZ MOLINA BALMACEDA 991 PAILLACO,632273122,viviendasonada2@gmail.com,TERCERA,288 / 27-06-2025
LOS RÍOS,ANTU-KUYEN GESTIÓN INMOBILIARIA LTDA.,78.064.135-5,"MARIELA RUIZ FUENTES RENGO 163, VILLA RIBERAS DEL CALLE CALLE VALDIVIA",222755553 952307137,epantukuyen@gmail.com,TERCERA,287 / 27-06-2025
LOS RÍOS,ILUSTRE MUNICIPALIDAD DE LA UNION,69.200.800-6,MARIA OYARZUN LÓPEZ ARTURO PRATT N°680 LA UNIÓN,642527104,alcaldia@munilaunion.cl,ÚNICA,378 / 08-08-2025
LOS RÍOS,ALIWEN PROYECTOS HABITACIONALES LTDA.,77.334.736-0,YENIFER POVEDA MEZA AV. SIMPSON N° 218 VALDIVIA,974952471,yeniferppm@hotmail.com,SEGUNDA,406 / 26-08-2025
AYSEN,ARQUITECTURA SOCIAL Y CONSULTORA REAP SPA,77.780.541-K,RICARDO MANSILLA CERÓN DUSSEN N°340 OFICINA 4 COYHAIQUE COYHAIQUE,966327857,consultorareapspa@gmail.com,TERCERA,403 / 20-09-2023
AYSEN,CONSULTORA CAMILA TELLEZ MILLAQUEN E.I.R.L.,76.760.657-5,CAMILA TELLEZ FRANCISCO BILBAO N°411 COYHAIQUE,959315616,consultoravalenza@gmail.com,TERCERA,504 / 07-12-2017
AYSEN,CONSULTORA MARIA NELLY VILLEGAS HERMOSILLA EIRL,77.843.674-4,MARÍA NELLY VILLEGAS HERMOSILLA BLEST GANA N°22 CHILE CHICO CHILE CHICO,957640888,proyectachilechico@gmail.com,TERCERA,31 / 08-02-2024
AYSEN,CONSULTORA NORTE Y SUR LIMITADA,77.016.035-9,GONZALO PADILLA DE LA ROSA GENERAL PARRA Nº 348 COYHAIQUE COYHAIQUE,930901938,consultoranorteysur@gmail.com,TERCERA,160 / 01-07-2019
AYSEN,CONSULTORA SOCIAL CERRO NEVADO LIMITADA,77.691.247-6,NASIM LAIBE DUARTE CERECEDA N°564 AYSEN,948570335,nasim.laibe.d@gmail.com,TERCERA,30 / 08-02-2024
AYSEN,CONSULTORA Y ASESORÍA TERRA SUR SPA,77.903.772-K,"MARCIA BARRIENTOS ALARCÓN DUSSEN N°340 OFICINA 6, COYHAIQUE COYHAIQUE",975323417,consultorayasesoriaterrasur@gmail.com,TERCERA,337 / 02-09-2024
AYSEN,EDUARDO MOISES ROSAS VALDOVINO,7.297.971-0,EDUARDO MOISES ROSAS VALDOVINO RAMON FREIRE Nº 44 COYHAIQUE,982092175,ercoyha@gmail.com,TERCERA,145 / 14-04-2019
AYSEN,ENTIDAD DE GESTION INMOBILIARIA Y SOCIAL DALCO LIMITADA,76.068.302-7,CARINA PONCE ANABALÓN KM 3 CAMINO A AERODROMO TENIENTE VIDAL SECTOR EL CLARO COYHAIQUE,672223200,jessica.smoje@epegisdalco.cl,PRIMERA,255 / 10-09-2020
AYSEN,I. MUNICIPALIDAD DE COYHAIQUE,69.240.300-2,NATALIA JARA FCO. BILBAO N°357 COYHAIQUE COYHAIQUE,672675100,mariaandrade@coyhaique.cl,ÚNICA,19 / 16-05-2019
AYSEN,I. MUNICIPALIDAD DE O´HIGGINS,69.253.500-6,MAURICIO ESPINOZA CAMPOS LAGO CRISTHIE N° 121 OHIGGINS,672431866,m.espinoza@municipalidadohiggins.cl,ÚNICA,613 / 23-11-2016
AYSEN,I. MUNICIPALIDAD DE TORTEL,69.253.400-K,CRISTIAN SAGREDO PALMA SECTOR BASE S/N° CALETA TORTEL TORTEL,672217345 967574607,secplan@tortel.cl,ÚNICA,450 / 14-09-2022
AYSEN,MARCO FIERRO ARIAS ARQUITECTUTARA CONSTRUCCION Y PLANIFICACION EIRL,76.166.232-5,"MARCO FIERRO ARIAS 21 DE MAYO, 466, OFICINA 307, COYHAIQUE COYHAIQUE",988069218,marco.fierroarias@gmail.com,TERCERA,308 / 02-11-2020
AYSEN,RAÚL URIBE PÉREZ,18.103.338-K,RAUL URIBE PÉREZ ALMIRANTE SIMPSON N°2666 COYHAIQUE,967658661,proyectos.rauluribe@gmail.com,SEGUNDA,164 / 08-05-2024
AYSEN,CONSULTORA VITEO SPA,77.770.069-3,ALEJANDRA GARAY ALARCON CAGUALES N°28 KM 57 COYHAIQUE- AYSEN COYHAIQUE,938685841,agaray@viteo.cl,TERCERA,353 / 23-08-2023
AYSEN,TÉRMICA AUSTRAL S.P.A.,76.891.198-3,ANDREA MONSALVE NAVARRETE LILLO Nº 171 COYHAIQUE,984090580 965871539,contacto@termicaaustral.cl,TERCERA,246 / 28-08-2018
AYSEN,TERMICA AYSÉN SPA,77.858.382-8,ANDREA MONSALVE NAVARRETE ERRAZURIZ N°2856 OF 1 Y 2 COYHAIQUE,672528353,termica.aysen@gmail.com,TERCERA,162 / 08-05-2024
AYSEN,TERMICA LOS RIOS SPA,77.207.774-2,"ANDREA MONSALVE NAVARRETE E. LILLO N°171, OF. 1 COYHAIQUE",984090580,termicalosrios.ep@gmail.com,TERCERA,277 / 09-10-2020
AYSEN,CONSULTORA CRUZ DEL SUR SPA,77.757.533-3,ANDREA CARRANZA HIDALGO ARAUCO N°734 COYHAIQUE,964317189,cruzdelsur.consultorias@gmail.com,TERCERA,371 / 29-08-2023
AYSEN,NATALIA ANDREA MIRANDA VAN DEN BOSCH,14.474.324-5,NATALIA ANDREA MIRANDA VAN DEN BOSCH EUSEBIO LILLO 171 OFICINA 2 COYHAIQUE COYHAIQUE,954183904,bioarquiart@gmail.com,TERCERA,276 / 08-10-2021
AYSEN,I. MUNICIPALIDAD DE AYSEN,69.240.100-K,CAROLINA CIFUENTES CADAGAN ESMERALDA N°607 AYSEN,,c.cifuentes@puertoaysen.cl,ÚNICA,130 / 19-04-2016
AYSEN,SOCIEDAD DE CONSULTORIA SOCIAL CAPACITACION Y ESTUDIOS LTDA,76.032.765-4,ROSAMEL VERA SOLÍS RAMÓN FREIRE N°6 COYHAIQUE,998359897,rosamelverasolis@gmail.com,TERCERA,353 / 08-08-2016
AYSEN,SUBSIDIOS PATAGONIA SPA,77.233.892-9,MARIO VIDAL CARRERA 82 COYHAIQUE COYHAIQUE,950617385,mariovidalvicencio@gmail.com,TERCERA,29 / 25-01-2021
AYSEN,CONSULTORA PATAGONIA JONATAN DUNIC MUÑOZ E.I.R.L.,77.281.444-5,JONATAN DUNIC MUÑOZ CHINDO VERA N°449 PUERTO AYSEN AYSEN,938827875,jonatandunic@gmail.com,TERCERA,133 / 20-04-2021
AYSEN,AYR PATAGONIA LTDA,77.424.539-1,MARGARITA REYES CALLE 2 N°804 INTERIOR VALLE SIMPSSON COYHAIQUE,969001588,ayrpatagonia@gmail.com,TERCERA,185 / 23-03-2022
AYSEN,DISEÑOS Y PROYECTOS RECSOJO SPA,76.735.359-6,DANISA REGONECEVES C. BAQUEDANO 1178 OF 7 COYHAIQUE,983598191 995839513,rec.sojo@gmail.com,TERCERA,446 / 05-10-2017
AYSEN,MUCINOZ SPA,76.981.241-5,PAOLA ASTUDILLO VÁSQUEZ GALVARINO N° 1669 COYHAIQUE COYHAIQUE,994932386,epmucinoz@gmail.com,TERCERA,97 / 05-04-2019
AYSEN,INMOBILIARIA BELLAVISTA AYSÉN LTDA,77.164.343-4,VALESKA CATALÁN MANSILLA SIMÓN BOLIVAR N°135 COYHAIQUE,672573400,valecatalan@gmail.com,TERCERA,240 / 02-09-2020
AYSEN,AES CONSULTORES LIMITADA,76.359.470-K,ALEJANDRO CORNEJO BARRALES DUSSEN N°135B COYHAIQUE aesconsultores.a @gmail.com,672246017,,PRIMERA,436 / 22-11-2021
AYSEN,MARIA JOSE GONZALEZ NAVARRETE,8.707.277-0,FERNANDA MERCADO ARTURO PRAT 637 SEGUNDO PISO OF. 3 COYHAIQUE COYHAIQUE,991624358,psat.mjgonzalez@gmail.com,TERCERA,196 / 25-05-2018
AYSEN,PARALELO 45 SUR SPA,77.300.962-7,MARIA JOSÉ GONZALEZ NAVARRETE LORD COCHRANE N°566 COYHAIQUE,991624358,mjgonzalezarq@gmail.com,TERCERA,336 / 01-09-2024
AYSEN,I. MUNICIPALIDAD DE RÍO IBAÑEZ,69.253.100-0,"GABRIELA RODRIGUEZ CID AV. GENERAL CARRERA LOCAL 1, PASEO COMERCIAL, PUERTO IBAÑEZ RÍO IBAÑEZ",672423367,vivienda@rioibanez.cl,ÚNICA,631 / 03-12-2015
AYSEN,CONSULTORA DE ARQUITECTURA YASNA LEIVA EIRL,76.147.417-0,"YASNA LEIVA FICA RAMON FREIRE N°1013 OF. 4,5 Y 6 COYHAIQUE",981376676,yasnaleivafica@gmail.com,TERCERA,688 / 15-12-2016
AYSEN,HARDY CADAGAN DURAN,10.983.146-8,"HARDY CADAGAN DURAN FRANCISCO BILBAO, 323, OFICINA 218, COYHAIQUE COYHAIQUE",994788183,hardy_arquitecto@hotmail.com,TERCERA,644 / 23-11-2016
AYSEN,JAVIER IGNACIO CASTILLO RETAMAL,10.731.045-2,JAVIER CASTILLO RETAMAL RUTA X-896 KM 1 COCHRANE,977749364,patagoniarq@hotmail.com,TERCERA,45 / 03-02-2026
AYSEN,CONSULTORA GESTIÓN AUSTRAL SPA,78.191.213-1,"ESTEBAN CURIQUEO CARIQUEO AEROPUERTO ESQ. LEUCAYEC S/N°, MELINKA GUAITECAS",967541421,consultoragestionaustral@gmail.com,TERCERA,81 / 27-02-2026
AYSEN,TIERRAVERDE SPA,78.146.733-2,"PAMELA FLORES MORA MONREAL N° 329, COYHAIQUE COYHAIQUE",976190641,papfmo@gmail.com,TERCERA,296 / 01-08-2025
MAGALLANES,JOSÉ LUIS CÁRDENAS CÁRCAMO,16.439.893-5,JOSÉ LUIS CÁRDENAS CÁRCAMO CALLE CARLOS CONDELL N°1428. NATALES,61 2 413313 9 85101637,jl.cardenas.carcamo@gmail.com,TERCERA,12 / 05-01-2018
MAGALLANES,PAMELA ANDREA IRARRÁZABAL HERNÁNDEZ,13.741.270-5,"PAMELA ANDREA IRARRÁZABAL HERNÁNDEZ CALLE LAUTARO NAVARRO N°490, 2°PISO OFICINA E. PUNTA ARENAS",9 50254163,pamela.irarrazabal@gmail.com,TERCERA,407 / 31-05-2017
MAGALLANES,MANUEL ANDRÉS ABARZA GONZÁLEZ,10.621.773-4,MANUEL ANDRÉS ABARZA GONZÁLEZ CALLE GABRIELA MISTRAL N°165. PUNTA ARENAS,61 2 223169 9 99917460,abarzamanuel@gmail.com,TERCERA,421 / 07-08-2018
MAGALLANES,JORGE ANDRÉS FRESARD HERNÁNDEZ,8.519.510-7,"JORGE ANDRÉS FRESARD HERNÁNDEZ CALLE GOBERNADOR CARLOS BORIES Nª426, PISO 3. PUNTA ARENAS",61 2 245230,jfhpsat@gmail.com,TERCERA,528 / 14-09-2018
MAGALLANES,PAZ SOLEDAD OYARZÚN MUÑOZ,9.656.117-2,PAZ SOLEDAD OYARZÚN MUÑOZ CALLE BAQUEDANO N°799. NATALES,9 92181926,poyarzun9@gmail.com,TERCERA,485 / 16-09-2019
MAGALLANES,INMOBILIARIA SALFA AUSTRAL LIMITADA,96.610.790-1,"PAOLA ROMO JARA CALLE ENRIQUE ABELLO N°01476, PUNTA ARENAS. PUNTA ARENAS",56 2 29021558 56 2 29021559,promo@salfaustral.cl,PRIMERA,39 / 12-01-2017
MAGALLANES,GESTIONES ARQUITECTURA MAGALLANES LIMITADA,76.160.508-9,JUAN CARLOS FAURÉ NAVARRO CALLE BOLIVIANA N°532. PUNTA ARENAS,61 2348087,jcfaure@gmail.com,SEGUNDA,388 / 20-07-2018
MAGALLANES,INMOBILIARIA EBCO - OMCORP S.A.,76.753.220-2,VIVIANA TRIVIÑO CHIGUAY PASAJE MAPUCHE N°440. PUNTA ARENAS,9 7227 7901,contacto-ds49@ebco-omcorp.cl,PRIMERA,515 / 30-12-2020
MAGALLANES,RETAMAL Y OYARZÚN SOCIEDAD DE RESPONSABILIDAD LIMITADA,77.152.586-5,CESAR RETAMAL MUÑOZ CALLE MANANTIALES N°0327. PUNTA ARENAS,9 77065890,retamal.c@gmail.com,SEGUNDA,398 / 20-10-2020
MAGALLANES,JUAN PABLO JAINAGA MALLAGARAY,8.071.473-K,JUAN PABLO JAINAGA MALLAGARAY CALLE MANANTIALES N°0327. PUNTA ARENAS,61 2251639,arq.jainaga@gmail.com,TERCERA,444 / 24-11-2023
MAGALLANES,SOCIEDAD DE PROFESIONALES IRARRÁZABAL & VIDAL LIMITADA,77.811.927-7,"PAMELA ANDREA IRARRÁZABAL HERNÁNDEZ CALLE LAUTARO NAVARRO N°495, 2°PISO OFICINA 11. PUNTA ARENAS",9 50254163,pamela.irarrazabal@gmail.com,SEGUNDA,467 / 07-12-2023
MAGALLANES,CONSTRUCTORA SEPHER LIMITADA.,76.543.596-K,"CATALINA HERNÁNDEZ FARÍAS. JORGE LAGOS N°043, GOBERNADOR VIEL. PUNTA ARENAS",9 34849182,contacto@psatsepher.cl,TERCERA,312 / 14-08-2024
MAGALLANES,GVS CONSULTORA SpA.,77.922.349-3,JUAN ANDRES BEYER PEÑA CALLE JUAN WILLIAMS N°07250. PUNTA ARENAS,9 67463963,gvsconsultoraspa@gmail.com,TERCERA,96 / 25-03-2025
MAGALLANES,ILUSTRE MUNICIPALIDAD DE PUNTA ARENAS,69.250.200-0,PAMELA CARES BARRIENTOS CALLE PLAZA MUÑOZ GAMERO N° 745 3ER. PISO. PUNTA ARENAS,61 2 200348,entidadpatrocinante@e-puntaarenas.cl,ÚNICA,13 / 05-01-2018
MAGALLANES,ILUSTRE MUNICIPALIDAD DE PRIMAVERA,69.251.300-2,"PATRICIO TRIVIÑO MACÍAS CALLE PRAT 191, CERRO SOMBRERO. PRIMAVERA",61 2 345112,dom@muniprimavera.cl,ÚNICA,428 / 09-06-2017
MAGALLANES,ILUSTRE MUNICIPALIDAD DE PORVENIR,69.250.300-7,DANIELA ROSAS RIVEROS CALLE PADRE MARIO ZAVATTARO N°434. PORVENIR,61 2 580145,drosas@muniporvenir.cl,ÚNICA,949 / 17-11-2017
MAGALLANES,ILUSTRE MUNICIPALIDAD DE CABO DE HORNOS,69.254.400-5,JOHANNA CÁRDENAS VARGAS CALLE BERNARDO O´HIGGINS N°189. CABO DE HORNOS,61 2621011,asistentesocial@imcabodehornos.cl,ÚNICA,462 / 29-08-2018
MAGALLANES,ILUSTRE MUNICIPALIDAD DE NATALES,69.250.200-1,SANDRA DE LOURDES ANDRADE VIDAL CALLE ESMERALDA N°1649. NATALES,61 2 411859,patrocinante.sandrade@muninatales.cl,ÚNICA,185 / 10-03-2017
MAGALLANES,ILUSTRE MUNICIPALIDAD DE TORRES DEL PAINE,69.251.700-8,"PAOLA VALDERAS TORRES AV. BERNARDO O'HIGGINS N° 208, VILLA CERRO CASTILLO. TORRES DE PAINE",61 2 411411,social@torresdelpayne.cl / secplan@munitorresdelpaine.cl,ÚNICA,700 / 11-12-2018
